duration,protocol_type,src_port,dst_port,packet_count,packet_size,bytes_per_sec,packets_per_sec,flow_bytes,num_conn,conn_duration,failed_conn,is_anomaly,attack_type
1.248,TCP,6175,8443,37,839.0,24874.2,29.65,31043.0,12,0.95,0,0,Normal
3.292,UDP,41080,22,11,728.05,2432.73,3.34,8008.55,12,4.42,0,0,Normal
0.669,UDP,60611,3000,30,307.2,13775.78,44.84,9216.0,4,2.0,0,0,Normal
1.187,TCP,57867,22,42,163.77,5794.73,35.38,6878.34,10,5.04,0,0,Normal
0.381,UDP,54062,53,32,654.9,55004.72,83.99,20956.8,2,1.06,0,0,Normal
0.05,HTTP,8009,8443,44,346.13,304594.4,880.0,15229.72,4,0.23,0,0,Normal
1.4,UDP,29344,8443,39,989.66,27569.1,27.86,38596.74,1,4.31,0,0,Normal
1.911,TCP,8752,3000,41,652.21,13992.99,21.45,26740.61,4,0.33,0,0,Normal
0.01,HTTP,31246,53,25,40.0,20000.0,500.0,1000.0,7,1.06,0,0,Normal
0.126,UDP,1225,8443,59,480.16,224836.83,468.25,28329.44,4,0.38,0,0,Normal
0.237,DNS,48752,3000,64,538.24,145347.51,270.04,34447.36,4,0.1,0,0,Normal
0.984,UDP,3607,25,19,559.42,10801.81,19.31,10628.98,13,0.08,0,0,Normal
0.045,TCP,5492,53,22,530.23,233301.2,440.0,11665.06,7,4.64,0,0,Normal
1.358,TCP,14572,25,13,1211.26,11595.27,9.57,15746.38,11,0.19,0,0,Normal
1.051,TCP,46960,8443,39,322.96,11984.24,37.11,12595.44,13,0.39,0,0,Normal
1.695,TCP,22140,8080,27872,63.24,1039896.92,16443.66,1762625.28,268,0.36,80,1,DoS
2.278,UDP,42695,8443,35,540.53,8304.89,15.36,18918.55,9,0.41,0,0,Normal
0.357,TCP,40223,8080,16219,60.99,2770859.41,45431.37,989196.81,252,0.41,76,1,DoS
3.549,DNS,20898,25,34,357.82,3427.97,9.58,12165.88,8,1.77,0,0,Normal
2.483,UDP,18641,8443,48,615.29,11894.45,19.33,29533.92,4,0.34,0,0,Normal
1.715,HTTP,14496,8443,23,321.43,4310.72,13.41,7392.89,11,3.53,0,0,Normal
0.545,TCP,6868,25,36,502.7,33205.87,66.06,18097.2,15,5.11,0,0,Normal
1.779,TCP,22128,443,18,452.03,4573.66,10.12,8136.54,2,1.17,0,0,Normal
0.07,TCP,35791,80,15,40.0,8571.43,214.29,600.0,10,2.13,0,0,Normal
4.861,TCP,5773,6667,5452,698.73,783681.54,1121.58,3809475.96,178,1.79,40,1,Botnet
2.227,TCP,47395,53,26,697.14,8139.04,11.67,18125.64,13,0.55,0,0,Normal
1.502,TCP,60315,80,22177,97.94,1446082.14,14764.98,2172015.38,794,0.38,296,1,DDoS
0.288,HTTP,33982,8443,64,555.32,123404.44,222.22,35540.48,3,1.95,0,0,Normal
5.047,TCP,33538,22,1212,170.51,40946.72,240.14,206658.12,47,3.99,118,1,Brute Force
0.884,DNS,55734,80,29,598.06,19619.62,32.81,17343.74,13,0.05,0,0,Normal
0.199,TCP,33837,8080,59,448.07,132844.87,296.48,26436.13,8,0.94,0,0,Normal
1.743,TCP,63118,25,48,827.42,22786.09,27.54,39716.16,14,5.94,0,0,Normal
2.944,HTTP,3674,443,3112,518.05,547612.64,1057.07,1612171.6,109,1.19,39,1,Botnet
3.006,TCP,62381,6667,6292,683.89,1431482.33,2093.15,4303035.88,81,0.82,39,1,Botnet
1.655,TCP,42318,25,73,509.97,22494.15,44.11,37227.81,9,2.32,0,0,Normal
0.402,UDP,24728,25,31,658.24,50759.8,77.11,20405.44,11,0.83,0,0,Normal
1.953,ICMP,38679,80,9155,47.54,222851.36,4687.66,435228.7,187,0.18,213,1,DoS
0.084,TCP,15927,8080,3666,47.56,2075654.29,43642.86,174354.96,591,0.12,325,1,Port Scan
1.118,HTTP,9203,8080,707,3021.95,1911018.47,632.38,2136518.65,37,0.95,15,1,Web Attack
0.377,TCP,14987,80,66,269.78,47229.39,175.07,17805.48,12,0.05,0,0,Normal
1.762,TCP,19086,443,6503,70.45,260009.28,3690.69,458136.35,279,0.26,99,1,DoS
3.452,UDP,13625,80,46849,17.36,235602.16,13571.55,813298.64,635,0.36,146,1,DDoS
2.164,UDP,7997,25,18,408.43,3397.29,8.32,7351.74,14,2.23,0,0,Normal
1.237,TCP,62186,8080,96,61.98,4810.09,77.61,5950.08,15,1.22,0,0,Normal
1.551,UDP,32114,53,29,317.96,5945.09,18.7,9220.84,4,0.12,0,0,Normal
0.326,TCP,63807,80,54485,97.4,16278647.24,167131.9,5306839.0,284,0.43,434,1,DDoS
0.574,TCP,37587,123,41855,121.64,8869759.93,72918.12,5091242.2,358,0.29,283,1,DDoS
7.353,TCP,51125,3306,4520,193.47,118928.93,614.72,874484.4,133,3.26,45,1,Brute Force
0.201,TCP,51577,8080,36,561.67,100597.61,179.1,20220.12,12,2.4,0,0,Normal
3.754,ICMP,24288,25,38,796.49,8062.5,10.12,30266.62,14,3.73,0,0,Normal
2.843,TCP,14007,23,2359,127.08,105445.56,829.76,299781.72,109,3.48,69,1,Brute Force
6.13,TCP,46321,3389,888,224.65,32543.1,144.86,199489.2,130,2.32,70,1,Brute Force
1.648,TCP,44622,443,30,314.65,5727.85,18.2,9439.5,8,0.09,1,0,Normal
0.091,TCP,48633,25,10,441.55,48521.98,109.89,4415.5,4,0.34,1,0,Normal
0.752,UDP,33023,443,42,40.0,2234.04,55.85,1680.0,10,2.18,0,0,Normal
0.429,DNS,61437,53,23,560.45,30047.44,53.61,12890.35,6,0.66,0,0,Normal
1.834,TCP,6888,22,28,40.0,610.69,15.27,1120.0,3,2.45,0,0,Normal
0.969,UDP,11316,22,18,432.71,8037.96,18.58,7788.78,3,0.05,0,0,Normal
1.204,TCP,32292,3000,33,526.58,14432.84,27.41,17377.14,12,0.39,0,0,Normal
1.805,UDP,34362,53,52,360.8,10394.24,28.81,18761.6,1,0.61,0,0,Normal
2.276,HTTP,23806,25,34,594.48,8880.63,14.94,20212.32,12,0.51,0,0,Normal
0.548,TCP,8791,21,1555,40.32,114411.68,2837.59,62697.6,292,0.1,278,1,Port Scan
0.83,TCP,3031,80,3633,41.75,182744.28,4377.11,151677.75,561,0.14,402,1,Port Scan
0.409,UDP,35898,53,28441,180.82,12573842.59,69537.9,5142701.62,897,0.31,348,1,DDoS
0.494,TCP,42144,53,30,651.01,39535.02,60.73,19530.3,13,3.04,0,0,Normal
0.153,UDP,8985,53,40,648.5,169542.48,261.44,25940.0,4,2.96,0,0,Normal
0.513,TCP,46337,443,29930,55.82,3256710.72,58343.08,1670692.6,255,0.3,166,1,DoS
0.519,ICMP,37677,443,72,288.27,39991.21,138.73,20755.44,14,1.36,0,0,Normal
1.489,ICMP,25243,8080,10185,70.82,484420.21,6840.16,721301.7,105,0.49,123,1,DoS
1.648,TCP,28983,3306,3572,68.61,148710.51,2167.48,245074.92,53,1.03,84,1,Brute Force
1.299,HTTP,60578,3000,31,219.09,5228.48,23.86,6791.79,7,2.62,2,0,Normal
0.404,TCP,61215,3000,27,664.42,44404.31,66.83,17939.34,6,0.05,0,0,Normal
0.133,TCP,50541,53,33,260.41,64613.01,248.12,8593.53,11,3.03,0,0,Normal
0.968,TCP,27568,80,20,149.75,3094.01,20.66,2995.0,6,2.29,0,0,Normal
1.26,TCP,37206,3000,67,518.71,27582.2,53.17,34753.57,3,0.1,0,0,Normal
1.189,HTTP,5931,8080,11,299.47,2770.54,9.25,3294.17,5,4.37,0,0,Normal
1.107,TCP,37113,3000,25,396.96,8964.77,22.58,9924.0,1,4.5,0,0,Normal
0.262,UDP,18358,443,39,248.92,37052.98,148.85,9707.88,6,2.7,0,0,Normal
2.254,UDP,23943,443,67,541.73,16102.89,29.72,36295.91,2,10.45,0,0,Normal
1.468,UDP,28842,443,20896,81.28,1156966.54,14234.33,1698426.88,836,0.75,187,1,DDoS
0.495,TCP,7515,80,16525,62.9,2099843.43,33383.84,1039422.5,278,0.28,171,1,DoS
5.573,UDP,9421,8080,19,637.25,2172.57,3.41,12107.75,10,1.88,1,0,Normal
0.888,TCP,60684,3389,3799,43.13,184516.75,4278.15,163850.87,521,0.11,442,1,Port Scan
1.017,HTTP,48649,22,81,609.06,48509.2,79.65,49333.86,7,0.8,0,0,Normal
0.088,TCP,18096,8443,32,702.43,255429.09,363.64,22477.76,4,1.17,0,0,Normal
0.656,HTTP,15208,3000,13,430.86,8538.38,19.82,5601.18,14,0.55,0,0,Normal
0.569,TCP,35271,8443,18,569.64,18020.25,31.63,10253.52,9,0.44,0,0,Normal
0.198,TCP,15162,80,8,403.85,16317.17,40.4,3230.8,15,1.66,0,0,Normal
0.756,HTTP,48354,9001,4376,825.72,4779564.44,5788.36,3613350.72,106,0.63,39,1,Botnet
1.901,UDP,46361,443,39095,60.41,1242361.36,20565.49,2361728.95,878,0.69,357,1,DDoS
0.605,TCP,29754,3389,1619,56.9,152266.28,2676.03,92121.1,353,0.04,491,1,Port Scan
1.192,HTTP,20359,8080,23,553.84,10686.51,19.3,12738.32,10,3.07,0,0,Normal
0.031,TCP,24674,53,14,783.92,219497.6,280.0,10974.88,5,0.07,0,0,Normal
1.744,HTTP,20982,8443,18,464.54,4794.56,10.32,8361.72,12,0.3,2,0,Normal
0.01,TCP,63186,53,20,1072.38,428952.0,400.0,21447.6,11,7.92,0,0,Normal
4.265,TCP,49869,3389,3028,219.22,155638.49,709.96,663798.16,69,2.75,115,1,Brute Force
1.672,UDP,53469,8080,21,861.03,10814.37,12.56,18081.63,9,1.12,0,0,Normal
0.774,TCP,15679,80,29388,66.06,2508231.63,37968.99,1941371.28,207,0.23,148,1,DoS
1.774,TCP,43305,8080,54,530.54,16149.47,30.44,28649.16,6,1.72,0,0,Normal
0.102,HTTP,27656,53,13,198.13,25251.86,127.45,2575.69,15,7.36,1,0,Normal
0.3,TCP,7428,3000,32,436.53,46563.2,106.67,13968.96,2,4.14,0,0,Normal
1.789,TCP,2198,80,21,664.06,7795.0,11.74,13945.26,7,2.91,0,0,Normal
1.283,TCP,40773,443,70,472.57,25783.24,54.56,33079.9,7,0.86,0,0,Normal
0.81,TCP,22946,143,3438,43.02,182596.0,4244.44,147902.76,321,0.05,486,1,Port Scan
1.176,UDP,18165,8080,38,427.09,13800.53,32.31,16229.42,12,3.13,0,0,Normal
0.323,DNS,25097,8080,7,613.54,13296.53,21.67,4294.78,1,1.41,0,0,Normal
0.172,TCP,8777,80,51,275.34,81641.51,296.51,14042.34,11,6.96,0,0,Normal
0.241,TCP,61790,3000,39,432.45,69981.54,161.83,16865.55,7,2.93,0,0,Normal
6.154,TCP,52063,21,3495,214.28,121694.61,567.92,748908.6,68,3.73,108,1,Brute Force
0.258,HTTP,22976,25,30,604.39,70277.91,116.28,18131.7,5,0.82,0,0,Normal
0.351,UDP,12693,8443,9,772.5,19807.69,25.64,6952.5,6,1.33,0,0,Normal
0.488,TCP,53417,3000,22,328.87,14826.11,45.08,7235.14,6,1.54,0,0,Normal
0.756,TCP,8962,21,3900,48.67,251075.4,5158.73,189813.0,567,0.06,159,1,Port Scan
1.885,TCP,1107,80,63,840.17,28079.95,33.42,52930.71,7,0.88,0,0,Normal
1.837,UDP,18828,8080,38,1079.2,22324.22,20.69,41009.6,10,9.59,0,0,Normal
1.186,UDP,43309,443,8140,56.84,390116.02,6863.41,462677.6,276,0.1,86,1,DoS
0.438,UDP,13388,53,36,284.24,23362.19,82.19,10232.64,4,2.83,0,0,Normal
0.18,HTTP,58717,80,32,486.97,86572.44,177.78,15583.04,10,0.13,0,0,Normal
2.421,UDP,42665,3000,12,1050.43,5206.59,4.96,12605.16,15,1.67,0,0,Normal
2.196,HTTP,39261,3000,87,308.7,12229.92,39.62,26856.9,2,2.06,0,0,Normal
1.637,HTTP,43190,25,60,502.82,18429.57,36.65,30169.2,8,0.43,0,0,Normal
0.533,UDP,51797,3000,32,45.67,2741.91,60.04,1461.44,15,2.09,0,0,Normal
3.342,DNS,50073,8088,6573,591.81,1163963.83,1966.79,3889967.13,103,1.49,19,1,Botnet
0.166,HTTP,39029,3000,39,633.61,148860.18,234.94,24710.79,14,2.0,0,0,Normal
0.93,HTTP,57188,443,22,759.43,17965.01,23.66,16707.46,2,2.76,0,0,Normal
2.709,TCP,55862,3306,1595,214.68,126398.89,588.78,342414.6,51,3.53,43,1,Brute Force
0.833,HTTP,21282,22,28,656.39,22063.53,33.61,18378.92,9,0.98,0,0,Normal
1.573,TCP,27669,6667,4417,524.28,1472183.57,2808.01,2315744.76,67,0.7,6,1,Botnet
2.904,HTTP,52645,22,47,737.48,11935.8,16.18,34661.56,12,6.16,0,0,Normal
3.219,UDP,57443,80,4,1067.56,1326.57,1.24,4270.24,8,1.63,0,0,Normal
0.17,TCP,52246,445,2040,55.59,667080.0,12000.0,113403.6,187,0.02,286,1,Port Scan
0.239,UDP,51436,53,45,89.06,16768.62,188.28,4007.7,11,2.08,0,0,Normal
0.977,TCP,47660,8443,59,613.05,37021.44,60.39,36169.95,7,1.66,0,0,Normal
0.366,ICMP,33064,80,44,327.31,39348.74,120.22,14401.64,8,0.56,0,0,Normal
2.321,UDP,6440,443,18314,173.23,1366882.47,7890.56,3172534.22,807,0.23,335,1,DDoS
2.181,UDP,39718,53,36701,104.49,1758316.13,16827.6,3834887.49,369,0.11,387,1,DDoS
0.415,TCP,4066,25,2960,59.79,426453.98,7132.53,176978.4,581,0.13,223,1,Port Scan
1.704,UDP,58007,80,27109,56.74,902678.79,15909.04,1538164.66,348,0.45,184,1,DoS
0.502,TCP,12764,53,32,360.12,22955.86,63.75,11523.84,12,1.76,0,0,Normal
2.476,UDP,57418,80,29,689.95,8081.0,11.71,20008.55,13,2.95,0,0,Normal
0.631,TCP,16930,443,9891,35.56,557407.23,15675.12,351723.96,146,0.27,124,1,DoS
0.582,TCP,54597,80,24009,117.87,4862441.29,41252.58,2829940.83,641,0.05,221,1,DDoS
3.483,TCP,7889,6667,4516,1199.09,1554720.2,1296.58,5415090.44,151,1.87,40,1,Botnet
2.044,UDP,62311,53,15123,116.19,859658.2,7398.73,1757141.37,770,0.3,299,1,DDoS
0.611,TCP,64852,80,2708,45.69,202501.67,4432.08,123728.52,445,0.07,408,1,Port Scan
0.931,TCP,18996,80,29,225.34,7019.18,31.15,6534.86,5,1.55,0,0,Normal
1.199,ICMP,29322,80,64,374.97,20015.08,53.38,23998.08,4,8.13,0,0,Normal
0.83,ICMP,27601,8080,23697,43.32,1236812.1,28550.6,1026554.04,177,0.29,221,1,DoS
1.7,TCP,20876,53,44,704.1,18223.76,25.88,30980.4,7,14.3,2,0,Normal
0.692,HTTP,30148,8443,50,781.48,56465.32,72.25,39074.0,8,0.13,0,0,Normal
2.267,TCP,50377,80,32,1019.97,14397.46,14.12,32639.04,12,5.41,0,0,Normal
0.94,TCP,22801,80,26685,145.17,4121129.2,28388.3,3873861.45,339,0.49,83,1,DDoS
5.455,TCP,29081,21,3945,247.6,179061.78,723.19,976782.0,39,1.37,34,1,Brute Force
2.892,HTTP,30992,443,2445,2403.74,2032207.57,845.44,5877144.3,73,1.26,10,1,Web Attack
1.421,TCP,57592,22,78,377.85,20740.53,54.89,29472.3,7,1.35,0,0,Normal
0.359,UDP,9204,8443,15,823.0,34387.19,41.78,12345.0,2,1.98,0,0,Normal
1.244,HTTP,49562,8080,32,585.56,15062.64,25.72,18737.92,12,2.93,2,0,Normal
1.947,UDP,57138,25,9,547.36,2530.17,4.62,4926.24,6,7.09,0,0,Normal
1.256,UDP,52145,80,19744,60.93,957804.08,15719.75,1203001.92,92,0.28,250,1,DoS
0.199,ICMP,18613,8080,38,214.64,40986.53,190.95,8156.32,14,3.33,0,0,Normal
2.831,HTTP,13224,8443,26,374.66,3440.89,9.18,9741.16,6,2.4,0,0,Normal
0.934,TCP,39215,3000,33,625.04,22083.85,35.33,20626.32,11,7.33,0,0,Normal
0.013,TCP,48129,443,43,559.86,481479.6,860.0,24073.98,5,1.1,0,0,Normal
0.544,TCP,44073,22,59,672.23,72907.3,108.46,39661.57,10,2.07,0,0,Normal
0.016,TCP,2154,443,9,482.78,86900.4,180.0,4345.02,5,0.22,0,0,Normal
0.926,TCP,13344,8080,23944,54.6,1411816.85,25857.45,1307342.4,204,0.2,155,1,DoS
0.01,TCP,15144,25,24,257.2,123456.0,480.0,6172.8,8,1.82,0,0,Normal
0.479,TCP,57840,22,49,343.55,35143.95,102.3,16833.95,14,1.32,0,0,Normal
0.816,TCP,12253,80,31,616.09,23405.38,37.99,19098.79,9,0.88,0,0,Normal
1.137,TCP,45450,3000,18,682.59,10806.17,15.83,12286.62,6,2.8,0,0,Normal
1.566,TCP,5835,8080,11522,56.65,416807.98,7357.6,652721.3,268,0.3,245,1,DoS
2.689,TCP,30440,8080,50,323.45,6014.32,18.59,16172.5,1,6.38,0,0,Normal
0.36,UDP,19943,22,67,389.5,72490.28,186.11,26096.5,6,3.94,0,0,Normal
4.321,TCP,17160,8080,104,342.9,8253.09,24.07,35661.6,3,2.36,0,0,Normal
0.112,HTTP,6389,3000,32,1045.42,298691.43,285.71,33453.44,9,2.5,0,0,Normal
1.657,TCP,32969,80,6329,72.53,277032.21,3819.55,459042.37,323,0.17,94,1,DoS
1.766,UDP,62336,123,53848,101.71,3101291.1,30491.51,5476880.08,226,0.78,216,1,DDoS
0.301,TCP,61021,8080,31858,70.65,7477633.55,105840.53,2250767.7,174,0.03,31,1,DoS
0.324,HTTP,18551,80,21,773.73,50149.17,64.81,16248.33,3,1.38,0,0,Normal
0.261,UDP,49946,53,60,673.0,154712.64,229.89,40380.0,9,0.74,0,0,Normal
3.177,TCP,46455,23,1373,278.04,120160.19,432.17,381748.92,59,2.51,114,1,Brute Force
1.004,TCP,58076,8080,51,747.28,37959.44,50.8,38111.28,15,2.45,0,0,Normal
0.298,HTTP,41640,443,56,318.16,59788.46,187.92,17816.96,1,3.86,0,0,Normal
0.287,UDP,42504,8080,69,117.28,28196.24,240.42,8092.32,2,1.44,0,0,Normal
1.283,UDP,38263,25,74,752.78,43418.33,57.68,55705.72,10,0.3,0,0,Normal
1.18,TCP,61196,8080,6603,41.01,229482.23,5595.76,270789.03,133,0.27,191,1,DoS
0.395,TCP,47835,80,5456,57.8,798371.65,13812.66,315356.8,400,0.07,150,1,DoS
1.636,TCP,30013,80,27470,63.96,1073949.39,16790.95,1756981.2,296,0.11,214,1,DoS
3.242,HTTP,18543,8443,60,798.88,14784.95,18.51,47932.8,2,6.35,0,0,Normal
0.337,TCP,36052,8443,17,592.85,29906.38,50.45,10078.45,4,0.97,0,0,Normal
3.218,HTTP,17088,53,39,868.09,10520.67,12.12,33855.51,1,5.72,1,0,Normal
1.719,UDP,51044,123,52192,58.1,1764022.8,30361.84,3032355.2,715,0.79,183,1,DDoS
2.316,TCP,48523,123,32954,95.15,1353874.4,14228.84,3135573.1,704,0.51,192,1,DDoS
6.241,TCP,34363,21,1488,175.16,41762.23,238.42,260638.08,114,3.93,76,1,Brute Force
2.965,TCP,51570,8080,47,297.05,4708.72,15.85,13961.35,13,3.1,0,0,Normal
1.539,HTTP,35177,22,29,542.8,10228.2,18.84,15741.2,8,0.21,0,0,Normal
1.377,TCP,55015,80,34,40.0,987.65,24.69,1360.0,5,1.79,1,0,Normal
0.413,TCP,35219,25,21,711.02,36153.56,50.85,14931.42,1,8.5,0,0,Normal
1.804,TCP,49163,123,34184,8.65,163908.87,18949.0,295691.6,821,0.57,304,1,DDoS
0.894,TCP,64371,3389,2926,43.34,141848.81,3272.93,126812.84,485,0.11,451,1,Port Scan
3.477,UDP,63324,80,31485,130.84,1184784.99,9055.22,4119497.4,443,0.37,298,1,DDoS
1.288,HTTP,38557,22,8,378.5,2350.93,6.21,3028.0,8,0.31,0,0,Normal
0.467,DNS,6469,22,37,670.49,53122.33,79.23,24808.13,12,0.73,2,0,Normal
0.672,TCP,23608,23,777,42.74,49418.12,1156.25,33208.98,454,0.03,231,1,Port Scan
1.571,TCP,12901,443,28540,51.03,927050.41,18166.77,1456396.2,220,0.12,208,1,DoS
1.142,UDP,36005,3000,27,1045.16,24710.44,23.64,28219.32,9,0.66,0,0,Normal
0.943,HTTP,46569,443,36,674.53,25750.88,38.18,24283.08,2,2.65,1,0,Normal
1.512,TCP,47743,443,31587,62.78,1311529.01,20890.87,1983031.86,270,0.33,82,1,DoS
1.271,TCP,44299,443,35579,136.26,3814315.14,27992.92,4847994.54,666,0.18,413,1,DDoS
0.773,TCP,39296,25,19,960.84,23617.02,24.58,18255.96,1,1.66,0,0,Normal
1.155,TCP,49918,443,27,1126.92,26343.58,23.38,30426.84,3,1.37,0,0,Normal
0.367,TCP,43725,25,64,820.01,142999.02,174.39,52480.64,5,4.53,0,0,Normal
0.893,TCP,60618,8080,11361,57.91,736747.49,12722.28,657915.51,377,0.27,212,1,DoS
1.045,TCP,45824,80,33,681.15,21510.0,31.58,22477.95,9,0.34,0,0,Normal
2.091,TCP,37778,53,19078,127.44,1162745.25,9123.86,2431300.32,304,0.16,277,1,DDoS
0.366,TCP,25257,443,15,370.41,15180.74,40.98,5556.15,1,0.49,0,0,Normal
3.304,HTTP,48388,8088,6454,400.6,782527.97,1953.39,2585472.4,86,1.02,7,1,Botnet
0.972,HTTP,16716,80,11,596.16,6746.67,11.32,6557.76,4,5.69,0,0,Normal
1.351,UDP,27151,443,49116,170.23,6188761.42,36355.29,8361016.68,446,0.04,380,1,DDoS
0.232,TCP,12495,8443,39,765.99,128765.56,168.1,29873.61,9,0.59,0,0,Normal
1.799,TCP,63407,8443,79,232.41,10205.89,43.91,18360.39,2,1.64,0,0,Normal
0.387,UDP,61896,8080,21,730.37,39632.48,54.26,15337.77,4,0.66,0,0,Normal
3.655,TCP,15835,22,4088,216.66,242327.24,1118.47,885706.08,146,3.84,112,1,Brute Force
0.533,TCP,30754,80,31877,51.12,3057321.28,59806.75,1629552.24,176,0.37,213,1,DoS
0.777,TCP,40161,25,22,233.85,6621.24,28.31,5144.7,2,9.51,0,0,Normal
0.14,UDP,52412,8443,57,367.04,149437.71,407.14,20921.28,7,0.44,0,0,Normal
0.269,TCP,4519,8443,27,339.43,34069.18,100.37,9164.61,12,15.9,0,0,Normal
1.232,UDP,20696,80,47,959.28,36595.91,38.15,45086.16,15,1.47,0,0,Normal
0.87,HTTP,31176,8080,33,759.62,28813.17,37.93,25067.46,2,4.77,0,0,Normal
3.128,TCP,64387,8443,24,798.59,6127.29,7.67,19166.16,1,3.08,0,0,Normal
0.299,HTTP,28605,8080,42,473.05,66448.49,140.47,19868.1,9,0.76,0,0,Normal
1.732,UDP,30985,123,29763,168.3,2892097.52,17184.18,5009112.9,231,0.48,408,1,DDoS
2.218,TCP,30640,25,35,287.19,4531.85,15.78,10051.65,4,0.43,0,0,Normal
7.142,TCP,26135,3389,3003,227.56,95682.26,420.47,683362.68,119,1.59,75,1,Brute Force
1.935,TCP,28254,53,25,438.75,5668.6,12.92,10968.75,4,2.53,0,0,Normal
1.471,TCP,5756,8080,14808,78.64,791639.1,10066.62,1164501.12,236,0.37,91,1,DoS
1.019,TCP,50815,25,47,836.22,38569.52,46.12,39302.34,14,8.34,0,0,Normal
0.434,HTTP,61713,8443,37,662.3,56463.36,85.25,24505.1,12,0.08,0,0,Normal
1.273,UDP,20894,22,37,370.83,10778.25,29.07,13720.71,12,4.75,0,0,Normal
4.457,TCP,11567,80,6182,1484.05,2058424.3,1387.03,9174397.1,90,1.26,12,1,Botnet
4.08,ICMP,35192,25,15,622.72,2289.41,3.68,9340.8,14,2.91,0,0,Normal
2.038,HTTP,7141,8080,30,363.36,5348.77,14.72,10900.8,5,0.59,0,0,Normal
3.328,UDP,58239,443,47447,129.7,1849121.36,14256.91,6153875.9,496,0.52,220,1,DDoS
2.057,TCP,65329,53,20996,145.45,1484622.36,10207.1,3053868.2,793,0.02,204,1,DDoS
0.606,UDP,38566,80,31,1035.56,52974.19,51.16,32102.36,11,0.78,2,0,Normal
2.965,UDP,10500,80,105,97.0,3435.08,35.41,10185.0,4,1.72,0,0,Normal
1.629,TCP,20471,443,18,980.92,10838.9,11.05,17656.56,9,9.71,0,0,Normal
2.076,ICMP,34068,80,25,223.85,2695.69,12.04,5596.25,7,1.28,0,0,Normal
1.523,TCP,29333,22,38,623.26,15550.81,24.95,23683.88,10,2.85,0,0,Normal
1.435,TCP,50996,23,2489,144.49,250617.15,1734.49,359635.61,93,1.95,76,1,Brute Force
5.789,TCP,46438,21,2005,177.92,61621.97,346.35,356729.6,55,0.6,39,1,Brute Force
2.97,TCP,52830,53,50098,112.92,1904736.08,16868.01,5657066.16,522,0.76,296,1,DDoS
1.219,TCP,44639,443,79,650.98,42188.2,64.81,51427.42,14,4.29,0,0,Normal
1.918,TCP,17926,3000,59,485.49,14934.26,30.76,28643.91,12,9.91,0,0,Normal
0.08,DNS,28159,8443,80,321.85,321850.0,1000.0,25748.0,6,3.2,0,0,Normal
1.937,TCP,44206,22,45,874.02,20305.06,23.23,39330.9,1,0.06,0,0,Normal
0.346,ICMP,14399,8080,31147,71.35,6422943.5,90020.23,2222338.45,163,0.19,122,1,DoS
0.37,UDP,9374,8080,15,514.55,20860.14,40.54,7718.25,7,7.08,0,0,Normal
2.242,DNS,39277,25,19,1010.05,8559.75,8.47,19190.95,13,0.81,0,0,Normal
3.891,UDP,15299,8443,18,1315.49,6085.54,4.63,23678.82,14,0.42,0,0,Normal
0.163,TCP,63839,8080,29,458.05,81493.56,177.91,13283.45,15,2.63,0,0,Normal
0.35,TCP,21248,80,17,184.92,8981.83,48.57,3143.64,6,4.17,0,0,Normal
0.181,TCP,25369,8443,43,698.71,165991.88,237.57,30044.53,4,3.83,0,0,Normal
0.659,TCP,17536,22,849,45.17,58193.22,1288.32,38349.33,292,0.03,242,1,Port Scan
0.017,UDP,10601,8080,15,906.16,271848.0,300.0,13592.4,8,2.98,0,0,Normal
0.908,UDP,32793,3000,14,648.49,9998.74,15.42,9078.86,3,0.44,1,0,Normal
1.433,UDP,43644,8080,18,326.2,4097.42,12.56,5871.6,7,3.09,0,0,Normal
5.44,TCP,33577,25,42,627.27,4842.89,7.72,26345.34,3,3.57,0,0,Normal
5.617,ICMP,8999,53,48,673.38,5754.36,8.55,32322.24,13,5.12,0,0,Normal
0.305,HTTP,6634,22,20,488.56,32036.72,65.57,9771.2,12,1.72,0,0,Normal
2.711,UDP,4033,8443,28,698.48,7214.11,10.33,19557.44,2,0.79,0,0,Normal
0.098,UDP,47795,443,66,362.71,244274.08,673.47,23938.86,1,4.24,0,0,Normal
2.857,HTTP,44720,8080,1438,3235.38,1628448.18,503.33,4652476.44,80,1.88,9,1,Web Attack
0.093,UDP,24933,53,46,771.94,381819.78,494.62,35509.24,6,3.69,0,0,Normal
0.244,DNS,43003,22,16,446.27,29263.61,65.57,7140.32,13,2.46,0,0,Normal
2.222,UDP,2983,80,35,1014.08,15973.36,15.75,35492.8,8,3.01,0,0,Normal
1.241,HTTP,18814,8080,22,755.07,13385.61,17.73,16611.54,2,0.6,0,0,Normal
1.101,TCP,23279,8443,20,249.8,4537.69,18.17,4996.0,11,1.88,0,0,Normal
1.843,UDP,37610,443,14494,61.12,480669.17,7864.35,885873.28,396,0.07,120,1,DoS
1.252,TCP,31452,80,20,690.61,11032.11,15.97,13812.2,14,7.05,0,0,Normal
7.856,TCP,22354,3306,2610,236.36,78525.92,332.23,616899.6,114,0.74,30,1,Brute Force
7.825,TCP,27954,21,3592,218.85,100461.24,459.04,786109.2,142,2.08,119,1,Brute Force
0.13,TCP,11346,8443,55,662.81,280419.62,423.08,36454.55,13,2.82,0,0,Normal
1.097,UDP,20215,3000,14,575.71,7347.26,12.76,8059.94,3,0.05,0,0,Normal
0.17,TCP,24388,3000,11,432.65,27995.0,64.71,4759.15,8,1.82,0,0,Normal
3.391,TCP,48026,443,46144,134.08,1824531.85,13607.79,6186987.52,778,0.24,415,1,DDoS
0.413,TCP,52058,53,20,1026.82,49724.94,48.43,20536.4,7,0.23,0,0,Normal
0.571,TCP,7827,8080,7861,72.1,992606.13,13767.08,566778.1,82,0.36,95,1,DoS
1.118,DNS,56760,53,33,307.25,9069.1,29.52,10139.25,5,2.6,1,0,Normal
0.379,UDP,34607,8443,58,617.87,94555.3,153.03,35836.46,2,0.28,0,0,Normal
0.794,TCP,3224,3000,30,965.37,36474.94,37.78,28961.1,10,7.91,0,0,Normal
0.085,UDP,55858,8443,19,682.73,152610.24,223.53,12971.87,7,0.68,0,0,Normal
0.847,TCP,15126,8080,28,650.63,21508.43,33.06,18217.64,6,7.01,0,0,Normal
3.402,TCP,6503,8443,13,425.19,1624.77,3.82,5527.47,9,4.1,0,0,Normal
1.589,TCP,52091,3000,28,478.2,8426.43,17.62,13389.6,5,0.06,0,0,Normal
0.754,HTTP,28783,8443,23,664.42,20267.45,30.5,15281.66,2,1.41,0,0,Normal
0.297,TCP,3362,25,54,752.48,136814.55,181.82,40633.92,4,0.88,0,0,Normal
1.203,ICMP,64846,53,30,281.09,7009.73,24.94,8432.7,12,4.44,0,0,Normal
0.794,TCP,30813,8080,3646,29.82,136931.64,4591.94,108723.72,473,0.03,367,1,Port Scan
1.978,TCP,46671,25,33,465.74,7770.18,16.68,15369.42,1,3.82,0,0,Normal
2.035,TCP,44897,443,28,380.9,5240.88,13.76,10665.2,10,0.9,1,0,Normal
2.669,UDP,15337,22,53,515.66,10239.78,19.86,27329.98,11,8.32,0,0,Normal
0.025,UDP,11500,22,51,538.77,549545.4,1020.0,27477.27,13,1.4,0,0,Normal
2.314,UDP,59383,8443,30,320.5,4155.14,12.96,9615.0,3,1.81,0,0,Normal
4.017,HTTP,31545,3000,49,577.95,7049.93,12.2,28319.55,15,2.13,0,0,Normal
4.722,TCP,60209,3306,4243,101.61,91302.67,898.56,431131.23,42,2.82,103,1,Brute Force
6.888,TCP,59560,23,3524,266.14,136161.06,511.61,937877.36,59,2.0,35,1,Brute Force
0.088,UDP,5012,22,21,542.5,129460.23,238.64,11392.5,4,3.21,0,0,Normal
0.878,TCP,50499,443,38,161.03,6969.41,43.28,6119.14,6,2.63,0,0,Normal
2.687,TCP,24632,80,53,576.92,11379.52,19.72,30576.76,9,2.6,0,0,Normal
0.951,TCP,41868,8080,47,401.23,19829.45,49.42,18857.81,10,5.37,0,0,Normal
1.796,UDP,7150,443,20922,59.15,689051.39,11649.22,1237536.3,201,0.25,186,1,DoS
0.561,UDP,41263,80,10,374.82,6681.28,17.83,3748.2,3,6.28,0,0,Normal
2.463,TCP,52047,8080,1277,1971.83,1022341.42,518.47,2518026.91,55,1.53,22,1,Web Attack
0.967,UDP,1700,3000,65,316.46,21271.87,67.22,20569.9,3,7.14,0,0,Normal
0.132,HTTP,23995,443,48,569.69,207160.0,363.64,27345.12,7,1.57,0,0,Normal
2.607,UDP,62489,8443,49,496.98,9341.01,18.8,24352.02,11,1.75,0,0,Normal
0.225,HTTP,1667,8080,24,906.79,96724.27,106.67,21762.96,7,1.86,0,0,Normal
3.311,HTTP,23272,80,1791,680.37,368028.59,540.92,1218542.67,56,0.6,16,1,Botnet
1.776,UDP,53014,80,5967,61.41,206325.15,3359.8,366433.47,112,0.38,71,1,DoS
3.642,UDP,2173,9001,6125,916.05,1540583.81,1681.77,5610806.25,60,1.26,30,1,Botnet
0.496,TCP,1389,53,54627,116.7,12852763.91,110135.08,6374970.9,548,0.72,326,1,DDoS
0.479,UDP,15841,3000,32,684.1,45701.88,66.81,21891.2,7,3.7,0,0,Normal
0.267,TCP,22016,53,41,40.0,6142.32,153.56,1640.0,8,1.01,0,0,Normal
2.488,UDP,13780,8080,20,450.22,3619.13,8.04,9004.4,9,1.25,0,0,Normal
0.944,HTTP,48226,443,16,303.84,5149.83,16.95,4861.44,8,0.6,0,0,Normal
1.913,UDP,63774,8443,63,383.74,12637.54,32.93,24175.62,2,1.0,0,0,Normal
0.212,HTTP,4401,25,83,502.27,196643.44,391.51,41688.41,7,2.56,0,0,Normal
0.515,TCP,49090,8080,1254,46.66,113614.83,2434.95,58511.64,193,0.11,330,1,Port Scan
0.608,TCP,45727,1433,1412,35.11,81538.36,2322.37,49575.32,478,0.01,348,1,Port Scan
1.235,TCP,16520,443,35434,113.98,3270256.94,28691.5,4038767.32,532,0.35,414,1,DDoS
1.018,HTTP,29265,53,21,644.34,13291.89,20.63,13531.14,15,1.26,0,0,Normal
3.244,UDP,56435,80,43227,111.9,1491091.65,13325.22,4837101.3,314,0.53,151,1,DDoS
0.555,TCP,64629,25,38,457.77,31342.81,68.47,17395.26,15,2.77,0,0,Normal
0.878,TCP,36233,8443,15,828.58,14155.69,17.08,12428.7,9,3.71,0,0,Normal
0.893,ICMP,46021,8080,5,463.39,2594.57,5.6,2316.95,15,0.33,0,0,Normal
1.425,HTTP,27506,8080,69,628.28,30421.98,48.42,43351.32,11,2.35,0,0,Normal
1.368,TCP,26438,443,29,539.13,11428.93,21.2,15634.77,12,0.73,0,0,Normal
2.68,UDP,12185,443,50324,156.32,2935316.3,18777.61,7866647.68,276,0.19,87,1,DDoS
0.328,TCP,3136,8443,52,345.58,54787.07,158.54,17970.16,13,0.36,1,0,Normal
0.705,TCP,37595,443,3930,51.2,285412.77,5574.47,201216.0,416,0.14,425,1,Port Scan
1.064,TCP,4092,123,56614,89.11,4741422.5,53208.65,5044873.54,685,0.66,243,1,DDoS
0.573,TCP,35840,25,112,561.5,109752.18,195.46,62888.0,7,1.67,0,0,Normal
0.501,HTTP,16774,25,18,889.4,31954.49,35.93,16009.2,2,0.42,1,0,Normal
1.158,TCP,59323,8080,30282,67.44,1763573.47,26150.26,2042218.08,382,0.47,186,1,DoS
1.333,UDP,9885,80,14455,60.93,660722.54,10843.96,880743.15,345,0.17,76,1,DoS
3.706,TCP,3836,8088,5401,1017.64,1483074.38,1457.37,5496273.64,111,1.09,32,1,Botnet
0.193,ICMP,65019,22,75,676.62,262935.23,388.6,50746.5,8,6.34,0,0,Normal
0.278,UDP,23637,22,29,507.21,52910.4,104.32,14709.09,12,6.25,0,0,Normal
0.166,TCP,18417,443,35,427.65,90167.17,210.84,14967.75,13,0.37,0,0,Normal
2.777,UDP,60021,443,16,567.47,3269.54,5.76,9079.52,8,2.43,0,0,Normal
1.01,TCP,1441,443,25986,120.81,3108285.8,25728.71,3139368.66,575,0.67,343,1,DDoS
0.841,TCP,12753,3000,40,231.4,11005.95,47.56,9256.0,10,2.03,0,0,Normal
0.991,HTTP,51313,53,18,707.35,12847.93,18.16,12732.3,13,0.25,0,0,Normal
3.685,UDP,41912,6667,2404,774.6,505329.28,652.37,1862138.4,141,0.56,32,1,Botnet
0.377,UDP,39453,22,34,378.11,34100.11,90.19,12855.74,14,0.1,0,0,Normal
5.621,UDP,1964,443,46,731.46,5985.97,8.18,33647.16,2,5.22,0,0,Normal
0.151,TCP,38423,8443,62,473.94,194597.88,410.6,29384.28,3,2.12,0,0,Normal
0.547,DNS,10536,53,109,293.53,58491.35,199.27,31994.77,6,0.35,0,0,Normal
2.321,ICMP,13850,53,24,440.93,4559.38,10.34,10582.32,15,2.37,0,0,Normal
2.934,UDP,34808,53,34,645.38,7478.84,11.59,21942.92,6,0.32,1,0,Normal
4.398,UDP,26268,22,9,640.62,1310.95,2.05,5765.58,5,2.89,0,0,Normal
1.613,UDP,54962,8080,7526,83.31,388711.13,4665.84,626991.06,141,0.27,215,1,DoS
2.142,TCP,57878,443,15,164.68,1153.22,7.0,2470.2,8,2.6,0,0,Normal
0.499,HTTP,59630,443,31,350.16,21753.43,62.12,10854.96,4,1.05,0,0,Normal
0.888,HTTP,13367,8443,21,682.38,16137.36,23.65,14329.98,1,2.71,0,0,Normal
2.867,UDP,36214,25,24,444.63,3722.05,8.37,10671.12,13,10.61,0,0,Normal
0.557,UDP,35380,8443,22,808.14,31919.35,39.5,17779.08,3,1.17,0,0,Normal
0.748,HTTP,63348,8080,73,700.53,68367.23,97.59,51138.69,1,2.69,0,0,Normal
0.845,TCP,36120,80,2013,46.42,110583.98,2382.25,93443.46,320,0.02,381,1,Port Scan
2.461,TCP,26785,53,20589,82.28,688363.64,8366.11,1694062.92,453,0.76,90,1,DDoS
1.972,TCP,50137,8080,17659,59.91,536486.15,8954.87,1057950.69,212,0.48,73,1,DoS
2.762,HTTP,38304,3000,10,451.73,1635.52,3.62,4517.3,11,1.23,0,0,Normal
0.994,TCP,57139,8443,25,444.04,11168.01,25.15,11101.0,2,0.83,0,0,Normal
0.314,TCP,24637,8443,40,40.0,5095.54,127.39,1600.0,1,0.78,0,0,Normal
2.167,UDP,38458,123,59017,114.03,3105541.54,27234.43,6729708.51,515,0.29,243,1,DDoS
3.9,DNS,40464,53,8,320.6,657.64,2.05,2564.8,15,3.98,0,0,Normal
0.051,TCP,9543,25,36,663.13,468091.76,705.88,23872.68,13,1.52,0,0,Normal
0.219,TCP,37367,53,45,428.07,87959.59,205.48,19263.15,8,2.67,0,0,Normal
0.614,TCP,63767,1433,2240,43.93,160265.8,3648.21,98403.2,468,0.13,210,1,Port Scan
2.068,UDP,42113,443,28523,82.36,1135954.68,13792.55,2349154.28,251,0.5,268,1,DDoS
0.287,TCP,64903,21,1626,58.02,328712.61,5665.51,94340.52,462,0.08,191,1,Port Scan
2.996,ICMP,49220,80,31,355.83,3681.82,10.35,11030.73,13,5.72,0,0,Normal
0.986,TCP,43257,8443,39,691.53,27352.61,39.55,26969.67,14,4.17,0,0,Normal
0.052,TCP,6061,25,141,485.46,1316343.46,2711.54,68449.86,5,3.57,0,0,Normal
5.983,TCP,2315,8080,29,457.89,2219.42,4.85,13278.81,1,7.94,0,0,Normal
5.45,TCP,65390,3389,3679,123.23,83185.9,675.05,453363.17,48,2.14,45,1,Brute Force
1.845,UDP,24872,8080,22,809.98,9658.3,11.92,17819.56,15,1.44,0,0,Normal
4.572,UDP,17697,443,63,375.6,5175.59,13.78,23662.8,5,0.47,0,0,Normal
0.978,TCP,3968,80,27,732.99,20235.92,27.61,19790.73,14,1.68,0,0,Normal
1.956,TCP,8359,443,35,483.35,8648.9,17.89,16917.25,9,0.47,0,0,Normal
6.217,TCP,41390,3389,4879,313.61,246116.0,784.78,1530103.19,144,3.57,91,1,Brute Force
1.679,HTTP,11497,53,38,373.04,8442.84,22.63,14175.52,3,0.24,0,0,Normal
0.234,TCP,8038,53,50,702.59,150126.07,213.68,35129.5,5,1.33,0,0,Normal
2.504,HTTP,41089,80,11,40.0,175.72,4.39,440.0,14,0.28,0,0,Normal
0.597,HTTP,55868,8443,33,620.98,34325.53,55.28,20492.34,2,1.2,0,0,Normal
0.311,TCP,13026,80,35,652.75,73460.61,112.54,22846.25,8,1.25,0,0,Normal
0.825,DNS,11125,443,6,228.8,1664.0,7.27,1372.8,5,0.34,0,0,Normal
3.405,UDP,34172,123,30801,71.94,650755.93,9045.81,2215823.94,357,0.05,146,1,DDoS
0.306,TCP,44736,53,20,701.34,45839.22,65.36,14026.8,5,8.42,2,0,Normal
0.926,UDP,60591,8080,86,794.52,73789.11,92.87,68328.72,8,8.07,0,0,Normal
3.431,TCP,2128,53,20593,86.46,518936.4,6002.04,1780470.78,615,0.3,334,1,DDoS
0.979,HTTP,55876,80,37,215.82,8156.63,37.79,7985.34,4,0.12,0,0,Normal
2.164,UDP,11312,8443,23,279.93,2975.23,10.63,6438.39,14,3.43,0,0,Normal
0.106,TCP,39223,80,16420,80.63,12490043.4,154905.66,1323944.6,374,0.24,101,1,DoS
0.343,HTTP,46961,22,89,301.29,78177.29,259.48,26814.81,11,0.13,0,0,Normal
0.409,HTTP,1803,3000,48,685.3,80426.41,117.36,32894.4,11,0.21,0,0,Normal
0.674,UDP,20277,443,40,598.51,35519.88,59.35,23940.4,8,0.5,0,0,Normal
0.329,DNS,48135,3000,26,319.4,25241.34,79.03,8304.4,9,3.45,0,0,Normal
1.987,HTTP,38670,8080,87,562.5,24628.84,43.78,48937.5,15,0.73,0,0,Normal
0.739,HTTP,35860,443,16,679.53,14712.42,21.65,10872.48,3,8.55,0,0,Normal
0.367,UDP,34062,25,28,321.34,24516.4,76.29,8997.52,4,0.87,0,0,Normal
0.885,TCP,42306,443,27,429.96,13117.42,30.51,11608.92,2,0.11,0,0,Normal
0.475,TCP,51952,80,49,591.66,61034.4,103.16,28991.34,7,13.5,0,0,Normal
0.088,UDP,58635,25,80,440.1,400090.91,909.09,35208.0,8,0.12,0,0,Normal
0.898,TCP,46352,443,1872,52.29,109005.43,2084.63,97886.88,347,0.08,336,1,Port Scan
2.482,UDP,37653,8080,63,521.92,13247.77,25.38,32880.96,13,4.1,0,0,Normal
2.817,HTTP,10425,80,1387,1451.36,714602.88,492.37,2013036.32,66,1.08,25,1,Web Attack
1.958,TCP,24274,8080,20362,67.3,699878.75,10399.39,1370362.6,362,0.42,152,1,DoS
1.455,HTTP,17886,22,62,488.67,20823.05,42.61,30297.54,1,3.28,0,0,Normal
1.473,ICMP,51728,3000,35,410.56,9755.33,23.76,14369.6,14,13.72,0,0,Normal
2.736,UDP,42044,3000,29,715.18,7580.49,10.6,20740.22,2,2.57,1,0,Normal
0.461,TCP,19107,3000,31,410.66,27614.88,67.25,12730.46,9,2.06,0,0,Normal
1.161,HTTP,47345,25,47,498.68,20187.73,40.48,23437.96,7,0.54,0,0,Normal
0.273,UDP,35919,443,41,639.48,96039.12,150.18,26218.68,3,0.26,0,0,Normal
1.267,HTTP,22482,8080,1702,1757.09,2360352.94,1343.33,2990567.18,38,1.01,17,1,Web Attack
1.335,TCP,13197,3000,70,724.48,37987.72,52.43,50713.6,11,0.54,0,0,Normal
1.579,TCP,5176,8080,19,710.24,8546.27,12.03,13494.56,6,2.91,0,0,Normal
1.416,HTTP,48939,8080,1792,1160.01,1468035.25,1265.54,2078737.92,19,1.8,6,1,Web Attack
0.205,TCP,61683,25,16,296.98,23178.93,78.05,4751.68,15,2.79,0,0,Normal
0.201,HTTP,46743,8080,25,376.35,46809.7,124.38,9408.75,15,1.31,0,0,Normal
0.675,TCP,5853,443,831,51.43,63316.04,1231.11,42738.33,348,0.07,467,1,Port Scan
0.261,DNS,57057,25,20,431.72,33081.99,76.63,8634.4,1,2.23,0,0,Normal
0.105,UDP,22367,3000,42,683.5,273400.0,400.0,28707.0,11,0.75,0,0,Normal
1.731,UDP,1372,3000,44,674.67,17149.32,25.42,29685.48,13,0.4,0,0,Normal
0.265,UDP,21082,8443,102,785.09,302185.58,384.91,80079.18,11,1.23,0,0,Normal
2.216,TCP,3076,8443,14,492.86,3113.74,6.32,6900.04,1,2.24,1,0,Normal
3.077,TCP,14399,123,37993,150.48,1858039.21,12347.42,5717186.64,768,0.06,173,1,DDoS
0.339,TCP,40216,80,33,708.1,68930.09,97.35,23367.3,15,0.79,0,0,Normal
0.117,TCP,30118,22,32,504.57,138002.05,273.5,16146.24,7,8.36,0,0,Normal
0.235,TCP,44811,8080,5296,64.49,1453357.62,22536.17,341539.04,356,0.16,152,1,DoS
5.123,HTTP,65000,53,22,890.03,3822.11,4.29,19580.66,15,3.75,0,0,Normal
2.632,TCP,48375,25,29,834.46,9194.28,11.02,24199.34,13,0.26,0,0,Normal
0.843,ICMP,9281,25,50,969.94,57529.06,59.31,48497.0,4,0.19,0,0,Normal
1.239,UDP,17297,8080,47,732.97,27804.35,37.93,34449.59,10,2.54,0,0,Normal
2.321,UDP,6936,8443,18,502.97,3900.67,7.76,9053.46,13,0.56,0,0,Normal
2.273,TCP,22171,8443,6,549.03,1449.27,2.64,3294.18,13,0.14,0,0,Normal
6.073,TCP,35698,22,3505,151.01,87154.63,577.14,529290.05,93,1.12,46,1,Brute Force
2.236,HTTP,14079,8443,48,882.29,18940.04,21.47,42349.92,14,0.08,0,0,Normal
0.196,HTTP,48193,25,68,521.37,180883.47,346.94,35453.16,9,1.34,0,0,Normal
0.539,UDP,11309,25,37,702.49,48222.88,68.65,25992.13,5,3.54,0,0,Normal
0.399,TCP,10494,8080,12094,76.03,2304528.37,30310.78,919506.82,119,0.37,183,1,DoS
0.699,TCP,13727,445,2997,42.2,180934.76,4287.55,126473.4,584,0.1,247,1,Port Scan
0.262,UDP,3849,80,21,602.59,48299.2,80.15,12654.39,11,3.12,0,0,Normal
4.804,TCP,5827,3389,1164,188.44,45658.65,242.3,219344.16,103,3.9,56,1,Brute Force
1.817,UDP,50502,80,21,731.38,8452.93,11.56,15358.98,13,2.24,0,0,Normal
0.695,ICMP,29460,8080,11,1072.55,16975.61,15.83,11798.05,3,1.74,0,0,Normal
0.517,UDP,52137,53,7,754.38,10214.04,13.54,5280.66,10,3.29,0,0,Normal
0.596,UDP,36349,8080,14743,65.98,1632119.36,24736.58,972743.14,270,0.42,44,1,DoS
0.376,TCP,53999,53,23,362.7,22186.44,61.17,8342.1,11,2.02,0,0,Normal
0.047,UDP,13489,8080,43,445.6,383216.0,860.0,19160.8,15,1.08,0,0,Normal
1.962,HTTP,50986,22,46,410.97,9635.38,23.45,18904.62,5,1.28,0,0,Normal
1.015,HTTP,46431,53,8,175.2,1380.89,7.88,1401.6,3,2.89,0,0,Normal
0.989,TCP,9754,8080,11403,55.43,639098.37,11529.83,632068.29,280,0.13,32,1,DoS
0.011,TCP,51221,443,40,402.71,322168.0,800.0,16108.4,3,5.63,0,0,Normal
0.115,TCP,48855,80,18297,78.57,12500828.61,159104.35,1437595.29,332,0.47,170,1,DoS
0.094,HTTP,10691,25,35,361.08,134444.68,372.34,12637.8,2,0.05,0,0,Normal
2.523,TCP,57258,3306,1569,165.92,103182.12,621.88,260328.48,49,3.2,116,1,Brute Force
4.329,UDP,4266,9001,6448,602.87,897968.53,1489.49,3887305.76,114,2.16,7,1,Botnet
6.127,TCP,53770,3389,1280,175.46,36655.59,208.91,224588.8,37,1.46,86,1,Brute Force
0.237,TCP,17517,8080,13,350.38,19219.16,54.85,4554.94,7,1.96,0,0,Normal
1.66,UDP,32051,443,31,200.95,3752.68,18.67,6229.45,1,1.75,0,0,Normal
0.29,UDP,9903,25,19,342.04,22409.52,65.52,6498.76,1,1.54,1,0,Normal
0.734,TCP,61615,3000,26,40.0,1416.89,35.42,1040.0,3,1.44,1,0,Normal
0.897,UDP,5402,80,60,561.74,37574.58,66.89,33704.4,13,0.1,0,0,Normal
1.424,HTTP,43622,22,18,425.95,5384.2,12.64,7667.1,6,2.41,0,0,Normal
4.487,TCP,14598,80,22,545.32,2673.73,4.9,11997.04,13,2.21,0,0,Normal
1.391,UDP,6604,22,16,771.85,8878.22,11.5,12349.6,10,3.93,0,0,Normal
1.339,UDP,6939,80,45,793.25,26658.89,33.61,35696.25,4,1.26,0,0,Normal
0.038,UDP,5864,3000,15,910.94,273282.0,300.0,13664.1,6,1.6,2,0,Normal
2.404,TCP,48894,80,17646,136.16,999450.65,7340.27,2402679.36,368,0.43,107,1,DDoS
2.115,TCP,38308,123,43639,61.78,1274712.73,20633.1,2696017.42,557,0.29,430,1,DDoS
0.53,HTTP,4607,22,56,390.42,41251.92,105.66,21863.52,5,12.34,0,0,Normal
0.94,TCP,52593,80,10766,68.41,783512.83,11453.19,736502.06,231,0.23,78,1,DoS
1.897,TCP,10915,443,50885,131.59,3529761.28,26823.93,6695957.15,318,0.28,186,1,DDoS
7.733,TCP,4017,3389,2418,135.7,42431.48,312.69,328122.6,45,3.65,100,1,Brute Force
3.693,TCP,9695,3000,29,728.5,5720.69,7.85,21126.5,4,6.59,0,0,Normal
0.502,HTTP,62426,22,32,458.35,29217.53,63.75,14667.2,6,2.46,0,0,Normal
3.956,HTTP,33002,80,64,189.63,3067.83,16.18,12136.32,10,0.27,0,0,Normal
0.254,HTTP,51717,25,24,285.86,27010.39,94.49,6860.64,6,4.44,0,0,Normal
0.247,TCP,5451,8080,30,897.62,109022.67,121.46,26928.6,4,0.36,0,0,Normal
1.216,TCP,24139,25,15,564.19,6959.58,12.34,8462.85,9,3.54,0,0,Normal
0.74,TCP,32865,3000,32,619.59,26793.08,43.24,19826.88,6,0.83,0,0,Normal
1.125,UDP,38445,53,28,919.63,22888.57,24.89,25749.64,6,3.12,0,0,Normal
0.599,UDP,43296,8443,37,1296.31,80072.57,61.77,47963.47,13,4.89,0,0,Normal
1.386,UDP,44615,123,21968,128.4,2035130.74,15849.93,2820691.2,381,0.65,172,1,DDoS
1.336,TCP,6005,8080,15,680.24,7637.43,11.23,10203.6,10,3.48,0,0,Normal
0.102,TCP,22514,25,17,40.0,6666.67,166.67,680.0,5,7.28,0,0,Normal
0.998,UDP,45169,3000,24,829.6,19950.3,24.05,19910.4,2,4.77,0,0,Normal
0.126,TCP,3152,8080,21379,61.97,10514735.16,169674.6,1324856.63,242,0.05,92,1,DoS
1.109,TCP,7222,8080,16562,60.96,910387.3,14934.17,1009619.52,387,0.39,146,1,DoS
2.886,UDP,55810,53,38327,108.69,1443437.85,13280.32,4165761.63,203,0.73,256,1,DDoS
1.186,DNS,8108,80,39,634.62,20868.62,32.88,24750.18,15,2.42,0,0,Normal
0.265,TCP,37147,25,1475,45.87,255314.15,5566.04,67658.25,464,0.05,250,1,Port Scan
0.454,HTTP,62979,443,27,403.55,23999.67,59.47,10895.85,4,1.52,0,0,Normal
0.877,TCP,57494,443,41,690.2,32267.05,46.75,28298.2,4,3.03,0,0,Normal
0.251,ICMP,51551,3000,54,357.6,76933.86,215.14,19310.4,8,3.19,0,0,Normal
1.178,HTTP,25821,25,20,727.48,12351.1,16.98,14549.6,12,0.35,0,0,Normal
0.977,HTTP,44348,3000,38,914.91,35585.04,38.89,34766.58,13,0.37,0,0,Normal
0.212,TCP,55573,3000,16,624.71,47147.92,75.47,9995.36,3,10.67,0,0,Normal
1.203,TCP,44822,443,29567,100.78,2476942.86,24577.72,2979762.26,826,0.79,251,1,DDoS
2.976,TCP,42819,22,71,131.9,3146.81,23.86,9364.9,7,9.99,0,0,Normal
0.101,TCP,38926,53,23,479.26,109138.42,227.72,11022.98,1,3.03,0,0,Normal
0.094,UDP,17919,22,37,448.44,176513.62,393.62,16592.28,1,1.22,0,0,Normal
0.77,UDP,21757,25,29,238.05,8965.52,37.66,6903.45,4,2.39,0,0,Normal
0.184,TCP,3611,3000,33,416.44,74687.61,179.35,13742.52,12,4.53,0,0,Normal
1.548,TCP,19588,53,26,728.13,12229.57,16.8,18931.38,2,1.2,0,0,Normal
6.834,TCP,62651,8443,40,437.48,2560.61,5.85,17499.2,11,1.5,0,0,Normal
0.286,UDP,53906,25,27,1075.95,101575.7,94.41,29050.65,12,0.61,0,0,Normal
0.861,TCP,39956,21,2900,40.89,137724.74,3368.18,118581.0,426,0.14,270,1,Port Scan
1.759,TCP,1527,80,58631,45.04,1501273.59,33332.01,2640740.24,225,0.27,384,1,DDoS
1.802,ICMP,35781,8080,17774,72.93,719343.96,9863.49,1296257.82,91,0.4,227,1,DoS
0.931,HTTP,39342,443,13,721.4,10073.25,13.96,9378.2,7,2.54,0,0,Normal
1.327,UDP,26990,22,39,852.69,25060.22,29.39,33254.91,3,2.53,0,0,Normal
0.159,TCP,50205,80,47,571.18,168839.37,295.6,26845.46,10,2.16,0,0,Normal
1.296,HTTP,44940,443,20,769.9,11881.17,15.43,15398.0,11,0.21,0,0,Normal
0.814,TCP,38101,22,1054,36.95,47844.35,1294.84,38945.3,391,0.07,370,1,Port Scan
0.862,ICMP,49291,8080,29,625.1,21030.05,33.64,18127.9,14,0.43,0,0,Normal
0.545,TCP,61626,8080,16896,63.97,1983187.38,31001.83,1080837.12,259,0.23,37,1,DoS
1.673,HTTP,18132,8080,1754,2696.4,2826948.95,1048.42,4729485.6,34,1.54,16,1,Web Attack
1.601,HTTP,50040,8443,25,977.49,15263.74,15.62,24437.25,11,6.43,0,0,Normal
1.664,TCP,20998,80,36,40.0,865.38,21.63,1440.0,6,1.45,0,0,Normal
1.237,UDP,35921,443,6589,72.35,385379.26,5326.6,476714.15,332,0.05,88,1,DoS
0.718,TCP,1530,3000,21,859.02,25124.54,29.25,18039.42,12,3.97,0,0,Normal
1.588,ICMP,51329,80,16004,65.43,659409.14,10078.09,1047141.72,210,0.14,117,1,DoS
0.707,TCP,46651,80,7240,71.2,729120.23,10240.45,515488.0,291,0.18,57,1,DoS
1.449,UDP,3100,443,43,968.62,28744.42,29.68,41650.66,7,1.71,0,0,Normal
1.795,UDP,50683,8080,16047,60.46,540502.3,8939.83,970201.62,364,0.36,249,1,DoS
0.63,TCP,51289,8443,35,389.15,21619.44,55.56,13620.25,15,1.91,0,0,Normal
4.319,HTTP,49700,80,2820,718.76,469299.19,652.93,2026903.2,52,1.24,9,1,Botnet
2.495,UDP,8248,3000,35,677.63,9505.83,14.03,23717.05,10,1.27,0,0,Normal
0.644,UDP,44802,8080,14,937.57,20381.96,21.74,13125.98,13,2.52,0,0,Normal
1.957,TCP,57363,80,17,965.27,8385.07,8.69,16409.59,13,4.06,0,0,Normal
1.015,TCP,61293,21,4865,187.79,900096.9,4793.1,913598.35,150,0.88,108,1,Brute Force
0.828,TCP,47892,8080,1872,62.06,140309.57,2260.87,116176.32,352,0.1,325,1,Port Scan
0.347,TCP,21546,80,8909,53.62,1376658.73,25674.35,477700.58,151,0.37,76,1,DoS
0.701,UDP,3012,80,28264,69.87,2817126.5,40319.54,1974805.68,245,0.47,72,1,DoS
0.286,TCP,12327,443,39692,190.46,26432651.47,138783.22,7559738.32,457,0.48,325,1,DDoS
1.41,TCP,53807,443,33546,53.02,1261424.77,23791.49,1778608.92,386,0.16,167,1,DoS
1.117,UDP,45401,53,27,352.64,8523.97,24.17,9521.28,15,2.94,2,0,Normal
1.212,TCP,40217,443,27535,70.07,1591895.59,22718.65,1929377.45,313,0.33,240,1,DoS
0.288,TCP,51488,53,19,438.83,28950.59,65.97,8337.77,1,1.36,0,0,Normal
0.271,TCP,54992,80,41730,129.82,19990363.84,153985.24,5417388.6,299,0.18,197,1,DDoS
0.934,TCP,46687,3000,60,813.8,52278.37,64.24,48828.0,6,1.73,0,0,Normal
2.147,HTTP,38080,3000,66,371.49,11419.81,30.74,24518.34,12,2.18,0,0,Normal
0.663,UDP,3489,53,35,734.56,38777.68,52.79,25709.6,12,0.38,0,0,Normal
4.017,TCP,3394,23,4935,207.73,255202.28,1228.53,1025147.55,85,1.25,75,1,Brute Force
2.213,HTTP,61674,443,2095,1262.59,1195267.08,946.68,2645126.05,57,1.93,2,1,Web Attack
1.333,DNS,4303,9001,4265,1097.71,3512177.91,3199.55,4681733.15,132,1.03,39,1,Botnet
0.726,TCP,13527,8443,43,743.08,44011.63,59.23,31952.44,12,0.88,0,0,Normal
0.847,TCP,62826,143,2786,59.38,195316.03,3289.26,165432.68,321,0.15,362,1,Port Scan
0.757,UDP,46142,8080,23540,69.2,2151873.18,31096.43,1628968.0,366,0.48,204,1,DoS
0.811,TCP,2564,8443,11,388.28,5266.44,13.56,4271.08,9,1.64,0,0,Normal
0.564,TCP,13447,25,36,348.37,22236.38,63.83,12541.32,1,0.58,0,0,Normal
2.783,UDP,47534,443,26,749.51,7002.25,9.34,19487.26,15,5.48,0,0,Normal
3.303,UDP,39956,80,1807,882.12,482588.81,547.08,1593990.84,111,1.62,38,1,Botnet
0.224,TCP,64005,123,56095,120.77,30243719.42,250424.11,6774593.15,311,0.33,319,1,DDoS
7.196,TCP,6425,25,55,563.47,4306.68,7.64,30990.85,14,4.21,0,0,Normal
0.074,HTTP,40664,53,74,532.99,532990.0,1000.0,39441.26,2,2.36,0,0,Normal
3.39,UDP,22773,123,53190,115.66,1814736.11,15690.27,6151955.4,782,0.5,99,1,DDoS
0.802,UDP,7248,443,1378,1174.91,2018735.64,1718.2,1619025.98,148,1.55,28,1,Botnet
3.149,UDP,35116,443,26525,167.61,1411830.82,8423.31,4445855.25,873,0.62,367,1,DDoS
2.784,TCP,36037,53,45275,192.8,3135423.85,16262.57,8729020.0,440,0.66,300,1,DDoS
2.534,UDP,64033,8443,46,433.21,7864.11,18.15,19927.66,8,5.1,0,0,Normal
0.558,TCP,23495,22,22,840.48,33137.2,39.43,18490.56,11,4.89,0,0,Normal
2.916,TCP,44528,80,2504,860.66,739057.83,858.71,2155092.64,80,1.87,17,1,Botnet
0.123,TCP,20940,443,64,201.84,105022.44,520.33,12917.76,4,6.59,1,0,Normal
1.045,UDP,29650,443,21705,95.86,1991044.31,20770.33,2080641.3,280,0.06,260,1,DDoS
1.14,TCP,63901,443,31449,57.02,1573001.74,27586.84,1793221.98,224,0.42,214,1,DoS
0.892,TCP,50457,123,56628,111.93,7105798.25,63484.3,6338372.04,751,0.05,306,1,DDoS
0.275,TCP,49364,80,62,626.84,141323.93,225.45,38864.08,4,1.09,0,0,Normal
7.401,TCP,59178,3389,1865,199.3,50222.2,251.99,371694.5,122,1.91,61,1,Brute Force
0.507,HTTP,58862,3000,29,713.63,40819.07,57.2,20695.27,2,0.05,0,0,Normal
0.57,UDP,12353,80,46938,166.58,13717424.63,82347.37,7818932.04,336,0.79,177,1,DDoS
0.362,TCP,46293,8080,23,674.45,42851.8,63.54,15512.35,9,3.67,0,0,Normal
0.471,TCP,46211,22,42,59.08,5268.28,89.17,2481.36,2,4.71,0,0,Normal
2.765,TCP,56168,23,2703,252.28,246623.09,977.58,681912.84,88,2.74,30,1,Brute Force
2.024,TCP,61517,25,10,364.48,1800.79,4.94,3644.8,15,0.48,1,0,Normal
0.865,TCP,49306,80,9,541.93,5638.58,10.4,4877.37,10,0.06,0,0,Normal
1.04,TCP,61841,3306,1377,194.96,258134.54,1324.04,268459.92,105,2.04,56,1,Brute Force
1.699,TCP,54592,123,51320,167.5,5059505.59,30206.0,8596100.0,721,0.79,361,1,DDoS
1.646,TCP,46195,3000,7,623.24,2650.47,4.25,4362.68,2,3.13,0,0,Normal
1.175,TCP,7051,8080,12,507.8,5186.04,10.21,6093.6,12,8.04,0,0,Normal
3.856,TCP,28067,3389,4561,171.5,202855.68,1182.83,782211.5,114,1.64,83,1,Brute Force
7.569,TCP,17892,22,4925,215.64,140312.72,650.68,1062027.0,131,3.81,64,1,Brute Force
2.962,TCP,8643,25,8,722.62,1951.71,2.7,5780.96,2,0.46,0,0,Normal
1.671,TCP,49420,53,52,660.58,20556.65,31.12,34350.16,13,0.96,1,0,Normal
0.509,ICMP,1404,8080,16,669.79,21054.3,31.43,10716.64,15,14.31,0,0,Normal
0.839,TCP,1575,80,35,400.9,16724.08,41.72,14031.5,11,0.79,0,0,Normal
0.476,ICMP,32116,22,14,431.49,12690.88,29.41,6040.86,9,4.56,0,0,Normal
3.125,TCP,8937,8443,33,629.88,6651.53,10.56,20786.04,4,5.4,0,0,Normal
0.697,TCP,22526,3306,1123,55.49,89404.98,1611.19,62315.27,553,0.09,243,1,Port Scan
1.417,TCP,13131,80,42,366.23,10855.09,29.64,15381.66,13,0.37,2,0,Normal
4.545,TCP,48858,3306,1082,199.78,47560.39,238.06,216161.96,87,0.99,36,1,Brute Force
1.752,TCP,39168,3306,1643,179.62,168445.01,937.79,295115.66,57,3.15,40,1,Brute Force
0.706,TCP,24180,443,9814,39.7,551863.74,13900.85,389615.8,274,0.09,202,1,DoS
0.237,TCP,1186,443,26,1004.99,110252.07,109.7,26129.74,12,4.54,1,0,Normal
0.027,ICMP,20223,8443,33,896.91,591960.6,660.0,29598.03,14,0.27,0,0,Normal
0.879,TCP,33591,8080,3833,43.15,188161.49,4360.64,165393.95,150,0.06,463,1,Port Scan
2.959,TCP,35179,8080,879,2371.55,704492.21,297.06,2084592.45,33,1.29,15,1,Web Attack
2.702,UDP,53878,25,67,599.4,14862.99,24.8,40159.8,12,2.58,0,0,Normal
3.815,TCP,38555,21,923,230.52,55771.94,241.94,212769.96,148,2.31,104,1,Brute Force
0.372,UDP,38279,25,20,509.69,27402.69,53.76,10193.8,6,5.53,0,0,Normal
0.109,TCP,27451,8080,30,470.24,129423.85,275.23,14107.2,1,1.77,0,0,Normal
0.465,TCP,51683,443,3060,35.68,234797.42,6580.65,109180.8,539,0.13,199,1,Port Scan
3.799,TCP,42140,80,57,487.59,7315.78,15.0,27792.63,13,1.98,1,0,Normal
0.912,HTTP,63138,3000,29,215.73,6859.84,31.8,6256.17,15,4.24,0,0,Normal
1.566,HTTP,3213,25,27,619.18,10675.52,17.24,16717.86,1,3.11,0,0,Normal
0.669,TCP,18570,443,35,475.25,24863.6,52.32,16633.75,4,1.78,0,0,Normal
0.168,DNS,29812,3000,20,398.73,47467.86,119.05,7974.6,12,0.16,0,0,Normal
0.956,TCP,24305,80,10,925.68,9682.85,10.46,9256.8,13,3.75,0,0,Normal
1.447,TCP,1151,8080,8937,60.2,371808.85,6176.23,538007.4,102,0.34,174,1,DoS
1.48,HTTP,61230,443,30,1077.53,21841.82,20.27,32325.9,11,4.08,0,0,Normal
1.037,TCP,22458,25,15,514.63,7444.02,14.46,7719.45,7,2.35,0,0,Normal
0.747,TCP,4019,80,3663,54.27,266119.16,4903.61,198791.01,348,0.02,136,1,Port Scan
6.616,TCP,28983,22,4885,315.33,232827.55,738.36,1540387.05,62,2.7,67,1,Brute Force
0.689,TCP,9136,22,72,394.43,41217.65,104.5,28398.96,10,1.23,0,0,Normal
0.434,HTTP,6691,8443,57,717.35,94214.17,131.34,40888.95,14,1.71,0,0,Normal
0.01,DNS,9181,8443,28,604.68,338620.8,560.0,16931.04,15,4.9,0,0,Normal
0.481,TCP,34649,53,36,956.17,71563.66,74.84,34422.12,1,5.26,0,0,Normal
0.498,ICMP,49147,22,44,991.88,87635.98,88.35,43642.72,9,2.63,0,0,Normal
1.828,TCP,26482,8443,51,706.02,19697.49,27.9,36007.02,10,0.38,0,0,Normal
0.09,UDP,25368,443,60,522.32,348213.33,666.67,31339.2,11,3.39,0,0,Normal
0.333,TCP,62759,443,21203,75.63,4815564.23,63672.67,1603582.89,165,0.12,90,1,DoS
0.072,TCP,42516,22,48,325.85,217233.33,666.67,15640.8,12,2.35,0,0,Normal
2.374,TCP,20697,53,56,596.2,14063.69,23.59,33387.2,14,4.15,0,0,Normal
0.026,TCP,64895,22,48,381.16,365913.6,960.0,18295.68,7,2.07,0,0,Normal
0.888,TCP,15900,3389,3777,38.61,164222.94,4253.38,145829.97,480,0.11,172,1,Port Scan
3.394,UDP,54957,443,5810,1171.88,2006076.25,1711.84,6808622.8,76,2.14,27,1,Botnet
1.914,TCP,25891,443,26484,66.16,915455.3,13836.99,1752181.44,100,0.11,159,1,DoS
1.204,TCP,33258,443,20016,67.12,1115842.13,16624.58,1343473.92,381,0.14,84,1,DoS
0.895,UDP,60312,8443,17,1004.2,19074.19,18.99,17071.4,1,3.26,0,0,Normal
0.799,HTTP,60241,3000,81,282.38,28626.76,101.38,22872.78,1,8.29,0,0,Normal
1.066,TCP,47556,53,36,609.62,20587.54,33.77,21946.32,9,2.19,0,0,Normal
0.833,TCP,21635,143,1064,54.25,69294.12,1277.31,57722.0,446,0.04,459,1,Port Scan
0.55,TCP,8165,443,33464,79.1,4812731.64,60843.64,2647002.4,203,0.05,172,1,DoS
0.582,TCP,13778,22,54,507.32,47070.93,92.78,27395.28,10,0.94,0,0,Normal
0.573,TCP,35624,25,2257,44.81,176502.91,3938.92,101136.17,426,0.07,321,1,Port Scan
0.766,UDP,63426,25,95,948.61,117647.45,124.02,90117.95,4,3.39,0,0,Normal
0.441,TCP,34741,3389,1824,53.68,222023.4,4136.05,97912.32,229,0.11,491,1,Port Scan
0.563,TCP,6568,443,7700,67.65,925230.91,13676.73,520905.0,273,0.23,108,1,DoS
6.503,TCP,64882,22,66,634.51,6439.74,10.15,41877.66,7,0.91,0,0,Normal
2.36,TCP,52099,23,2296,214.71,208887.36,972.88,492974.16,91,1.71,50,1,Brute Force
1.201,TCP,64928,8443,18,609.18,9130.09,14.99,10965.24,15,2.07,0,0,Normal
0.066,UDP,42168,8443,89,423.56,571164.24,1348.48,37696.84,7,1.17,0,0,Normal
0.558,HTTP,14377,443,57,664.8,67909.68,102.15,37893.6,2,5.19,0,0,Normal
2.19,TCP,62010,123,28036,100.85,1291064.2,12801.83,2827430.6,375,0.06,373,1,DDoS
0.376,UDP,38764,22,52,482.59,66741.17,138.3,25094.68,6,3.87,0,0,Normal
0.39,UDP,25604,25,40,691.21,70893.33,102.56,27648.4,6,2.61,1,0,Normal
0.091,UDP,58549,80,15,719.3,118565.93,164.84,10789.5,15,4.06,2,0,Normal
6.695,HTTP,48263,25,23,480.61,1651.09,3.44,11054.03,13,3.98,0,0,Normal
0.118,HTTP,64528,443,25,570.47,120862.29,211.86,14261.75,15,1.96,0,0,Normal
1.447,UDP,8583,8080,34129,70.59,1664938.57,23586.04,2409166.11,144,0.32,43,1,DoS
0.07,UDP,25005,53,53,731.38,553759.14,757.14,38763.14,8,1.72,0,0,Normal
2.058,UDP,46031,443,70,518.56,17638.1,34.01,36299.2,8,3.57,0,0,Normal
0.089,TCP,55897,22,26,812.1,237242.7,292.13,21114.6,12,1.66,0,0,Normal
0.575,UDP,4701,80,43,416.32,31133.5,74.78,17901.76,12,1.21,0,0,Normal
1.182,TCP,61037,3000,35,96.39,2854.19,29.61,3373.65,13,3.06,0,0,Normal
2.489,TCP,25957,80,32523,119.85,1566043.21,13066.69,3897881.55,828,0.03,112,1,DDoS
1.163,ICMP,23723,3000,55,433.67,20508.9,47.29,23851.85,11,1.61,0,0,Normal
1.772,TCP,57516,8080,18340,63.92,661564.79,10349.89,1172292.8,344,0.35,234,1,DoS
0.233,DNS,16997,3000,23,411.13,40583.65,98.71,9455.99,9,1.08,0,0,Normal
0.114,TCP,5175,8443,30,344.48,90652.63,263.16,10334.4,4,1.29,0,0,Normal
2.578,TCP,56987,80,10,211.14,819.01,3.88,2111.4,9,1.46,0,0,Normal
1.797,TCP,54285,25,25,866.58,12055.93,13.91,21664.5,13,0.31,0,0,Normal
0.377,UDP,5171,53,49,634.95,82526.66,129.97,31112.55,4,3.69,0,0,Normal
0.105,TCP,46453,53,27,690.55,177570.0,257.14,18644.85,6,0.88,0,0,Normal
1.094,UDP,63879,22,32,435.97,12752.32,29.25,13951.04,13,10.14,0,0,Normal
0.079,TCP,43537,25,3337,51.13,2159757.09,42240.51,170620.81,453,0.02,330,1,Port Scan
0.01,TCP,27918,22,14,699.89,195969.2,280.0,9798.46,7,1.09,0,0,Normal
0.593,UDP,58930,25,64,823.81,88910.35,107.93,52723.84,13,1.03,0,0,Normal
2.2,HTTP,41399,3000,15,425.15,2898.75,6.82,6377.25,14,3.38,0,0,Normal
0.648,ICMP,32021,80,12,463.71,8587.22,18.52,5564.52,3,0.59,0,0,Normal
0.534,UDP,2201,80,19811,80.71,2994280.54,37099.25,1598945.81,178,0.44,44,1,DoS
0.922,TCP,38197,123,49130,96.25,5128809.65,53286.33,4728762.5,611,0.08,112,1,DDoS
0.557,TCP,50829,3389,3009,49.09,265191.76,5402.15,147711.81,274,0.15,291,1,Port Scan
0.403,TCP,59458,8443,25,40.0,2481.39,62.03,1000.0,9,10.1,0,0,Normal
0.223,DNS,59849,443,36,873.33,140986.01,161.43,31439.88,3,0.73,0,0,Normal
0.679,TCP,29122,23,874,39.49,50831.02,1287.19,34514.26,335,0.15,332,1,Port Scan
1.808,HTTP,31635,80,3930,1158.06,2517243.25,2173.67,4551175.8,153,0.44,31,1,Botnet
0.624,TCP,6440,25,3224,43.57,225111.67,5166.67,140469.68,544,0.07,471,1,Port Scan
7.959,TCP,5886,3389,1003,174.72,22018.36,126.02,175244.16,84,2.94,87,1,Brute Force
0.941,DNS,48102,443,29,328.8,10133.05,30.82,9535.2,13,7.03,0,0,Normal
2.508,HTTP,54021,22,55,691.63,15167.32,21.93,38039.65,2,4.94,0,0,Normal
1.893,TCP,42678,22,34,991.61,17810.22,17.96,33714.74,5,0.36,0,0,Normal
3.401,UDP,5740,8080,57,560.93,9401.06,16.76,31973.01,3,3.89,0,0,Normal
2.119,TCP,33495,25,34,198.71,3188.36,16.05,6756.14,11,0.32,1,0,Normal
0.01,DNS,42127,25,49,607.0,594860.0,980.0,29743.0,6,2.74,0,0,Normal
1.997,UDP,35310,8080,49,405.18,9941.82,24.54,19853.82,2,2.84,1,0,Normal
3.617,TCP,19574,8443,9,801.88,1995.28,2.49,7216.92,8,0.72,0,0,Normal
5.456,TCP,39923,23,4125,102.95,77835.18,756.05,424668.75,122,1.5,26,1,Brute Force
1.682,UDP,20954,443,23907,129.82,1845188.31,14213.44,3103606.74,364,0.72,141,1,DDoS
0.919,TCP,6483,3000,53,499.27,28793.59,57.67,26461.31,15,0.4,0,0,Normal
1.714,UDP,43076,3000,25,296.6,4326.14,14.59,7415.0,7,1.11,0,0,Normal
4.653,UDP,46450,9001,7629,1237.94,2029710.78,1639.59,9444244.26,178,1.77,6,1,Botnet
1.643,UDP,41328,9001,4414,1009.82,2712930.91,2686.55,4457345.48,79,0.74,31,1,Botnet
0.467,TCP,45879,22,55,443.85,52273.55,117.77,24411.75,1,0.05,0,0,Normal
1.966,TCP,9276,22,58,609.7,17987.08,29.5,35362.6,2,0.3,0,0,Normal
1.289,TCP,62086,443,9763,55.6,421119.32,7574.09,542822.8,238,0.26,168,1,DoS
0.822,ICMP,51355,443,33743,74.68,3065604.91,41049.88,2519927.24,242,0.04,61,1,DoS
1.557,TCP,54261,53,37668,49.77,1204069.6,24192.68,1874736.36,658,0.65,134,1,DDoS
0.225,ICMP,19202,8080,55,655.43,160216.22,244.44,36048.65,6,1.69,0,0,Normal
1.325,TCP,2926,8443,51,1060.83,40831.95,38.49,54102.33,6,0.82,0,0,Normal
0.333,TCP,56329,22,2548,46.57,356337.42,7651.65,118660.36,441,0.12,332,1,Port Scan
1.491,TCP,5371,8080,9954,64.16,428335.77,6676.06,638648.64,123,0.48,210,1,DoS
0.838,HTTP,56431,25,79,414.91,39114.43,94.27,32777.89,4,0.43,0,0,Normal
1.201,ICMP,33690,80,27003,65.4,1470438.13,22483.76,1765996.2,344,0.48,79,1,DoS
0.727,HTTP,26775,8080,14,723.23,13927.4,19.26,10125.22,2,1.39,1,0,Normal
1.408,HTTP,30469,80,98,598.58,41662.53,69.6,58660.84,1,1.45,0,0,Normal
0.152,TCP,53047,8080,42,570.29,157580.13,276.32,23952.18,12,4.79,0,0,Normal
2.022,TCP,58916,80,53080,206.56,5422455.39,26251.24,10964204.8,471,0.26,363,1,DDoS
1.328,UDP,12462,25,24,188.27,3402.47,18.07,4518.48,6,2.46,0,0,Normal
0.62,HTTP,11954,443,66,418.65,44565.97,106.45,27630.9,3,4.39,0,0,Normal
0.259,UDP,25673,443,48727,97.84,18407141.62,188135.14,4767449.68,286,0.77,417,1,DDoS
0.3,TCP,9824,443,21,460.88,32261.6,70.0,9678.48,6,0.71,1,0,Normal
1.065,TCP,27723,6667,1676,1017.76,1601657.99,1573.71,1705765.76,74,2.05,7,1,Botnet
1.991,UDP,32025,80,23,761.07,8791.87,11.55,17504.61,3,1.45,0,0,Normal
0.906,DNS,12408,53,39,253.48,10911.39,43.05,9885.72,4,3.57,0,0,Normal
0.324,UDP,61471,25,28,539.75,46645.06,86.42,15113.0,15,0.24,0,0,Normal
0.134,HTTP,15208,443,36,197.11,52954.93,268.66,7095.96,15,1.45,0,0,Normal
2.711,HTTP,58910,80,5021,686.34,1271159.4,1852.08,3446113.14,143,0.86,16,1,Botnet
0.771,TCP,24553,80,18,783.31,18287.39,23.35,14099.58,8,0.94,0,0,Normal
1.646,TCP,4490,443,51298,190.84,5947576.14,31165.25,9789710.32,662,0.17,184,1,DDoS
0.06,TCP,48498,80,82,1049.81,1434740.33,1366.67,86084.42,14,0.1,0,0,Normal
1.128,TCP,20427,80,5604,1039.84,5166013.62,4968.09,5827263.36,68,1.96,28,1,Botnet
2.337,TCP,48462,443,3475,1100.71,1636699.72,1486.95,3824967.25,97,0.44,39,1,Botnet
0.195,TCP,48454,53,35,980.53,175992.56,179.49,34318.55,6,0.11,0,0,Normal
0.432,TCP,7755,8443,24,655.8,36433.33,55.56,15739.2,9,7.25,0,0,Normal
1.112,TCP,50418,8080,6065,55.23,301231.97,5454.14,334969.95,164,0.48,40,1,DoS
0.24,TCP,19874,25,18,687.76,51582.0,75.0,12379.68,6,3.09,0,0,Normal
1.338,TCP,31568,8080,40,40.0,1195.81,29.9,1600.0,12,2.23,0,0,Normal
0.407,TCP,18585,53,38,567.34,52970.32,93.37,21558.92,7,0.2,0,0,Normal
0.982,TCP,59541,443,7286,67.63,501784.3,7419.55,492752.18,135,0.28,51,1,DoS
1.047,TCP,54786,80,15944,239.19,3642450.2,15228.27,3813645.36,759,0.23,284,1,DDoS
4.819,HTTP,2114,6667,5238,788.78,857362.45,1086.95,4131629.64,140,0.37,29,1,Botnet
1.189,UDP,7222,22,21,397.9,7027.67,17.66,8355.9,8,1.4,0,0,Normal
1.293,UDP,53182,22,22,763.63,12992.93,17.01,16799.86,5,0.77,0,0,Normal
1.762,UDP,38421,8443,74,84.89,3565.19,42.0,6281.86,11,2.61,0,0,Normal
0.098,ICMP,36134,25,10,342.39,34937.76,102.04,3423.9,1,3.79,0,0,Normal
5.798,TCP,32733,3389,4252,97.3,71355.57,733.36,413719.6,123,1.97,41,1,Brute Force
1.35,TCP,60155,8080,32,552.31,13091.79,23.7,17673.92,14,0.56,0,0,Normal
1.752,TCP,64471,80,28276,73.96,1193660.37,16139.27,2091292.96,273,0.32,114,1,DoS
2.013,HTTP,61725,443,833,2159.71,893710.1,413.81,1799038.43,77,1.41,11,1,Web Attack
3.142,TCP,51230,8088,3127,556.9,554241.34,995.23,1741426.3,88,1.86,33,1,Botnet
2.631,UDP,9300,443,15751,217.02,1299233.0,5986.7,3418282.02,821,0.55,153,1,DDoS
0.281,TCP,29576,8443,26,841.58,77868.61,92.53,21881.08,9,5.06,0,0,Normal
1.602,TCP,6438,8443,18,599.42,6735.06,11.24,10789.56,4,4.15,0,0,Normal
1.833,UDP,44085,53,45,108.4,2661.21,24.55,4878.0,7,4.25,0,0,Normal
0.732,TCP,64973,22,3745,46.5,237899.59,5116.12,174142.5,480,0.15,437,1,Port Scan
1.789,UDP,29554,8080,17765,50.17,498194.55,9930.13,891270.05,330,0.05,232,1,DoS
1.315,ICMP,14701,80,17471,71.87,954859.9,13285.93,1255640.77,95,0.3,180,1,DoS
0.394,TCP,65398,53,34,202.59,17482.39,86.29,6888.06,4,0.69,0,0,Normal
0.924,ICMP,7050,443,25,449.0,12148.27,27.06,11225.0,10,1.42,0,0,Normal
1.65,ICMP,44581,80,31157,62.52,1180567.05,18883.03,1947935.64,196,0.49,205,1,DoS
3.07,TCP,34812,123,31951,134.19,1396581.33,10407.49,4287504.69,753,0.09,167,1,DDoS
0.161,TCP,42848,25,114,389.45,275759.63,708.07,44397.3,2,0.22,0,0,Normal
2.905,DNS,41260,25,38,496.87,6499.5,13.08,18881.06,12,1.05,1,0,Normal
0.918,HTTP,63779,25,12,989.48,12934.38,13.07,11873.76,15,0.12,0,0,Normal
2.621,TCP,62384,53,34,651.97,8457.45,12.97,22166.98,12,0.88,0,0,Normal
0.946,TCP,22601,25,57,559.15,33690.86,60.25,31871.55,5,2.61,0,0,Normal
0.731,TCP,42046,443,124,474.48,80486.35,169.63,58835.52,12,7.96,0,0,Normal
1.887,TCP,58918,8443,24,808.47,10282.61,12.72,19403.28,4,2.02,1,0,Normal
0.734,HTTP,57299,80,18,560.44,13743.76,24.52,10087.92,7,0.69,0,0,Normal
1.034,TCP,21627,25,63,684.19,41686.62,60.93,43103.97,4,6.17,1,0,Normal
0.682,TCP,36786,123,52335,86.79,6660050.81,76737.54,4542154.65,236,0.52,435,1,DDoS
1.997,TCP,57240,443,15758,61.51,485365.34,7890.84,969274.58,262,0.35,150,1,DoS
0.654,HTTP,31104,25,63,620.74,59796.06,96.33,39106.62,4,5.03,0,0,Normal
2.335,UDP,18179,25,29,670.86,8331.88,12.42,19454.94,12,0.38,0,0,Normal
0.026,HTTP,22219,443,17,571.61,194347.4,340.0,9717.37,2,1.94,0,0,Normal
0.409,TCP,48602,443,59085,122.75,17732723.11,144462.1,7252683.75,792,0.1,245,1,DDoS
1.917,TCP,31315,443,38,1009.73,20015.51,19.82,38369.74,1,0.23,0,0,Normal
0.01,TCP,61589,53,38,732.56,556745.6,760.0,27837.28,2,3.8,1,0,Normal
1.945,UDP,40210,123,28107,129.37,1869512.9,14450.9,3636202.59,604,0.78,390,1,DDoS
0.411,TCP,46578,25,27,237.81,15622.55,65.69,6420.87,11,8.41,0,0,Normal
2.904,TCP,3021,80,50924,122.25,2143753.1,17535.81,6225459.0,550,0.1,440,1,DDoS
0.429,UDP,41003,3000,47,822.62,90123.87,109.56,38663.14,3,2.87,0,0,Normal
2.567,TCP,51285,123,15856,192.69,1190219.18,6176.86,3055292.64,613,0.09,345,1,DDoS
0.19,UDP,4572,8443,28,724.81,106814.11,147.37,20294.68,8,1.3,1,0,Normal
1.388,TCP,27355,443,14846,78.24,836852.33,10695.97,1161551.04,319,0.24,118,1,DoS
2.174,TCP,3254,80,63,943.04,27328.21,28.98,59411.52,10,4.26,0,0,Normal
0.059,TCP,21022,80,23,444.36,173225.08,389.83,10220.28,9,0.51,0,0,Normal
0.136,HTTP,43540,8443,47,540.02,186624.56,345.59,25380.94,13,7.31,0,0,Normal
3.377,TCP,43832,3306,4759,158.33,223124.81,1409.24,753492.47,71,2.26,44,1,Brute Force
0.823,UDP,19938,3000,12,837.32,12208.8,14.58,10047.84,2,0.28,0,0,Normal
1.202,TCP,63502,9001,1383,906.21,1042669.24,1150.58,1253288.43,176,1.12,29,1,Botnet
0.181,HTTP,22389,8443,60,612.4,203005.52,331.49,36744.0,8,6.62,0,0,Normal
0.457,TCP,27965,3000,38,238.57,19837.33,83.15,9065.66,14,2.98,0,0,Normal
1.652,TCP,25088,8080,34011,59.1,1216737.35,20587.77,2010050.1,222,0.24,148,1,DoS
4.253,TCP,38132,21,4856,130.33,148808.48,1141.78,632882.48,72,1.24,79,1,Brute Force
0.055,HTTP,29981,25,50,577.95,525409.09,909.09,28897.5,6,4.32,0,0,Normal
0.498,TCP,32221,22,21,947.47,39953.55,42.17,19896.87,2,6.25,0,0,Normal
0.712,TCP,5365,25,45,866.71,54778.02,63.2,39001.95,11,0.42,0,0,Normal
0.069,TCP,21575,3000,44,40.0,25507.25,637.68,1760.0,13,2.0,0,0,Normal
1.885,UDP,35945,25,43,796.93,18179.31,22.81,34267.99,8,0.8,0,0,Normal
0.137,UDP,20841,22,30,634.65,138974.45,218.98,19039.5,10,1.24,0,0,Normal
1.761,UDP,56051,80,40276,99.25,2269956.27,22871.1,3997393.0,870,0.7,80,1,DDoS
0.577,TCP,44629,8443,44,991.18,75583.92,76.26,43611.92,3,1.58,0,0,Normal
3.163,TCP,61064,3306,982,161.28,50071.75,310.46,158376.96,65,1.33,65,1,Brute Force
0.595,TCP,30754,8080,32,1194.93,64265.14,53.78,38237.76,3,0.37,0,0,Normal
2.23,HTTP,49317,443,808,1926.17,697912.72,362.33,1556345.36,43,1.0,25,1,Web Attack
0.506,TCP,14042,22,56,265.57,29391.15,110.67,14871.92,13,10.15,0,0,Normal
0.722,TCP,45164,443,41,913.86,51895.1,56.79,37468.26,3,0.41,0,0,Normal
0.295,TCP,46817,80,52,468.71,82620.07,176.27,24372.92,7,0.07,0,0,Normal
0.06,TCP,6938,22,35,442.56,258160.0,583.33,15489.6,5,5.22,0,0,Normal
1.049,TCP,61868,8080,26269,71.0,1777978.07,25041.94,1865099.0,113,0.36,228,1,DoS
0.07,TCP,24151,8443,36,489.37,251676.0,514.29,17617.32,8,1.15,0,0,Normal
1.566,TCP,30818,8443,23,914.66,13433.7,14.69,21037.18,2,1.84,0,0,Normal
0.263,TCP,29186,80,14824,52.76,2973818.4,56365.02,782114.24,393,0.23,200,1,DoS
1.315,HTTP,62320,8088,7387,709.41,3985103.93,5617.49,5240411.67,181,1.33,15,1,Botnet
3.732,UDP,8041,53,46,523.14,6448.14,12.33,24064.44,5,1.64,0,0,Normal
0.92,TCP,15541,8443,39,773.31,32781.62,42.39,30159.09,5,5.61,0,0,Normal
0.338,HTTP,25427,8080,1576,688.59,3210703.67,4662.72,1085217.84,38,0.75,21,1,Web Attack
1.616,HTTP,49424,53,51,681.49,21507.42,31.56,34755.99,9,1.91,0,0,Normal
4.814,TCP,29636,21,4793,186.62,185805.91,995.64,894469.66,102,1.78,85,1,Brute Force
0.863,TCP,48835,443,42,610.61,29716.83,48.67,25645.62,3,1.91,0,0,Normal
0.022,UDP,51138,443,34,349.39,237585.2,680.0,11879.26,10,2.95,0,0,Normal
0.771,TCP,45984,53,23,438.51,13081.36,29.83,10085.73,1,0.99,0,0,Normal
2.334,TCP,55411,3000,18,517.74,3992.85,7.71,9319.32,2,0.66,0,0,Normal
0.781,UDP,45158,80,58748,87.98,6617988.53,75221.51,5168649.04,318,0.5,137,1,DDoS
0.405,TCP,2146,8080,31876,80.69,6350801.09,78706.17,2572074.44,270,0.3,196,1,DoS
0.82,TCP,3809,143,2081,41.17,104481.43,2537.8,85674.77,472,0.01,458,1,Port Scan
0.775,UDP,35291,443,43,757.62,42035.69,55.48,32577.66,7,1.45,0,0,Normal
1.063,TCP,64898,8080,25,270.1,6352.3,23.52,6752.5,2,0.07,1,0,Normal
3.031,HTTP,49400,8088,2950,1139.25,1108804.85,973.28,3360787.5,74,2.17,6,1,Botnet
1.014,TCP,50877,80,29815,45.99,1352260.21,29403.35,1371191.85,126,0.42,211,1,DoS
1.09,TCP,51700,8080,25,568.47,13038.3,22.94,14211.75,15,2.35,0,0,Normal
2.725,TCP,21365,80,2274,1714.71,1430917.63,834.5,3899250.54,36,1.91,14,1,Web Attack
2.04,UDP,18491,80,8,397.49,1558.78,3.92,3179.92,13,0.22,2,0,Normal
0.86,HTTP,11427,8443,19,702.94,15530.07,22.09,13355.86,8,0.79,0,0,Normal
0.255,UDP,58216,8443,53,212.89,44247.73,207.84,11283.17,10,4.88,0,0,Normal
4.171,TCP,62050,3306,892,150.01,32080.78,213.86,133808.92,129,2.06,89,1,Brute Force
0.855,TCP,30640,80,12,778.11,10920.84,14.04,9337.32,1,1.87,0,0,Normal
0.3,TCP,16869,8443,133,731.12,324129.87,443.33,97238.96,14,2.08,0,0,Normal
1.626,ICMP,9622,22,16,755.04,7429.67,9.84,12080.64,12,0.46,0,0,Normal
2.361,TCP,29244,53,28,588.08,6974.27,11.86,16466.24,9,1.96,0,0,Normal
2.029,TCP,45836,22,2236,265.88,293005.26,1102.02,594507.68,113,3.49,45,1,Brute Force
0.105,TCP,50298,8443,45,481.02,206151.43,428.57,21645.9,3,4.77,0,0,Normal
0.261,TCP,37497,53,31247,124.71,14930319.43,119720.31,3896813.37,304,0.63,290,1,DDoS
3.076,UDP,58022,9001,7249,619.15,1459108.7,2356.63,4488218.35,179,2.2,31,1,Botnet
0.463,TCP,11674,21,2738,49.92,295207.26,5913.61,136680.96,177,0.01,190,1,Port Scan
0.403,TCP,19602,22,19,172.24,8120.5,47.15,3272.56,3,8.54,0,0,Normal
0.096,TCP,60959,3000,20,424.56,88450.0,208.33,8491.2,3,4.13,0,0,Normal
0.728,HTTP,41939,80,85,484.57,56577.54,116.76,41188.45,5,1.0,0,0,Normal
0.807,UDP,3810,443,26722,71.16,2356304.24,33112.76,1901537.52,264,0.25,133,1,DoS
0.281,TCP,52583,25,24,753.83,64384.06,85.41,18091.92,5,0.61,0,0,Normal
0.608,TCP,53756,3000,55,498.36,45081.91,90.46,27409.8,15,0.6,0,0,Normal
0.659,UDP,63621,8080,27,531.27,21766.75,40.97,14344.29,1,9.33,0,0,Normal
0.499,DNS,51563,25,43,595.83,51344.07,86.17,25620.69,12,1.95,0,0,Normal
0.25,TCP,60334,22,2103,56.9,478642.8,8412.0,119660.7,581,0.12,317,1,Port Scan
3.301,TCP,10641,443,79,40.0,957.29,23.93,3160.0,7,2.98,0,0,Normal
1.374,ICMP,45906,443,18473,66.68,896491.73,13444.69,1231779.64,93,0.5,127,1,DoS
0.262,TCP,34415,80,12853,63.04,3092569.16,49057.25,810253.12,346,0.07,125,1,DoS
0.174,UDP,15963,80,22,598.74,75702.76,126.44,13172.28,12,1.03,2,0,Normal
4.192,TCP,11114,21,4237,182.39,184347.91,1010.73,772786.43,101,3.58,110,1,Brute Force
0.71,TCP,5002,443,26196,67.18,2478658.14,36895.77,1759847.28,104,0.27,61,1,DoS
1.739,UDP,32193,80,50,590.56,16979.87,28.75,29528.0,6,0.96,0,0,Normal
0.65,DNS,43006,8080,62,116.86,11146.65,95.38,7245.32,14,0.44,0,0,Normal
2.461,TCP,2385,3000,28,521.53,5933.7,11.38,14602.84,14,0.61,0,0,Normal
2.774,HTTP,20037,53,28,557.03,5622.51,10.09,15596.84,3,1.68,0,0,Normal
2.485,TCP,15406,6667,5331,825.95,1771887.1,2145.27,4403139.45,104,2.27,31,1,Botnet
0.141,TCP,18787,443,21,1012.03,150727.87,148.94,21252.63,15,8.89,0,0,Normal
0.879,TCP,62672,53,13,699.96,10352.08,14.79,9099.48,6,1.24,0,0,Normal
1.001,TCP,21876,3000,46,460.18,21147.13,45.95,21168.28,12,2.69,0,0,Normal
0.447,TCP,49870,110,1045,35.98,84114.32,2337.81,37599.1,379,0.11,199,1,Port Scan
1.48,UDP,11338,8080,25468,72.2,1242425.41,17208.11,1838789.6,343,0.2,54,1,DoS
0.748,UDP,18247,3000,44,280.13,16478.24,58.82,12325.72,2,2.44,0,0,Normal
0.633,ICMP,22104,8080,38,368.77,22137.85,60.03,14013.26,1,2.39,0,0,Normal
2.158,HTTP,23836,8080,45,709.43,14793.49,20.85,31924.35,14,0.84,0,0,Normal
2.714,TCP,39656,80,38,658.09,9214.23,14.0,25007.42,8,1.44,0,0,Normal
5.739,TCP,16887,25,56,822.62,8026.96,9.76,46066.72,4,9.77,0,0,Normal
5.398,HTTP,1541,25,30,697.26,3875.1,5.56,20917.8,15,1.35,0,0,Normal
0.391,UDP,9372,443,42,511.52,54945.88,107.42,21483.84,7,1.54,0,0,Normal
1.276,HTTP,56167,22,28,438.83,9629.5,21.94,12287.24,5,2.77,0,0,Normal
0.991,TCP,48510,8080,19981,66.47,1340198.86,20162.46,1328137.07,229,0.31,193,1,DoS
0.653,TCP,25917,22,31,927.79,44045.16,47.47,28761.49,8,0.57,0,0,Normal
0.693,UDP,9040,8080,60,466.63,40400.87,86.58,27997.8,2,2.01,0,0,Normal
2.786,TCP,54480,3389,1606,109.94,63375.32,576.45,176563.64,52,3.56,118,1,Brute Force
1.3,UDP,6021,443,22308,82.33,1412782.8,17160.0,1836617.64,389,0.47,48,1,DoS
1.612,UDP,18256,443,18,304.75,3402.92,11.17,5485.5,8,0.05,0,0,Normal
0.208,TCP,7164,443,52443,104.35,26309745.43,252129.81,5472427.05,393,0.22,274,1,DDoS
2.041,TCP,17917,80,30,190.98,2807.15,14.7,5729.4,15,0.32,0,0,Normal
0.403,HTTP,62506,80,447,2555.64,2834667.69,1109.18,1142371.08,60,0.85,17,1,Web Attack
0.799,TCP,53310,443,25118,56.73,1783409.44,31436.8,1424944.14,355,0.29,227,1,DoS
0.525,TCP,15208,25,40,504.19,38414.48,76.19,20167.6,3,2.17,0,0,Normal
0.575,TCP,56195,23,3470,44.96,271323.83,6034.78,156011.2,265,0.01,465,1,Port Scan
2.768,HTTP,4892,3000,18,404.81,2632.43,6.5,7286.58,4,3.38,0,0,Normal
0.421,TCP,18971,22,81,673.68,129615.39,192.4,54568.08,15,2.75,0,0,Normal
0.81,TCP,40327,443,9165,76.1,861057.41,11314.81,697456.5,308,0.44,84,1,DoS
1.51,TCP,35819,80,26420,68.46,1197823.31,17496.69,1808713.2,98,0.32,127,1,DoS
1.175,TCP,39538,80,32760,47.36,1320437.11,27880.85,1551513.6,155,0.02,57,1,DoS
1.141,TCP,13251,3000,76,693.52,46194.15,66.61,52707.52,1,2.56,0,0,Normal
0.698,TCP,58814,8080,14602,82.91,1734458.19,20919.77,1210651.82,331,0.35,141,1,DoS
0.164,TCP,58463,445,1175,48.39,346696.65,7164.63,56858.25,434,0.04,378,1,Port Scan
0.097,DNS,2080,8080,75,289.33,223708.76,773.2,21699.75,9,0.63,0,0,Normal
1.091,TCP,11712,80,3808,1409.06,4918148.93,3490.38,5365700.48,104,0.47,39,1,Botnet
0.808,UDP,47524,8080,73,610.72,55176.44,90.35,44582.56,13,0.55,0,0,Normal
0.086,TCP,23401,3000,40,136.09,63297.67,465.12,5443.6,10,2.32,0,0,Normal
0.027,TCP,25589,8443,31,41.19,25537.8,620.0,1276.89,3,2.87,0,0,Normal
0.514,UDP,42661,80,33844,77.35,5093061.09,65844.36,2617833.4,203,0.27,183,1,DoS
0.667,TCP,24130,443,3058,49.87,228639.37,4584.71,152502.46,552,0.08,163,1,Port Scan
0.991,TCP,52137,443,27,592.62,16146.05,27.25,16000.74,3,0.31,0,0,Normal
0.171,TCP,3173,80,28,164.14,26876.73,163.74,4595.92,8,3.61,0,0,Normal
1.257,HTTP,7318,53,31,583.21,14383.06,24.66,18079.51,9,0.32,0,0,Normal
0.052,TCP,65015,80,42,571.78,461822.31,807.69,24014.76,7,4.88,0,0,Normal
3.272,UDP,44519,123,57710,142.65,2515993.73,17637.53,8232331.5,706,0.68,392,1,DDoS
0.981,TCP,1367,8080,25,520.4,13261.98,25.48,13010.0,13,0.95,0,0,Normal
1.854,TCP,12780,80,7880,70.87,301216.61,4250.27,558455.6,187,0.26,80,1,DoS
2.682,TCP,41243,443,55556,148.53,3076708.68,20714.39,8251732.68,813,0.25,427,1,DDoS
0.784,TCP,12042,3306,1397,57.32,102137.81,1781.89,80076.04,536,0.14,344,1,Port Scan
0.071,TCP,40304,53,27,256.61,97584.08,380.28,6928.47,14,2.98,0,0,Normal
1.772,TCP,16047,3306,1227,158.58,109806.81,692.44,194577.66,136,3.13,117,1,Brute Force
0.228,UDP,26673,25,25,505.12,55385.96,109.65,12628.0,8,3.66,0,0,Normal
1.995,ICMP,11987,22,10,622.75,3121.55,5.01,6227.5,10,0.44,0,0,Normal
0.587,ICMP,4024,53,23,437.01,17123.05,39.18,10051.23,8,0.24,0,0,Normal
6.49,TCP,52997,3306,1951,103.49,31110.78,300.62,201908.99,59,2.22,81,1,Brute Force
0.155,TCP,23500,8080,34446,60.59,13465052.52,222232.26,2087083.14,270,0.32,116,1,DoS
0.922,TCP,51470,80,54207,58.25,3424683.03,58792.84,3157557.75,236,0.58,261,1,DDoS
2.328,HTTP,19173,8080,2126,1882.04,1718735.84,913.23,4001217.04,75,1.59,18,1,Web Attack
1.723,ICMP,9437,443,29,350.01,5891.06,16.83,10150.29,7,4.72,0,0,Normal
0.047,HTTP,44055,22,34,822.95,559606.0,680.0,27980.3,10,1.72,0,0,Normal
1.19,TCP,44499,443,41,695.33,23956.75,34.45,28508.53,15,0.83,0,0,Normal
0.297,TCP,2000,23,2605,46.05,403906.57,8771.04,119960.25,267,0.1,189,1,Port Scan
1.065,TCP,7293,3000,32,539.69,16216.04,30.05,17270.08,10,0.08,0,0,Normal
0.701,TCP,36782,53,45,596.06,38263.48,64.19,26822.7,11,4.35,0,0,Normal
0.531,TCP,21350,53,30,848.79,47954.24,56.5,25463.7,15,0.25,0,0,Normal
0.166,TCP,38320,25,47,207.85,58849.1,283.13,9768.95,7,2.78,0,0,Normal
0.732,TCP,52422,443,1536,60.37,126678.03,2098.36,92728.32,204,0.02,107,1,Port Scan
1.702,TCP,48016,443,18088,57.4,610018.33,10627.5,1038251.2,370,0.22,147,1,DoS
0.312,HTTP,23778,8443,26,767.4,63950.0,83.33,19952.4,11,2.96,0,0,Normal
1.482,HTTP,23717,80,1865,1642.27,2066689.3,1258.43,3062833.55,50,1.5,5,1,Web Attack
2.639,TCP,36398,80,28,802.61,8515.76,10.61,22473.08,12,6.16,0,0,Normal
2.449,TCP,54099,123,57194,168.36,3931883.15,23354.02,9629181.84,460,0.18,303,1,DDoS
2.677,TCP,44493,9001,7696,739.76,2126706.37,2874.86,5693192.96,188,2.07,31,1,Botnet
2.113,TCP,58459,8443,34,955.41,15373.37,16.09,32483.94,14,0.45,0,0,Normal
4.479,HTTP,18274,25,27,430.54,2595.35,6.03,11624.58,9,1.27,0,0,Normal
1.081,UDP,57408,25,47,677.42,29453.04,43.48,31838.74,15,5.69,0,0,Normal
0.011,UDP,53025,8443,19,40.0,15200.0,380.0,760.0,8,2.9,0,0,Normal
0.127,TCP,33165,8080,36,546.99,155052.28,283.46,19691.64,9,0.54,0,0,Normal
1.228,HTTP,1471,25,35,619.34,17652.2,28.5,21676.9,7,2.61,0,0,Normal
0.672,TCP,1655,8080,20,49.17,1463.39,29.76,983.4,12,2.5,0,0,Normal
2.735,UDP,22031,8443,40,582.94,8525.63,14.63,23317.6,13,7.1,0,0,Normal
5.137,TCP,41268,21,3043,204.1,120902.53,592.37,621076.3,147,3.41,92,1,Brute Force
0.682,TCP,26493,8443,17,377.82,9417.8,24.93,6422.94,10,1.17,0,0,Normal
0.832,TCP,11731,80,27048,157.97,5135543.94,32509.62,4272772.56,588,0.18,137,1,DDoS
0.223,UDP,46721,8080,75,763.49,256779.15,336.32,57261.75,14,4.06,0,0,Normal
1.023,DNS,22072,25,62,498.89,30235.76,60.61,30931.18,11,0.16,0,0,Normal
1.845,TCP,54407,443,38,872.22,17964.42,20.6,33144.36,4,1.58,0,0,Normal
1.243,TCP,25555,80,91,750.66,54955.8,73.21,68310.06,15,3.18,0,0,Normal
5.691,TCP,31842,3389,2856,92.97,46656.53,501.85,265522.32,34,1.84,100,1,Brute Force
0.379,UDP,42932,53,27,215.91,15381.45,71.24,5829.57,13,4.09,0,0,Normal
0.894,TCP,55006,25,30,547.12,18359.73,33.56,16413.6,11,0.94,0,0,Normal
1.821,TCP,6167,3000,23,930.88,11757.41,12.63,21410.24,10,1.41,0,0,Normal
1.675,TCP,4379,443,13153,67.06,526591.15,7852.54,882040.18,377,0.1,84,1,DoS
0.639,TCP,38610,8443,43,191.57,12891.25,67.29,8237.51,13,1.49,0,0,Normal
0.466,TCP,19401,8080,8976,49.99,962897.51,19261.8,448710.24,381,0.13,145,1,DoS
7.772,TCP,1912,22,1173,143.72,21691.14,150.93,168583.56,58,2.71,74,1,Brute Force
0.651,UDP,16773,3000,28,820.11,35273.55,43.01,22963.08,11,2.5,0,0,Normal
1.033,HTTP,9721,8080,21,331.16,6732.2,20.33,6954.36,5,0.11,0,0,Normal
2.224,UDP,61569,443,13,586.06,3425.71,5.85,7618.78,11,7.05,0,0,Normal
0.86,UDP,2341,53,37,525.79,22621.2,43.02,19454.23,13,0.34,0,0,Normal
1.119,HTTP,9787,80,28,129.78,3247.4,25.02,3633.84,10,5.1,0,0,Normal
3.605,DNS,12726,25,31,794.08,6828.43,8.6,24616.48,1,0.81,0,0,Normal
0.802,HTTP,31696,25,30,363.77,13607.36,37.41,10913.1,4,0.17,0,0,Normal
0.964,TCP,48297,3000,26,980.54,26446.1,26.97,25494.04,11,0.53,0,0,Normal
1.097,TCP,12962,80,46,396.39,16621.64,41.93,18233.94,3,2.17,0,0,Normal
1.55,UDP,22971,443,23252,52.81,792218.14,15001.29,1227938.12,139,0.35,113,1,DoS
3.043,TCP,2912,3000,30,488.15,4812.52,9.86,14644.5,10,4.14,1,0,Normal
1.498,TCP,32821,443,42,198.24,5558.13,28.04,8326.08,1,0.46,0,0,Normal
1.84,TCP,20947,80,25544,96.54,1340227.04,13882.61,2466017.76,740,0.57,309,1,DDoS
0.34,TCP,39970,8080,6592,71.16,1379666.82,19388.24,469086.72,370,0.25,85,1,DoS
3.654,DNS,23485,3000,63,235.53,4060.86,17.24,14838.39,6,4.18,0,0,Normal
0.665,TCP,58973,8080,15,183.91,4148.35,22.56,2758.65,15,0.1,0,0,Normal
7.386,TCP,2214,21,2699,246.27,89992.25,365.42,664682.73,51,1.29,80,1,Brute Force
0.22,UDP,10101,8080,26,573.26,67748.91,118.18,14904.76,3,3.01,0,0,Normal
0.189,UDP,32222,22,28,631.01,93482.96,148.15,17668.28,12,0.4,2,0,Normal
2.149,HTTP,22734,8080,50,785.12,18267.1,23.27,39256.0,4,3.01,0,0,Normal
0.999,HTTP,28429,25,22,592.62,13050.69,22.02,13037.64,6,0.84,0,0,Normal
0.295,UDP,7132,22,30,343.6,34942.37,101.69,10308.0,14,7.24,0,0,Normal
1.597,UDP,4857,9001,6706,1194.55,5016062.81,4199.12,8010652.3,119,0.44,24,1,Botnet
0.879,TCP,43459,8080,1066,1091.08,1323198.27,1212.74,1163091.28,47,1.22,16,1,Web Attack
0.957,HTTP,56877,80,61,487.55,31076.85,63.74,29740.55,14,4.38,0,0,Normal
0.809,UDP,18787,53,38,484.07,22737.53,46.97,18394.66,12,5.75,0,0,Normal
0.285,TCP,27518,23,3728,51.94,679411.65,13080.7,193632.32,151,0.11,289,1,Port Scan
0.065,HTTP,26635,443,43,658.46,435596.62,661.54,28313.78,8,0.98,0,0,Normal
0.108,TCP,13059,53,1007,42.34,394781.3,9324.07,42636.38,204,0.13,335,1,Port Scan
5.15,TCP,30914,21,1474,224.02,64117.57,286.21,330205.48,91,1.17,25,1,Brute Force
0.614,TCP,8992,22,23,343.71,12875.13,37.46,7905.33,10,2.12,0,0,Normal
0.765,HTTP,46544,53,14,214.32,3922.2,18.3,3000.48,9,3.43,0,0,Normal
1.789,HTTP,1825,53,28,552.05,8640.25,15.65,15457.4,6,1.38,0,0,Normal
0.927,TCP,55771,53,20,585.78,12638.19,21.57,11715.6,12,0.85,0,0,Normal
0.587,TCP,21296,110,1727,41.07,120831.16,2942.08,70927.89,593,0.12,401,1,Port Scan
3.123,TCP,7009,3306,3481,245.81,273988.03,1114.63,855664.61,122,1.06,73,1,Brute Force
0.618,UDP,44432,8080,37,551.55,33021.6,59.87,20407.35,9,2.81,0,0,Normal
1.788,TCP,60940,8080,34721,66.36,1288638.46,19418.9,2304085.56,228,0.29,222,1,DoS
0.053,TCP,9730,8080,3547,44.6,2984833.96,66924.53,158196.2,395,0.06,153,1,Port Scan
0.68,UDP,40779,8443,19,456.95,12767.72,27.94,8682.05,1,5.44,0,0,Normal
2.818,TCP,18774,6667,4637,1185.32,1950436.07,1645.49,5496328.84,51,2.39,13,1,Botnet
0.178,TCP,62787,143,3795,56.38,1202034.27,21320.22,213962.1,499,0.04,299,1,Port Scan
1.146,UDP,44555,8080,35,624.67,19078.05,30.54,21863.45,9,1.47,0,0,Normal
0.553,DNS,16661,8080,88,255.94,40728.25,159.13,22522.72,10,0.31,0,0,Normal
1.443,TCP,9204,443,18497,161.27,2067228.82,12818.43,2983011.19,486,0.33,357,1,DDoS
1.437,UDP,3663,53,16,459.59,5117.22,11.13,7353.44,2,2.17,0,0,Normal
1.051,UDP,56594,123,46043,154.23,6756624.06,43808.75,7101211.89,202,0.18,175,1,DDoS
3.236,TCP,40269,53,17088,146.76,774979.88,5280.59,2507834.88,600,0.04,163,1,DDoS
2.507,ICMP,32368,22,14,317.12,1770.91,5.58,4439.68,8,5.18,0,0,Normal
2.953,TCP,54701,443,20,532.17,3604.27,6.77,10643.4,12,0.07,0,0,Normal
2.511,TCP,32034,53,62,711.34,17563.95,24.69,44103.08,11,3.04,0,0,Normal
0.271,HTTP,14973,80,965,2253.93,8025986.9,3560.89,2175042.45,54,0.74,25,1,Web Attack
1.512,TCP,4749,443,15792,72.58,758057.78,10444.44,1146183.36,149,0.43,72,1,DoS
0.77,TCP,35285,445,1484,55.96,107850.18,1927.27,83044.64,157,0.12,288,1,Port Scan
7.187,TCP,57119,23,2237,164.87,51316.85,311.26,368814.19,130,0.94,56,1,Brute Force
1.882,HTTP,58363,8080,2177,2989.51,3458110.13,1156.75,6508163.27,15,1.73,12,1,Web Attack
0.319,UDP,16706,53,33,608.55,62953.45,103.45,20082.15,5,2.85,0,0,Normal
1.747,TCP,46601,3306,3153,184.1,332265.2,1804.81,580467.3,97,2.43,93,1,Brute Force
0.981,HTTP,30693,25,29,821.5,24284.91,29.56,23823.5,4,0.05,0,0,Normal
0.205,TCP,45464,80,64,40.0,12487.8,312.2,2560.0,3,1.47,0,0,Normal
0.079,UDP,34722,25,23,666.4,194015.19,291.14,15327.2,11,2.39,0,0,Normal
0.879,TCP,28778,53,2627,45.9,137177.82,2988.62,120579.3,235,0.08,302,1,Port Scan
2.657,HTTP,15536,80,476,1770.3,317148.21,179.15,842662.8,79,1.35,20,1,Web Attack
0.289,TCP,48814,8080,22,425.09,32359.79,76.12,9351.98,8,0.96,0,0,Normal
0.112,DNS,56234,22,30,411.18,110137.5,267.86,12335.4,10,2.02,0,0,Normal
2.871,HTTP,20980,80,666,1502.71,348591.03,231.97,1000804.86,66,1.98,20,1,Web Attack
0.274,UDP,61185,443,21,367.5,28166.06,76.64,7717.5,12,2.65,0,0,Normal
1.694,TCP,7071,8080,27774,68.73,1126863.65,16395.51,1908907.02,106,0.1,176,1,DoS
2.467,TCP,48319,80,32708,76.38,1012661.95,13258.21,2498237.04,657,0.62,149,1,DDoS
2.92,TCP,56020,443,29999,202.41,2079485.48,10273.63,6072097.59,501,0.07,152,1,DDoS
0.358,TCP,38289,80,10,227.89,6365.64,27.93,2278.9,10,0.79,1,0,Normal
2.356,HTTP,44750,3000,20,364.38,3093.21,8.49,7287.6,3,1.73,0,0,Normal
0.894,DNS,55696,3000,29,198.26,6431.25,32.44,5749.54,2,2.23,0,0,Normal
0.415,HTTP,45692,3000,15,767.13,27727.59,36.14,11506.95,15,0.73,0,0,Normal
9.134,UDP,33069,8443,35,495.08,1897.07,3.83,17327.8,9,0.05,0,0,Normal
2.002,HTTP,40157,22,38,610.44,11586.77,18.98,23196.72,2,1.06,0,0,Normal
2.883,UDP,59469,443,54,454.69,8516.57,18.73,24553.26,10,2.67,0,0,Normal
1.684,HTTP,58691,443,20,664.8,7895.49,11.88,13296.0,6,3.17,0,0,Normal
0.456,DNS,1255,25,7,651.99,10008.62,15.35,4563.93,1,2.0,0,0,Normal
1.461,UDP,44950,3000,17,544.38,6334.33,11.64,9254.46,10,1.5,0,0,Normal
0.63,TCP,12063,3000,38,346.17,20880.1,60.32,13154.46,13,2.8,0,0,Normal
6.922,UDP,21091,8080,16,380.61,879.77,2.31,6089.76,8,3.47,0,0,Normal
0.654,TCP,14883,8080,44,976.03,65665.63,67.28,42945.32,9,2.92,0,0,Normal
3.705,TCP,27469,23,2768,209.77,156718.86,747.1,580643.36,98,2.59,97,1,Brute Force
0.53,HTTP,23594,53,78,836.55,123114.91,147.17,65250.9,5,2.38,0,0,Normal
1.947,ICMP,28261,3000,9,517.93,2394.13,4.62,4661.37,5,0.85,0,0,Normal
1.39,TCP,42566,25,46,1024.22,33895.05,33.09,47114.12,8,3.33,0,0,Normal
1.76,UDP,61622,22,13,574.89,4246.35,7.39,7473.57,3,3.62,0,0,Normal
1.051,ICMP,36467,8443,57,442.31,23988.27,54.23,25211.67,14,0.75,0,0,Normal
2.029,HTTP,43510,8080,51,758.29,19060.02,25.14,38672.79,12,5.83,0,0,Normal
2.746,UDP,60323,443,1878,1779.1,1216733.36,683.9,3341149.8,118,2.43,37,1,Botnet
2.325,DNS,41253,443,20,877.55,7548.82,8.6,17551.0,9,1.99,0,0,Normal
2.115,UDP,35251,22,18,353.11,3005.19,8.51,6355.98,6,1.76,0,0,Normal
0.23,DNS,61476,80,19,937.48,77444.0,82.61,17812.12,10,0.37,0,0,Normal
0.428,UDP,63947,53,51,436.3,51989.02,119.16,22251.3,5,1.28,0,0,Normal
0.435,UDP,26195,53,22,614.04,31054.9,50.57,13508.88,7,17.85,0,0,Normal
1.063,HTTP,21862,3000,23,1176.36,25452.76,21.64,27056.28,2,1.6,0,0,Normal
1.724,TCP,50123,8443,25,631.71,9160.53,14.5,15792.75,12,5.06,0,0,Normal
0.666,TCP,43272,443,13,493.81,9638.93,19.52,6419.53,10,1.34,0,0,Normal
1.231,HTTP,32771,80,1008,2499.2,2046461.09,818.85,2519193.6,10,1.38,19,1,Web Attack
0.605,TCP,40858,22,25,359.26,14845.45,41.32,8981.5,2,2.63,0,0,Normal
0.47,TCP,49755,53,11,220.48,5160.17,23.4,2425.28,4,3.17,0,0,Normal
1.346,UDP,22039,22,20,235.61,3500.89,14.86,4712.2,5,0.86,0,0,Normal
1.368,TCP,64289,8080,69,712.18,35921.36,50.44,49140.42,14,5.32,0,0,Normal
1.38,UDP,47771,53,61,623.25,27549.46,44.2,38018.25,12,2.14,0,0,Normal
0.681,ICMP,37111,8080,28218,85.0,3522070.48,41436.12,2398530.0,221,0.23,160,1,DoS
2.331,TCP,28943,443,23334,93.58,936763.5,10010.3,2183595.72,752,0.15,204,1,DDoS
0.292,HTTP,30443,8080,74,854.69,216599.52,253.42,63247.06,14,0.16,1,0,Normal
2.186,UDP,26536,80,56848,67.34,1751209.66,26005.49,3828144.32,256,0.69,139,1,DDoS
0.49,TCP,49979,53,32,124.71,8144.33,65.31,3990.72,2,2.39,1,0,Normal
0.566,TCP,21790,25,39,349.43,24077.33,68.9,13627.77,12,3.76,0,0,Normal
0.345,UDP,14240,8080,34,798.9,78732.17,98.55,27162.6,12,1.34,0,0,Normal
2.94,UDP,56516,53,39553,135.98,1829393.52,13453.4,5378416.94,600,0.68,193,1,DDoS
1.314,TCP,5249,8080,73,644.92,35828.89,55.56,47079.16,6,0.97,2,0,Normal
3.322,UDP,61378,25,26,598.52,4684.38,7.83,15561.52,4,3.08,0,0,Normal
1.488,UDP,2490,123,15507,55.59,579324.01,10421.37,862034.13,433,0.29,146,1,DDoS
0.428,TCP,41834,22,13,1046.82,31795.93,30.37,13608.66,8,0.31,0,0,Normal
0.085,TCP,21939,25,49,497.67,286892.12,576.47,24385.83,12,1.93,0,0,Normal
1.187,TCP,6461,80,26644,78.51,1762275.01,22446.5,2091820.44,128,0.15,146,1,DoS
0.056,TCP,54521,143,538,30.09,289078.93,9607.14,16188.42,291,0.07,460,1,Port Scan
0.949,DNS,51657,22,28,728.79,21502.76,29.5,20406.12,12,2.69,0,0,Normal
2.27,TCP,3660,53,60,168.36,4450.04,26.43,10101.6,8,10.99,0,0,Normal
0.687,TCP,62625,23,1496,40.8,88845.41,2177.58,61036.8,373,0.07,236,1,Port Scan
0.357,TCP,43861,22,21,1108.28,65192.94,58.82,23273.88,9,0.92,0,0,Normal
2.513,TCP,46348,53,8,635.48,2023.02,3.18,5083.84,5,4.03,0,0,Normal
0.849,TCP,44996,3306,2753,69.94,226790.13,3242.64,192544.82,220,0.02,349,1,Port Scan
1.133,HTTP,41769,80,62,474.77,25980.35,54.72,29435.74,10,1.09,1,0,Normal
1.521,TCP,12180,8080,22272,87.8,1285655.23,14643.0,1955481.6,272,0.43,216,1,DoS
3.757,TCP,26811,8088,6698,142.21,253532.76,1782.81,952522.58,175,2.31,30,1,Botnet
0.447,UDP,41097,3000,30,142.78,9582.55,67.11,4283.4,14,0.61,0,0,Normal
1.301,TCP,26927,80,79,654.75,39758.07,60.72,51725.25,1,0.16,0,0,Normal
0.25,DNS,34873,80,42,505.52,84927.36,168.0,21231.84,12,3.97,0,0,Normal
0.031,UDP,29460,8080,12,460.74,110577.6,240.0,5528.88,10,4.25,1,0,Normal
0.337,TCP,46661,443,10114,77.01,2311214.07,30011.87,778879.14,262,0.43,222,1,DoS
1.924,UDP,41828,3000,64,379.14,12611.73,33.26,24264.96,11,1.63,0,0,Normal
0.029,DNS,7993,8080,43,918.16,789617.6,860.0,39480.88,14,0.13,0,0,Normal
1.855,UDP,33177,443,54695,61.32,1808030.94,29485.18,3353897.4,711,0.04,433,1,DDoS
1.464,TCP,6578,53,17,422.76,4909.1,11.61,7186.92,13,6.56,0,0,Normal
2.012,TCP,29327,443,29,648.02,9340.25,14.41,18792.58,12,0.16,0,0,Normal
3.454,UDP,9199,3000,24,672.15,4670.41,6.95,16131.6,5,1.1,0,0,Normal
2.212,TCP,21497,443,36167,126.23,2063906.15,16350.36,4565360.41,266,0.35,307,1,DDoS
2.987,HTTP,20350,8080,10,487.22,1631.13,3.35,4872.2,1,0.05,0,0,Normal
3.461,TCP,57564,80,50770,82.36,1208152.9,14669.17,4181417.2,533,0.51,152,1,DDoS
1.156,TCP,11454,3000,15,961.24,12472.84,12.98,14418.6,8,0.09,0,0,Normal
2.108,UDP,1089,3000,59,786.01,21999.33,27.99,46374.59,14,1.02,0,0,Normal
4.138,TCP,64071,8443,39,492.49,4641.64,9.42,19207.11,12,3.68,0,0,Normal
1.02,TCP,55310,25,42,498.88,20542.12,41.18,20952.96,6,2.25,0,0,Normal
0.586,TCP,23423,8443,18,518.78,15935.22,30.72,9338.04,11,0.2,0,0,Normal
1.37,TCP,41370,443,27443,69.77,1397589.86,20031.39,1914698.11,306,0.1,185,1,DoS
1.842,HTTP,43614,443,54,604.53,17722.38,29.32,32644.62,6,1.36,0,0,Normal
5.468,TCP,39955,3000,40,582.76,4263.06,7.32,23310.4,3,1.2,1,0,Normal
0.311,TCP,52408,22,2361,59.89,454663.31,7591.64,141400.29,199,0.08,377,1,Port Scan
0.42,HTTP,55221,8443,21,315.02,15751.0,50.0,6615.42,9,6.62,0,0,Normal
0.212,TCP,63928,443,1916,57.66,521115.85,9037.74,110476.56,333,0.02,277,1,Port Scan
1.173,TCP,62821,25,14,757.43,9040.09,11.94,10604.02,8,8.38,0,0,Normal
0.534,TCP,21901,53,55,786.64,81020.97,103.0,43265.2,1,0.62,0,0,Normal
0.523,HTTP,16249,8080,14,729.27,19521.57,26.77,10209.78,7,3.95,0,0,Normal
1.079,UDP,54799,80,20,591.17,10957.74,18.54,11823.4,5,0.77,0,0,Normal
0.039,TCP,20168,3000,32,421.13,269523.2,640.0,13476.16,8,3.89,0,0,Normal
0.246,TCP,29833,8443,80,733.58,238562.6,325.2,58686.4,8,0.09,0,0,Normal
0.44,TCP,16542,123,25952,96.79,5708850.18,58981.82,2511894.08,262,0.03,100,1,DDoS
0.832,TCP,38987,110,1995,51.23,122841.17,2397.84,102203.85,450,0.09,370,1,Port Scan
1.539,TCP,39188,8088,2798,938.4,1706070.96,1818.06,2625643.2,200,1.03,35,1,Botnet
0.147,TCP,61984,22,31,527.7,111283.67,210.88,16358.7,3,1.05,0,0,Normal
2.127,TCP,31915,80,16,738.5,5555.24,7.52,11816.0,5,1.77,0,0,Normal
0.409,TCP,8368,443,1695,46.91,194406.97,4144.25,79512.45,373,0.04,208,1,Port Scan
2.096,UDP,52391,22,42,502.29,10064.97,20.04,21096.18,8,2.12,0,0,Normal
3.347,UDP,26106,8443,43,262.03,3366.38,12.85,11267.29,3,0.92,0,0,Normal
0.122,HTTP,28362,53,84,657.82,452925.25,688.52,55256.88,8,2.48,0,0,Normal
0.673,TCP,9236,3306,937,40.75,56735.14,1392.27,38182.75,261,0.06,439,1,Port Scan
1.869,UDP,26941,80,9,636.85,3066.69,4.82,5731.65,12,2.71,0,0,Normal
2.165,TCP,42107,3000,74,883.5,30198.15,34.18,65379.0,15,6.55,0,0,Normal
1.432,UDP,63241,443,18,1129.41,14196.49,12.57,20329.38,5,1.09,0,0,Normal
1.604,TCP,47398,3000,6,438.76,1641.25,3.74,2632.56,8,1.54,0,0,Normal
1.409,TCP,62297,80,48957,71.18,2473214.52,34745.92,3484759.26,663,0.36,210,1,DDoS
0.227,HTTP,21735,80,1651,1338.57,9735590.62,7273.13,2209979.07,31,1.11,23,1,Web Attack
0.136,UDP,16703,25,56,148.39,61101.76,411.76,8309.84,8,0.78,0,0,Normal
0.624,UDP,43878,53,10,1177.88,18876.28,16.03,11778.8,6,0.64,0,0,Normal
7.107,TCP,27740,80,46,134.19,868.54,6.47,6172.74,9,2.07,0,0,Normal
1.442,ICMP,17122,80,25541,59.12,1047145.58,17712.21,1509983.92,246,0.26,248,1,DoS
0.827,UDP,20849,8443,17,330.63,6796.51,20.56,5620.71,11,0.22,0,0,Normal
1.265,TCP,36505,80,19045,69.83,1051314.11,15055.34,1329912.35,154,0.26,200,1,DoS
1.378,TCP,18239,443,2412,2436.34,4264479.01,1750.36,5876452.08,22,0.77,10,1,Web Attack
0.579,TCP,20781,8443,27,313.97,14641.09,46.63,8477.19,2,0.46,0,0,Normal
0.785,TCP,21997,3000,15,643.73,12300.57,19.11,9655.95,6,2.68,0,0,Normal
4.362,HTTP,31186,3000,26,1160.23,6915.63,5.96,30165.98,8,1.0,0,0,Normal
1.05,TCP,27493,8080,31671,46.62,1406192.4,30162.86,1476502.02,318,0.46,195,1,DoS
1.47,TCP,38219,23,1660,79.43,89696.46,1129.25,131853.8,74,0.66,26,1,Brute Force
3.671,UDP,14242,80,37,343.68,3463.95,10.08,12716.16,3,1.43,0,0,Normal
0.18,TCP,45024,80,58,754.26,243039.33,322.22,43747.08,11,0.26,0,0,Normal
0.169,TCP,30098,80,26,573.23,88189.23,153.85,14903.98,3,0.42,0,0,Normal
0.455,TCP,17695,1433,3278,44.39,319803.12,7204.4,145510.42,334,0.1,233,1,Port Scan
1.264,TCP,56343,443,2128,1271.32,2140323.54,1683.54,2705368.96,25,1.45,13,1,Web Attack
0.732,HTTP,31241,80,2548,928.01,3230286.17,3480.87,2364569.48,56,0.76,38,1,Botnet
1.815,TCP,49542,123,15446,102.03,868294.98,8510.19,1575955.38,266,0.14,344,1,DDoS
0.818,TCP,50546,8443,36,834.26,36715.6,44.01,30033.36,2,0.29,0,0,Normal
3.305,TCP,23358,80,78,196.12,4628.55,23.6,15297.36,14,10.18,0,0,Normal
0.116,UDP,56877,53,22,998.28,189328.97,189.66,21962.16,5,2.97,0,0,Normal
1.877,TCP,44718,123,24166,89.09,1147015.95,12874.8,2152948.94,739,0.57,334,1,DDoS
0.573,TCP,10818,25,3262,46.87,266823.63,5692.84,152889.94,554,0.09,213,1,Port Scan
1.348,UDP,8719,8443,7,547.44,2842.79,5.19,3832.08,2,0.17,0,0,Normal
0.146,TCP,47571,8443,41,82.52,23173.42,280.82,3383.32,3,3.1,0,0,Normal
0.163,UDP,27038,443,35,284.85,61164.11,214.72,9969.75,11,1.11,0,0,Normal
1.461,TCP,54025,123,55440,87.37,3315395.48,37946.61,4843792.8,300,0.11,424,1,DDoS
2.065,UDP,23068,8443,50,347.95,8424.94,24.21,17397.5,8,2.51,0,0,Normal
0.048,HTTP,46850,8080,53,445.68,472420.8,1060.0,23621.04,14,1.16,0,0,Normal
4.772,DNS,49863,80,24,382.47,1923.57,5.03,9179.28,2,2.47,0,0,Normal
1.99,UDP,53250,443,19020,59.27,566490.15,9557.79,1127315.4,360,0.36,131,1,DoS
1.839,TCP,30491,80,28059,109.43,1669655.45,15257.75,3070496.37,704,0.62,439,1,DDoS
0.013,TCP,51560,53,40,517.46,413968.0,800.0,20698.4,11,2.13,1,0,Normal
0.291,TCP,53440,8443,21,416.84,30081.24,72.16,8753.64,7,3.68,0,0,Normal
5.808,DNS,2067,3000,40,459.11,3161.91,6.89,18364.4,11,1.69,0,0,Normal
0.274,TCP,59858,443,1305,43.37,206561.5,4762.77,56597.85,298,0.1,263,1,Port Scan
1.64,TCP,53314,3306,4841,208.95,616784.73,2951.83,1011526.95,128,2.01,48,1,Brute Force
0.679,TCP,4561,1433,3233,50.92,242451.19,4761.41,164624.36,509,0.07,190,1,Port Scan
3.107,TCP,12924,23,4752,191.01,292140.17,1529.45,907679.52,45,1.48,61,1,Brute Force
2.868,TCP,30768,443,41780,148.28,2160090.1,14567.64,6195138.4,291,0.44,147,1,DDoS
0.176,TCP,30521,25,20,941.0,106931.82,113.64,18820.0,15,2.85,0,0,Normal
1.167,UDP,26504,25,32,506.32,13883.67,27.42,16202.24,8,0.71,2,0,Normal
0.172,UDP,37930,8080,48,372.88,104059.53,279.07,17898.24,8,0.05,0,0,Normal
1.036,TCP,54487,8080,40,457.6,17667.95,38.61,18304.0,10,1.23,0,0,Normal
0.834,ICMP,18267,3000,52,697.63,43497.31,62.35,36276.76,7,1.62,0,0,Normal
0.849,TCP,55417,1433,1341,54.91,86730.64,1579.51,73634.31,194,0.02,358,1,Port Scan
0.77,TCP,29100,21,1852,52.63,126585.4,2405.19,97470.76,409,0.09,413,1,Port Scan
4.166,TCP,41722,53,44,558.12,5894.69,10.56,24557.28,14,0.31,0,0,Normal
0.686,TCP,20176,80,13644,54.56,1085155.45,19889.21,744416.64,198,0.44,131,1,DoS
0.366,UDP,47859,22,33,40.0,3606.56,90.16,1320.0,6,0.69,0,0,Normal
1.724,HTTP,62138,6667,5154,724.41,2165666.55,2989.56,3733609.14,193,1.77,14,1,Botnet
2.147,TCP,20339,80,32,500.6,7461.2,14.9,16019.2,8,2.08,0,0,Normal
0.274,UDP,36017,80,8394,55.87,1711579.49,30635.04,468972.78,316,0.06,171,1,DoS
1.044,HTTP,61236,80,82,426.96,33535.17,78.54,35010.72,5,0.65,0,0,Normal
1.334,UDP,53899,443,25,623.49,11684.6,18.74,15587.25,6,0.18,0,0,Normal
1.467,TCP,31405,80,21463,65.34,955959.39,14630.54,1402392.42,111,0.14,230,1,DoS
0.082,DNS,32612,80,77,145.21,136355.73,939.02,11181.17,13,6.03,0,0,Normal
2.098,HTTP,36642,80,41,142.0,2775.02,19.54,5822.0,10,1.57,0,0,Normal
0.941,TCP,1670,443,50,234.28,12448.46,53.13,11714.0,7,0.11,1,0,Normal
1.667,TCP,12502,8080,25990,66.11,1030713.2,15590.88,1718198.9,136,0.27,212,1,DoS
0.569,TCP,16424,443,15,454.3,11976.27,26.36,6814.5,8,0.49,0,0,Normal
0.753,TCP,37057,8443,60,594.5,47370.52,79.68,35670.0,12,0.18,0,0,Normal
2.031,UDP,22351,8080,28,486.47,6706.63,13.79,13621.16,10,9.96,0,0,Normal
0.833,HTTP,52203,443,40,721.46,34643.94,48.02,28858.4,9,0.4,0,0,Normal
1.74,UDP,54338,53,41,275.53,6492.37,23.56,11296.73,14,3.48,0,0,Normal
1.39,TCP,54643,22,27,751.59,14599.23,19.42,20292.93,4,0.14,0,0,Normal
1.175,UDP,35904,53,31,1054.45,27819.53,26.38,32687.95,11,2.67,0,0,Normal
0.158,TCP,58170,80,33031,67.34,14077895.82,209056.96,2224307.54,200,0.41,206,1,DoS
2.869,UDP,6278,8443,40,412.32,5748.62,13.94,16492.8,15,0.25,0,0,Normal
1.535,TCP,25326,8080,22908,82.48,1230913.25,14923.78,1889451.84,210,0.02,206,1,DoS
0.846,HTTP,17972,443,723,2512.28,2147019.43,854.61,1816378.44,49,0.74,17,1,Web Attack
3.432,TCP,33609,3389,2714,217.36,171886.67,790.79,589915.04,112,2.45,45,1,Brute Force
1.241,TCP,55656,80,25546,74.63,1536259.45,20585.01,1906497.98,322,0.24,126,1,DoS
0.075,TCP,8681,25,31,40.0,16533.33,413.33,1240.0,12,3.45,0,0,Normal
0.752,TCP,65041,8080,7128,79.38,752421.06,9478.72,565820.64,221,0.17,102,1,DoS
5.014,TCP,63095,3000,32,528.53,3373.15,6.38,16912.96,8,4.26,0,0,Normal
0.611,TCP,18574,80,27626,71.94,3252724.12,45214.4,1987414.44,159,0.4,202,1,DoS
1.184,TCP,18344,80,26387,56.7,1263634.21,22286.32,1496142.9,382,0.08,173,1,DoS
0.716,TCP,21411,8443,9,533.91,6711.16,12.57,4805.19,11,0.12,0,0,Normal
1.07,TCP,13503,443,19022,63.61,1130831.23,17777.57,1209989.42,130,0.34,142,1,DoS
1.016,HTTP,21703,3000,33,884.1,28715.85,32.48,29175.3,13,1.98,1,0,Normal
0.063,UDP,37164,53,15,486.46,115823.81,238.1,7296.9,10,1.08,0,0,Normal
0.446,TCP,58874,53,23,260.65,13441.59,51.57,5994.95,13,9.69,0,0,Normal
1.622,UDP,65335,80,28590,69.36,1222566.21,17626.39,1983002.4,351,0.11,123,1,DoS
2.298,HTTP,13357,53,28,289.53,3527.78,12.18,8106.84,14,1.97,0,0,Normal
0.179,TCP,42488,8080,16388,56.43,5166339.89,91553.07,924774.84,161,0.32,247,1,DoS
0.823,TCP,58483,25,33,862.43,34581.03,40.1,28460.19,6,3.0,0,0,Normal
0.168,TCP,8182,22,82,617.28,301291.43,488.1,50616.96,4,0.81,0,0,Normal
0.415,UDP,41696,80,52,273.28,34242.31,125.3,14210.56,12,0.6,0,0,Normal
0.023,HTTP,3468,53,89,489.65,871577.0,1780.0,43578.85,7,2.95,0,0,Normal
0.123,HTTP,38251,8443,63,552.2,282834.15,512.2,34788.6,5,2.32,0,0,Normal
0.754,TCP,63877,443,3270,41.11,178288.73,4336.87,134429.7,434,0.03,311,1,Port Scan
0.508,UDP,50869,8080,42,334.93,27691.06,82.68,14067.06,1,3.14,0,0,Normal
0.482,UDP,17067,53,30,447.4,27846.47,62.24,13422.0,8,3.27,0,0,Normal
1.116,TCP,36483,80,25540,75.03,1717084.41,22885.3,1916266.2,83,0.44,245,1,DoS
0.979,DNS,36993,3000,40,553.21,22603.06,40.86,22128.4,11,0.86,0,0,Normal
0.472,TCP,30167,22,25,636.63,33719.81,52.97,15915.75,14,1.51,0,0,Normal
7.121,TCP,41763,23,3845,140.99,76127.87,539.95,542106.55,113,1.37,94,1,Brute Force
2.843,UDP,54462,3000,36,267.24,3383.97,12.66,9620.64,5,1.07,0,0,Normal
4.396,TCP,4255,23,4822,85.2,93456.41,1096.91,410834.4,61,3.99,106,1,Brute Force
0.014,TCP,29290,22,10,796.01,159202.0,200.0,7960.1,10,3.33,0,0,Normal
0.346,TCP,6461,53,70,600.18,121423.7,202.31,42012.6,11,10.34,0,0,Normal
3.157,TCP,23681,123,21272,155.42,1047226.56,6738.04,3306094.24,745,0.58,104,1,DDoS
0.313,TCP,2628,53,43,415.89,57135.05,137.38,17883.27,13,0.5,0,0,Normal
1.077,HTTP,40224,443,72,622.76,41632.98,66.85,44838.72,15,4.21,0,0,Normal
0.466,TCP,60664,21,2326,44.24,220820.26,4991.42,102902.24,410,0.03,423,1,Port Scan
0.866,TCP,41626,25,1451,43.91,73572.07,1675.52,63713.41,380,0.08,460,1,Port Scan
2.02,UDP,47439,443,1305,910.57,588264.28,646.04,1188293.85,143,1.74,35,1,Botnet
2.749,UDP,49664,3000,48,718.44,12544.61,17.46,34485.12,6,11.5,0,0,Normal
0.609,TCP,51228,80,26,505.09,21563.78,42.69,13132.34,4,0.71,0,0,Normal
0.088,UDP,1834,22,19,671.25,144928.98,215.91,12753.75,11,1.97,0,0,Normal
0.344,UDP,35701,443,36,165.3,17298.84,104.65,5950.8,12,7.25,0,0,Normal
0.401,UDP,61259,123,46740,86.7,10105630.92,116558.6,4052358.0,841,0.66,272,1,DDoS
0.301,TCP,7570,3389,531,54.28,95756.41,1764.12,28822.68,376,0.1,460,1,Port Scan
2.536,HTTP,43303,3000,6,272.88,645.62,2.37,1637.28,7,0.7,1,0,Normal
0.176,TCP,51689,21,2725,43.64,675676.14,15482.95,118919.0,384,0.12,484,1,Port Scan
1.318,UDP,58277,443,38,249.22,7185.4,28.83,9470.36,4,1.73,0,0,Normal
3.209,TCP,55895,8080,25,683.01,5321.05,7.79,17075.25,15,1.57,0,0,Normal
2.24,HTTP,65463,22,59,659.49,17370.5,26.34,38909.91,4,7.35,0,0,Normal
0.497,UDP,14263,53,66,510.72,67821.97,132.8,33707.52,7,1.04,0,0,Normal
0.404,TCP,39615,3000,19,392.88,18477.03,47.03,7464.72,8,1.87,0,0,Normal
1.413,TCP,42837,8443,47,708.11,23553.55,33.26,33281.17,12,0.59,0,0,Normal
0.631,TCP,58075,53,25,657.19,26037.64,39.62,16429.75,5,1.98,0,0,Normal
1.517,UDP,26999,80,11203,79.58,587695.94,7384.97,891534.74,152,0.39,34,1,DoS
0.131,UDP,31743,3000,55,441.84,185505.34,419.85,24301.2,6,5.96,0,0,Normal
3.621,TCP,62417,22,3939,191.44,208252.46,1087.82,754082.16,77,0.51,36,1,Brute Force
5.311,ICMP,47277,53,65,347.6,4254.19,12.24,22594.0,9,1.66,0,0,Normal
1.046,TCP,28751,53,8,617.13,4719.92,7.65,4937.04,11,7.97,0,0,Normal
1.329,DNS,11668,8443,50,567.71,21358.54,37.62,28385.5,11,2.06,0,0,Normal
0.96,HTTP,17343,8080,16,355.78,5929.67,16.67,5692.48,5,0.64,0,0,Normal
0.219,TCP,55510,80,24,751.66,82373.7,109.59,18039.84,12,0.68,0,0,Normal
1.596,TCP,45720,8080,110,809.59,55798.81,68.92,89054.9,2,0.74,1,0,Normal
0.968,UDP,5341,25,38,443.66,17416.4,39.26,16859.08,12,2.71,0,0,Normal
0.352,UDP,28631,3000,22,524.99,32811.88,62.5,11549.78,8,3.53,0,0,Normal
3.243,UDP,15578,123,23833,110.39,811262.68,7349.06,2630924.87,659,0.67,406,1,DDoS
4.121,TCP,41237,443,33,311.84,2497.14,8.01,10290.72,8,0.99,0,0,Normal
1.942,TCP,3776,3000,31,346.91,5537.7,15.96,10754.21,12,5.22,0,0,Normal
1.94,TCP,25396,25,11,291.38,1652.15,5.67,3205.18,13,1.64,0,0,Normal
0.248,HTTP,41942,3000,14,224.36,12665.48,56.45,3141.04,12,1.02,0,0,Normal
6.631,TCP,59010,21,1847,141.61,39444.08,278.54,261553.67,137,3.6,78,1,Brute Force
1.533,UDP,62435,80,45761,177.2,5289529.81,29850.62,8108849.2,471,0.49,287,1,DDoS
3.505,UDP,48510,25,27,758.31,5841.48,7.7,20474.37,2,1.31,0,0,Normal
0.872,TCP,30253,80,33,380.12,14385.28,37.84,12543.96,6,0.44,0,0,Normal
5.735,HTTP,20987,8443,59,295.28,3037.75,10.29,17421.52,8,1.31,0,0,Normal
0.536,TCP,19445,53,40,907.84,67749.25,74.63,36313.6,6,2.66,1,0,Normal
1.32,TCP,48369,22,44,642.18,21406.0,33.33,28255.92,11,1.93,0,0,Normal
0.242,UDP,65342,8443,43,866.67,153995.08,177.69,37266.81,11,0.12,1,0,Normal
0.435,TCP,37162,23,1279,45.06,132486.76,2940.23,57631.74,293,0.11,147,1,Port Scan
0.635,TCP,43939,8443,14,238.18,5251.21,22.05,3334.52,5,2.85,0,0,Normal
0.106,TCP,50302,443,2101,42.39,840201.79,19820.75,89061.39,153,0.05,192,1,Port Scan
0.341,TCP,14542,25,3288,35.83,345481.06,9642.23,117809.04,490,0.12,250,1,Port Scan
0.536,TCP,20625,8080,1541,49.36,141910.0,2875.0,76063.76,194,0.15,462,1,Port Scan
1.265,TCP,42430,443,1515,1043.49,1249713.32,1197.63,1580887.35,123,1.02,16,1,Botnet
3.015,HTTP,52391,3000,53,346.59,6092.63,17.58,18369.27,4,4.61,0,0,Normal
3.117,UDP,17299,25,19,597.16,3640.05,6.1,11346.04,1,3.04,1,0,Normal
0.273,UDP,15837,8080,34,478.13,59547.33,124.54,16256.42,11,6.14,0,0,Normal
0.545,DNS,12943,8443,76,863.09,120357.5,139.45,65594.84,6,0.1,0,0,Normal
3.41,UDP,58703,443,34,230.81,2301.33,9.97,7847.54,7,2.99,0,0,Normal
0.789,HTTP,54973,3000,33,1028.0,42996.2,41.83,33924.0,8,1.76,0,0,Normal
1.764,HTTP,17857,53,31,629.71,11066.33,17.57,19521.01,6,1.03,0,0,Normal
1.299,HTTP,14285,8088,4719,1034.18,3756963.37,3632.79,4880295.42,115,0.3,24,1,Botnet
3.196,TCP,51289,53,44141,174.16,2405380.65,13811.33,7687596.56,611,0.37,163,1,DDoS
2.875,TCP,12685,22,17,412.52,2439.25,5.91,7012.84,12,0.05,0,0,Normal
0.375,TCP,32099,443,1949,43.44,225772.16,5197.33,84664.56,296,0.06,363,1,Port Scan
0.447,TCP,44104,22,3819,55.0,469899.33,8543.62,210045.0,413,0.07,170,1,Port Scan
0.248,TCP,44410,3000,94,296.31,112311.05,379.03,27853.14,4,0.55,0,0,Normal
1.073,HTTP,23146,25,24,293.45,6563.65,22.37,7042.8,13,0.58,0,0,Normal
1.639,TCP,62819,123,20290,103.16,1277069.19,12379.5,2093116.4,343,0.34,286,1,DDoS
0.501,TCP,61913,8080,27,689.03,37133.35,53.89,18603.81,15,4.25,2,0,Normal
0.01,TCP,54765,22,40,588.66,470928.0,800.0,23546.4,3,2.53,0,0,Normal
0.965,UDP,49236,22,35,571.12,20714.2,36.27,19989.2,4,0.78,0,0,Normal
1.08,TCP,25622,443,62,238.6,13697.41,57.41,14793.2,14,1.05,0,0,Normal
0.75,TCP,46312,8080,49,900.5,58832.67,65.33,44124.5,3,1.41,0,0,Normal
1.272,TCP,6340,80,17343,81.15,1106434.32,13634.43,1407384.45,163,0.46,189,1,DoS
0.333,UDP,23477,53,17311,94.06,4889707.69,51984.98,1628272.66,443,0.49,324,1,DDoS
1.93,TCP,58754,25,14,684.63,4966.23,7.25,9584.82,7,2.47,1,0,Normal
1.318,UDP,6875,22,31,348.76,8203.0,23.52,10811.56,8,0.51,0,0,Normal
0.989,UDP,31400,8080,17875,51.63,933150.91,18073.81,922886.25,283,0.33,230,1,DoS
1.339,TCP,54923,53,20,278.76,4163.7,14.94,5575.2,13,0.47,1,0,Normal
0.098,UDP,49019,53,18,479.72,88111.84,183.67,8634.96,2,2.92,0,0,Normal
0.01,TCP,62789,53,58,354.5,411220.0,1160.0,20561.0,2,0.18,0,0,Normal
2.959,HTTP,49706,8080,29,421.13,4127.33,9.8,12212.77,1,0.76,0,0,Normal
0.068,TCP,20474,110,677,60.39,601235.74,9955.88,40884.03,458,0.08,194,1,Port Scan
0.862,HTTP,54336,8080,50,485.85,28181.55,58.0,24292.5,15,2.64,0,0,Normal
1.312,TCP,16194,25,57,510.47,22177.43,43.45,29096.79,12,1.21,0,0,Normal
2.838,UDP,50323,8443,35,390.06,4810.47,12.33,13652.1,15,0.92,0,0,Normal
1.738,UDP,1736,8443,13,433.39,3241.7,7.48,5634.07,14,0.05,0,0,Normal
0.728,DNS,57839,443,13,316.5,5651.79,17.86,4114.5,2,3.92,0,0,Normal
0.532,TCP,19888,25,24,406.57,18341.5,45.11,9757.68,8,1.68,0,0,Normal
0.12,UDP,24002,8443,51,703.12,298826.0,425.0,35859.12,3,15.11,0,0,Normal
2.645,UDP,55138,80,36,187.19,2547.77,13.61,6738.84,15,4.89,0,0,Normal
0.182,TCP,58702,80,36,932.83,184515.82,197.8,33581.88,12,2.41,0,0,Normal
0.176,UDP,48777,8080,16925,65.66,6314178.98,96164.77,1111295.5,369,0.33,159,1,DoS
1.147,UDP,53636,3000,28,521.22,12723.77,24.41,14594.16,10,0.77,0,0,Normal
0.494,TCP,52341,3389,2183,42.06,185864.33,4419.03,91816.98,542,0.05,381,1,Port Scan
0.855,TCP,8453,53,44,1167.98,60106.57,51.46,51391.12,15,5.7,0,0,Normal
1.931,TCP,46916,8080,9745,65.08,328433.25,5046.61,634204.6,137,0.49,173,1,DoS
3.179,UDP,10805,443,20,638.21,4015.16,6.29,12764.2,6,6.68,0,0,Normal
0.261,TCP,59053,22,74,373.64,105936.25,283.52,27649.36,7,1.87,0,0,Normal
0.858,DNS,4900,8080,36,442.7,18574.83,41.96,15937.2,2,0.28,0,0,Normal
0.268,HTTP,14187,3000,70,720.33,188145.9,261.19,50423.1,6,1.84,0,0,Normal
0.903,UDP,31846,80,13526,65.7,984117.61,14978.96,888658.2,144,0.45,73,1,DoS
0.08,TCP,29197,110,3911,38.44,1879235.5,48887.5,150338.84,430,0.1,203,1,Port Scan
1.044,TCP,36787,25,30,598.37,17194.54,28.74,17951.1,11,0.47,0,0,Normal
0.545,TCP,39505,443,28,792.54,40717.65,51.38,22191.12,3,0.58,0,0,Normal
0.921,DNS,16473,8080,28,674.31,20500.2,30.4,18880.68,8,3.76,0,0,Normal
1.226,HTTP,38123,8080,23,499.42,9369.22,18.76,11486.66,10,2.49,0,0,Normal
2.459,HTTP,31963,80,2034,-200.94,-166210.64,827.17,-408711.96,63,1.29,22,1,Web Attack
0.214,UDP,33160,80,11823,73.47,4059045.84,55247.66,868635.81,216,0.14,181,1,DoS
1.824,UDP,11033,25,59,907.19,29344.41,32.35,53524.21,10,0.05,0,0,Normal
0.451,TCP,15005,8080,2308,63.17,323273.53,5117.52,145796.36,589,0.13,311,1,Port Scan
0.605,TCP,25746,53,18,293.88,8743.54,29.75,5289.84,7,4.1,0,0,Normal
0.312,TCP,61589,21,1235,38.23,151327.08,3958.33,47214.05,514,0.03,395,1,Port Scan
1.559,HTTP,44284,8080,34,438.83,9570.38,21.81,14920.22,14,0.6,0,0,Normal
1.056,UDP,23024,80,27,40.0,1022.73,25.57,1080.0,9,2.56,1,0,Normal
0.907,TCP,6081,25,22,781.96,18967.06,24.26,17203.12,14,2.3,0,0,Normal
2.289,TCP,57286,80,34,910.49,13524.1,14.85,30956.66,7,0.39,0,0,Normal
1.39,UDP,10006,443,28372,67.52,1378185.21,20411.51,1915677.44,204,0.26,250,1,DoS
4.724,TCP,24158,21,3936,187.85,156515.16,833.19,739377.6,119,1.94,53,1,Brute Force
0.657,UDP,25185,80,36907,92.7,5207426.03,56175.04,3421278.9,475,0.59,95,1,DDoS
4.351,TCP,52170,8080,20,377.24,1734.04,4.6,7544.8,15,2.06,0,0,Normal
0.466,UDP,64808,8443,28,311.39,18710.13,60.09,8718.92,14,3.81,0,0,Normal
2.719,TCP,26416,3000,12,449.77,1985.01,4.41,5397.24,8,0.49,0,0,Normal
4.763,TCP,17247,8443,61,687.33,8802.67,12.81,41927.13,8,2.25,0,0,Normal
0.07,UDP,49589,22,33,446.32,210408.0,471.43,14728.56,15,1.44,0,0,Normal
0.574,UDP,1440,8443,31,465.95,25164.55,54.01,14444.45,1,11.49,0,0,Normal
0.342,HTTP,48673,80,26,622.74,47342.81,76.02,16191.24,13,0.56,0,0,Normal
3.439,HTTP,51558,53,25,467.14,3395.9,7.27,11678.5,12,5.45,0,0,Normal
0.313,ICMP,19696,80,7,765.95,17129.87,22.36,5361.65,14,0.38,0,0,Normal
0.085,HTTP,19762,8443,54,462.64,293912.47,635.29,24982.56,13,4.23,0,0,Normal
1.757,TCP,22024,123,35211,136.68,2739123.21,20040.41,4812639.48,896,0.37,227,1,DDoS
0.748,HTTP,6264,3000,54,824.14,59496.74,72.19,44503.56,13,2.42,0,0,Normal
0.156,UDP,30820,80,36,391.6,90369.23,230.77,14097.6,6,2.6,0,0,Normal
3.438,TCP,50965,21,3897,196.73,222995.0,1133.51,766656.81,98,2.79,58,1,Brute Force
1.076,DNS,12364,6667,4989,903.89,4190991.83,4636.62,4509507.21,188,1.33,40,1,Botnet
3.584,TCP,20835,3306,2895,226.46,182924.58,807.76,655601.7,78,1.24,46,1,Brute Force
0.572,TCP,29698,8080,2926,43.81,224105.0,5115.38,128188.06,188,0.02,269,1,Port Scan
0.023,HTTP,61047,3000,46,598.77,550868.4,920.0,27543.42,11,1.45,0,0,Normal
0.213,TCP,6684,8080,33728,68.46,10840464.23,158347.42,2309018.88,175,0.32,200,1,DoS
0.117,HTTP,27737,53,27,594.67,137231.54,230.77,16056.09,10,1.6,0,0,Normal
1.727,TCP,2868,80,93,589.52,31746.01,53.85,54825.36,3,0.05,0,0,Normal
0.186,TCP,22800,21,2155,50.94,590191.94,11586.02,109775.7,228,0.11,280,1,Port Scan
1.687,TCP,32719,22,19,40.0,450.5,11.26,760.0,13,10.35,0,0,Normal
0.302,TCP,40701,3000,37,677.32,82982.91,122.52,25060.84,11,0.63,0,0,Normal
1.335,HTTP,6593,8080,1476,2070.25,2288905.62,1105.62,3055689.0,62,1.56,23,1,Web Attack
0.408,TCP,51642,53,37,245.18,22234.46,90.69,9071.66,7,0.2,0,0,Normal
1.337,UDP,37305,25,32,352.31,8432.25,23.93,11273.92,12,0.25,0,0,Normal
1.586,TCP,39376,25,29,623.68,11403.98,18.28,18086.72,8,5.7,0,0,Normal
0.628,UDP,42856,3000,56,562.92,50196.69,89.17,31523.52,15,0.06,1,0,Normal
0.705,TCP,64507,8443,50,311.64,22102.13,70.92,15582.0,6,5.86,0,0,Normal
0.635,UDP,39742,53,20,403.68,12714.33,31.5,8073.6,11,1.24,0,0,Normal
5.259,TCP,50300,23,2993,191.51,108992.1,569.12,573189.43,145,2.32,104,1,Brute Force
1.75,TCP,30398,6667,7669,1163.21,5097518.57,4382.29,8920657.49,118,0.4,37,1,Botnet
1.345,UDP,28680,8080,63,586.41,27467.53,46.84,36943.83,9,0.15,0,0,Normal
2.076,TCP,19097,22,4780,143.99,331537.67,2302.5,688272.2,135,2.93,55,1,Brute Force
1.018,DNS,28817,22,20,363.27,7136.94,19.65,7265.4,9,0.35,0,0,Normal
2.777,TCP,24109,80,47,451.47,7641.01,16.92,21219.09,1,0.05,0,0,Normal
1.737,TCP,15370,3000,32,149.2,2748.65,18.42,4774.4,11,3.03,0,0,Normal
4.019,TCP,25525,21,883,204.07,44835.48,219.71,180193.81,77,2.76,84,1,Brute Force
1.871,HTTP,17927,8443,50,897.98,23997.33,26.72,44899.0,14,1.91,0,0,Normal
3.314,TCP,52969,25,118,701.89,24991.86,35.61,82823.02,10,0.13,0,0,Normal
1.934,TCP,33577,8080,101,323.1,16873.37,52.22,32633.1,3,4.39,0,0,Normal
0.505,TCP,40140,1433,1576,36.7,114533.07,3120.79,57839.2,594,0.08,385,1,Port Scan
0.486,DNS,5396,8080,16,714.83,23533.5,32.92,11437.28,10,6.11,0,0,Normal
0.464,TCP,7214,110,516,47.95,53323.71,1112.07,24742.2,204,0.1,495,1,Port Scan
0.197,TCP,31245,25,48,525.21,127969.95,243.65,25210.08,8,2.54,0,0,Normal
3.277,TCP,26128,123,28682,160.63,1405916.89,8752.52,4607189.66,800,0.61,397,1,DDoS
1.448,TCP,22193,80,13678,54.09,510941.31,9446.13,739843.02,100,0.26,134,1,DoS
0.576,TCP,44437,53,44,665.42,50830.69,76.39,29278.48,4,1.54,0,0,Normal
2.616,ICMP,15601,443,10,242.53,927.1,3.82,2425.3,6,0.41,0,0,Normal
7.973,HTTP,26427,22,51,755.67,4833.71,6.4,38539.17,4,0.6,2,0,Normal
3.718,UDP,24182,443,57,296.88,4551.41,15.33,16922.16,2,0.7,0,0,Normal
2.17,TCP,37616,8080,56,288.37,7441.81,25.81,16148.72,13,1.16,0,0,Normal
0.434,HTTP,43705,443,28,1050.61,67781.29,64.52,29417.08,9,5.19,0,0,Normal
1.232,HTTP,21566,443,40,647.83,21033.44,32.47,25913.2,7,1.2,0,0,Normal
0.741,UDP,63879,3000,22,207.94,6173.66,29.69,4574.68,6,4.49,0,0,Normal
1.319,TCP,18247,8080,49,474.49,17627.0,37.15,23250.01,14,0.98,0,0,Normal
0.32,UDP,10180,80,20327,56.82,3609312.94,63521.88,1154980.14,125,0.31,162,1,DoS
0.451,TCP,45174,8080,15399,61.82,2110789.76,34144.12,951966.18,254,0.34,39,1,DoS
0.525,UDP,24289,53,49,552.26,51544.27,93.33,27060.74,11,0.27,0,0,Normal
2.716,UDP,19203,53,4,655.58,965.51,1.47,2622.32,12,0.06,0,0,Normal
0.234,TCP,34475,53,3526,58.83,886472.56,15068.38,207434.58,274,0.13,107,1,Port Scan
1.032,TCP,26397,80,16,892.16,13831.94,15.5,14274.56,9,2.05,1,0,Normal
0.542,UDP,22116,8443,9,589.91,9795.55,16.61,5309.19,7,3.38,1,0,Normal
0.471,TCP,34671,25,47,263.61,26305.03,99.79,12389.67,9,4.22,0,0,Normal
0.276,ICMP,7920,8080,54,814.37,159333.26,195.65,43975.98,9,5.84,0,0,Normal
1.988,HTTP,43759,8080,36,361.57,6547.55,18.11,13016.52,3,4.4,0,0,Normal
1.364,UDP,57876,8443,18,801.78,10580.67,13.2,14432.04,9,0.13,0,0,Normal
1.805,UDP,20872,80,17976,75.85,755390.36,9959.0,1363479.6,357,0.09,193,1,DoS
0.811,UDP,52838,80,12,706.92,10459.98,14.8,8483.04,4,0.23,0,0,Normal
1.151,DNS,23211,8443,34,572.49,16911.09,29.54,19464.66,11,2.51,0,0,Normal
3.141,UDP,24234,443,64,585.43,11928.53,20.38,37467.52,7,2.44,0,0,Normal
0.134,TCP,32833,22,47,420.44,147467.76,350.75,19760.68,2,2.16,0,0,Normal
3.464,DNS,35201,8443,38,850.89,9334.24,10.97,32333.82,3,6.03,0,0,Normal
0.592,ICMP,12083,80,39,40.0,2635.14,65.88,1560.0,7,4.98,0,0,Normal
1.058,TCP,59490,22,14,1083.91,14342.85,13.23,15174.74,6,0.77,0,0,Normal
1.795,UDP,8725,443,50,447.47,12464.35,27.86,22373.5,8,2.58,0,0,Normal
0.485,TCP,40228,443,1958,47.11,190188.41,4037.11,92241.38,532,0.12,295,1,Port Scan
0.1,HTTP,2909,25,18,67.83,12209.4,180.0,1220.94,5,3.19,0,0,Normal
3.39,TCP,26378,8080,25,151.32,1115.93,7.37,3783.0,5,4.61,0,0,Normal
5.759,TCP,47692,21,3751,170.12,110803.98,651.33,638120.12,122,3.88,106,1,Brute Force
3.433,UDP,10583,80,9,898.02,2354.26,2.62,8082.18,10,2.35,0,0,Normal
0.263,ICMP,49422,80,30273,52.61,6055751.06,115106.46,1592662.53,213,0.44,190,1,DoS
1.235,TCP,55072,8080,60,518.21,25176.19,48.58,31092.6,10,0.06,0,0,Normal
0.36,HTTP,51541,80,15,989.95,41247.92,41.67,14849.25,9,0.09,0,0,Normal
0.288,UDP,46343,53,24,721.66,60138.33,83.33,17319.84,8,0.23,0,0,Normal
1.014,UDP,15543,80,60,846.76,50104.14,59.17,50805.6,12,2.69,0,0,Normal
1.848,TCP,37325,8443,21,634.44,7209.55,11.36,13323.24,5,1.46,2,0,Normal
0.885,UDP,11993,80,14,470.04,7435.66,15.82,6580.56,1,0.48,1,0,Normal
5.863,TCP,50419,21,1770,201.17,60731.86,301.89,356070.9,141,3.5,62,1,Brute Force
1.214,UDP,27702,443,52,833.5,35701.81,42.83,43342.0,8,1.7,0,0,Normal
0.766,TCP,22706,80,3810,49.55,246456.27,4973.89,188785.5,177,0.09,328,1,Port Scan
0.405,TCP,27658,3000,26,570.05,36595.8,64.2,14821.3,8,4.32,0,0,Normal
0.367,TCP,39222,80,17898,77.12,3761018.42,48768.39,1380293.76,100,0.06,187,1,DoS
5.149,TCP,5684,3306,3997,204.64,158855.33,776.27,817946.08,140,1.66,108,1,Brute Force
0.848,TCP,29809,143,3969,46.37,217031.29,4680.42,184042.53,284,0.08,122,1,Port Scan
4.205,HTTP,59549,25,66,714.1,11208.23,15.7,47130.6,15,0.44,0,0,Normal
0.628,HTTP,12506,3000,13,563.01,11654.67,20.7,7319.13,15,1.13,0,0,Normal
4.394,DNS,33355,443,39,229.04,2032.9,8.88,8932.56,14,3.36,0,0,Normal
5.089,HTTP,55834,8080,63,735.61,9106.59,12.38,46343.43,3,0.28,0,0,Normal
0.262,DNS,62379,8080,14,534.34,28552.52,53.44,7480.76,3,6.42,0,0,Normal
0.485,ICMP,33843,8080,31,412.93,26393.46,63.92,12800.83,1,2.57,0,0,Normal
0.538,TCP,12813,53,55,500.75,51191.91,102.23,27541.25,10,1.91,0,0,Normal
1.734,TCP,60241,22,58,582.11,19470.81,33.45,33762.38,3,1.4,0,0,Normal
0.174,TCP,24442,8080,2701,37.98,589563.1,15522.99,102583.98,180,0.06,105,1,Port Scan
1.358,UDP,11040,8080,34,458.62,11482.39,25.04,15593.08,13,2.59,0,0,Normal
0.204,TCP,32349,80,21,882.64,90860.0,102.94,18535.44,6,0.79,0,0,Normal
2.818,TCP,48983,8080,1171,2365.3,982883.71,415.54,2769766.3,47,1.67,5,1,Web Attack
3.136,TCP,28535,3389,3855,120.15,147697.15,1229.27,463178.25,79,2.84,69,1,Brute Force
1.13,UDP,34461,53,41499,156.34,5741551.91,36724.78,6487953.66,885,0.79,223,1,DDoS
1.09,TCP,18704,22,15,339.98,4678.62,13.76,5099.7,13,1.78,0,0,Normal
0.51,TCP,63320,3000,41,583.37,46898.37,80.39,23918.17,5,1.57,0,0,Normal
2.764,HTTP,48270,25,76,526.64,14480.69,27.5,40024.64,10,5.48,0,0,Normal
0.106,HTTP,17498,8443,39,347.83,127975.19,367.92,13565.37,12,0.62,0,0,Normal
0.107,ICMP,11169,80,41,1147.69,439769.07,383.18,47055.29,3,0.67,1,0,Normal
0.149,TCP,43614,25,1855,36.36,452669.8,12449.66,67447.8,478,0.02,143,1,Port Scan
0.889,TCP,27624,23,2940,50.71,167702.36,3307.09,149087.4,426,0.13,124,1,Port Scan
1.934,TCP,56214,3306,2168,189.36,212271.19,1120.99,410532.48,135,3.9,60,1,Brute Force
0.538,TCP,39914,3306,1276,48.1,114081.04,2371.75,61375.6,453,0.07,494,1,Port Scan
1.146,HTTP,34287,25,39,486.2,16546.07,34.03,18961.8,5,0.37,0,0,Normal
6.04,TCP,31354,23,1608,119.82,31899.1,266.23,192670.56,46,3.38,98,1,Brute Force
0.856,HTTP,16275,25,16,507.31,9482.43,18.69,8116.96,4,5.66,0,0,Normal
3.194,TCP,34507,25,32,397.94,3986.88,10.02,12734.08,12,0.9,0,0,Normal
1.573,TCP,28048,8080,20745,72.72,959044.12,13188.18,1508576.4,117,0.1,56,1,DoS
2.535,TCP,39903,25,14,914.72,5051.71,5.52,12806.08,6,2.14,0,0,Normal
0.05,TCP,36275,8080,19,269.95,102581.0,380.0,5129.05,8,0.77,1,0,Normal
0.015,UDP,45028,22,15,701.13,210339.0,300.0,10516.95,8,4.71,0,0,Normal
1.277,TCP,3383,22,36,209.22,5898.14,28.19,7531.92,4,1.87,0,0,Normal
3.465,TCP,44941,443,30,557.08,4823.2,8.66,16712.4,14,0.96,0,0,Normal
0.455,UDP,55019,3000,32,519.84,36560.18,70.33,16634.88,5,1.4,1,0,Normal
0.435,TCP,36857,53,30,1089.49,75137.24,68.97,32684.7,13,2.59,0,0,Normal
1.788,TCP,37653,8443,17,684.16,6504.88,9.51,11630.72,11,0.26,0,0,Normal
1.137,TCP,60420,8080,31058,64.35,1757768.07,27315.74,1998582.3,232,0.44,55,1,DoS
1.254,HTTP,30027,3000,10,155.16,1237.32,7.97,1551.6,1,0.17,0,0,Normal
1.517,TCP,15402,80,41,392.69,10613.24,27.03,16100.29,11,1.84,0,0,Normal
1.349,TCP,21675,443,26,435.28,8389.38,19.27,11317.28,3,0.08,0,0,Normal
0.894,TCP,13764,8443,40,1213.43,54292.17,44.74,48537.2,1,3.39,0,0,Normal
0.483,TCP,13098,80,28,766.21,44417.97,57.97,21453.88,6,3.83,0,0,Normal
1.486,HTTP,27230,8443,41,488.27,13471.78,27.59,20019.07,3,1.49,0,0,Normal
0.597,TCP,26752,143,3195,52.18,279254.77,5351.76,166715.1,262,0.06,169,1,Port Scan
0.496,HTTP,22938,8080,34,608.12,41685.65,68.55,20676.08,15,1.89,0,0,Normal
0.36,DNS,25122,8080,98,508.58,138446.78,272.22,49840.84,4,0.48,0,0,Normal
0.671,HTTP,13502,443,25,744.26,27729.51,37.26,18606.5,2,4.76,0,0,Normal
0.445,DNS,14784,443,38,205.76,17570.52,85.39,7818.88,1,5.25,0,0,Normal
0.316,UDP,27519,443,44,427.54,59530.89,139.24,18811.76,4,1.58,0,0,Normal
1.387,HTTP,15291,8088,1907,904.93,1244197.2,1374.91,1725701.51,86,0.98,12,1,Botnet
0.778,HTTP,5215,443,27,577.34,20036.22,34.7,15588.18,2,3.76,0,0,Normal
1.022,TCP,64012,8080,38,703.79,26168.32,37.18,26744.02,3,6.66,0,0,Normal
2.877,TCP,51117,53,34,855.78,10113.49,11.82,29096.52,7,0.29,0,0,Normal
0.297,HTTP,45098,3000,34,472.7,54113.8,114.48,16071.8,5,4.06,0,0,Normal
0.338,TCP,48957,80,2768,60.26,493490.18,8189.35,166799.68,286,0.13,167,1,Port Scan
1.56,ICMP,42444,8080,61,511.5,20000.96,39.1,31201.5,5,1.02,0,0,Normal
0.702,TCP,53554,3000,84,738.62,88381.88,119.66,62044.08,5,0.2,0,0,Normal
0.605,UDP,20584,443,23,256.53,9752.38,38.02,5900.19,8,1.65,0,0,Normal
1.191,UDP,37402,443,59,803.06,39782.15,49.54,47380.54,14,4.91,0,0,Normal
0.515,TCP,7691,25,17,504.08,16639.53,33.01,8569.36,6,11.29,0,0,Normal
0.01,UDP,32758,53,35,1128.68,790076.0,700.0,39503.8,15,6.53,0,0,Normal
0.328,HTTP,13756,25,26,756.39,59957.74,79.27,19666.14,13,2.28,0,0,Normal
0.881,TCP,49861,3000,45,40.0,2043.13,51.08,1800.0,7,1.04,0,0,Normal
0.442,HTTP,39615,8080,18,711.07,28957.6,40.72,12799.26,1,8.76,0,0,Normal
3.612,TCP,16759,21,4946,183.15,250791.78,1369.32,905859.9,146,3.49,116,1,Brute Force
1.879,TCP,23239,22,17,557.45,5043.45,9.05,9476.65,13,1.26,0,0,Normal
0.074,ICMP,26771,3000,39,245.85,129569.59,527.03,9588.15,13,1.79,0,0,Normal
1.88,UDP,46552,443,20213,66.61,716163.79,10751.6,1346387.93,715,0.48,246,1,DDoS
0.262,TCP,6545,22,87,956.49,317613.09,332.06,83214.63,9,2.59,0,0,Normal
0.656,HTTP,41781,8080,32,865.52,42220.49,48.78,27696.64,1,1.45,0,0,Normal
1.552,DNS,52250,443,20,684.38,8819.33,12.89,13687.6,14,0.68,0,0,Normal
0.025,TCP,54134,8080,29,1394.35,808723.0,580.0,40436.15,6,9.13,0,0,Normal
2.198,TCP,20318,80,25920,57.07,673000.18,11792.54,1479254.4,712,0.65,238,1,DDoS
0.897,ICMP,63965,443,18,198.8,3989.3,20.07,3578.4,11,11.36,0,0,Normal
1.427,TCP,30551,53,31,1055.54,22930.44,21.72,32721.74,11,0.81,0,0,Normal
0.096,TCP,29617,25,30,1165.89,364340.62,312.5,34976.7,13,0.8,0,0,Normal
1.728,UDP,32070,8080,71,371.7,15272.4,41.09,26390.7,6,7.34,0,0,Normal
0.597,UDP,27346,123,28218,150.46,7111692.26,47266.33,4245680.28,599,0.78,324,1,DDoS
0.16,HTTP,51478,8080,37,284.37,65760.56,231.25,10521.69,5,1.34,0,0,Normal
0.466,TCP,53538,8080,22700,55.46,2701592.27,48712.45,1258942.0,104,0.06,94,1,DoS
0.349,TCP,42813,25,29,557.16,46296.96,83.09,16157.64,13,1.9,0,0,Normal
0.211,TCP,14107,3000,37,805.36,141224.27,175.36,29798.32,7,0.17,0,0,Normal
1.322,TCP,10745,443,47,725.29,25785.65,35.55,34088.63,3,1.43,0,0,Normal
0.098,UDP,13600,443,16,637.48,104078.37,163.27,10199.68,9,0.9,1,0,Normal
0.542,TCP,13334,8443,98,40.0,7232.47,180.81,3920.0,13,1.06,1,0,Normal
0.348,UDP,59917,53,55,800.03,126441.52,158.05,44001.65,7,2.27,2,0,Normal
0.76,HTTP,63296,443,25,452.28,14877.63,32.89,11307.0,9,0.63,0,0,Normal
0.694,TCP,4856,80,21,965.33,29210.27,30.26,20271.93,12,0.43,0,0,Normal
0.066,TCP,40645,80,41,301.86,187519.09,621.21,12376.26,10,1.75,0,0,Normal
0.96,DNS,14631,3000,62,465.94,30091.96,64.58,28888.28,5,2.37,0,0,Normal
2.766,TCP,64158,25,23,878.69,7306.53,8.32,20209.87,3,3.77,0,0,Normal
0.076,TCP,28729,443,31,418.71,170789.61,407.89,12980.01,12,3.16,0,0,Normal
3.594,DNS,59225,443,75,864.4,18038.4,20.87,64830.0,7,1.08,0,0,Normal
0.612,TCP,62249,123,33217,126.83,6883843.32,54276.14,4212912.11,671,0.04,383,1,DDoS
0.106,UDP,61103,8080,27,596.17,151854.62,254.72,16096.59,5,0.05,1,0,Normal
0.794,TCP,63740,143,1035,38.29,49912.03,1303.53,39630.15,281,0.06,458,1,Port Scan
0.612,TCP,36514,8080,44,676.59,48643.73,71.9,29769.96,11,2.15,0,0,Normal
2.054,UDP,25012,80,33422,230.13,3744598.28,16271.67,7691404.86,543,0.62,356,1,DDoS
0.012,TCP,27275,80,32,607.64,388889.6,640.0,19444.48,9,0.73,0,0,Normal
1.538,HTTP,49145,8443,13,270.75,2288.52,8.45,3519.75,5,4.76,0,0,Normal
3.139,TCP,9771,80,7116,1233.68,2796708.15,2266.96,8778866.88,79,2.18,19,1,Botnet
0.859,TCP,41314,3389,706,57.93,47611.85,821.89,40898.58,527,0.02,474,1,Port Scan
0.107,TCP,28812,3000,16,372.18,55653.08,149.53,5954.88,10,0.18,0,0,Normal
0.219,TCP,7860,53,26,137.6,16336.07,118.72,3577.6,1,0.09,0,0,Normal
0.034,TCP,26114,22,25,678.92,339460.0,500.0,16973.0,10,0.68,0,0,Normal
2.134,HTTP,19141,8080,30,637.95,8968.37,14.06,19138.5,2,0.77,0,0,Normal
1.733,UDP,25476,53,17,110.01,1079.15,9.81,1870.17,9,0.57,0,0,Normal
0.777,UDP,34438,8443,28,300.68,10835.32,36.04,8419.04,11,1.13,0,0,Normal
1.346,TCP,40602,443,32718,80.16,1948495.45,24307.58,2622674.88,222,0.09,81,1,DoS
0.659,TCP,59283,21,3862,60.07,352033.9,5860.39,231990.34,158,0.03,132,1,Port Scan
2.367,ICMP,13023,3000,76,169.21,5433.02,32.11,12859.96,6,5.1,0,0,Normal
0.484,TCP,51541,80,28,544.36,31491.9,57.85,15242.08,3,0.75,0,0,Normal
4.298,TCP,58197,9001,6016,431.69,604245.47,1399.72,2597047.04,79,0.43,35,1,Botnet
0.011,HTTP,19705,443,53,318.32,337419.2,1060.0,16870.96,13,0.26,0,0,Normal
1.278,UDP,59338,8443,14,262.41,2874.6,10.95,3673.74,1,0.39,0,0,Normal
0.346,UDP,33186,22,19,797.52,43794.45,54.91,15152.88,7,0.93,1,0,Normal
1.145,TCP,13276,443,31069,69.12,1875536.49,27134.5,2147489.28,178,0.02,216,1,DoS
0.736,TCP,45983,445,1466,55.88,111304.46,1991.85,81920.08,324,0.11,175,1,Port Scan
1.999,HTTP,31641,25,46,517.84,11916.28,23.01,23820.64,9,3.69,0,0,Normal
0.207,HTTP,56124,8080,44,303.02,64410.05,212.56,13332.88,6,0.33,0,0,Normal
1.525,DNS,24664,8443,15,305.56,3005.51,9.84,4583.4,13,0.06,0,0,Normal
3.043,TCP,2469,80,50685,129.89,2163481.65,16656.26,6583474.65,291,0.26,233,1,DDoS
0.605,TCP,41776,110,1217,51.14,102871.7,2011.57,62237.38,231,0.04,298,1,Port Scan
2.37,UDP,38536,53,25341,207.85,2222416.39,10692.41,5267126.85,339,0.09,232,1,DDoS
0.348,TCP,2283,110,792,41.57,94607.59,2275.86,32923.44,442,0.08,319,1,Port Scan
0.975,TCP,16129,80,33664,70.28,2426570.17,34527.18,2365905.92,396,0.12,184,1,DoS
2.482,UDP,62386,443,54,114.91,2500.06,21.76,6205.14,9,1.46,0,0,Normal
0.905,UDP,4096,8080,34,143.42,5388.15,37.57,4876.28,11,0.2,0,0,Normal
0.488,TCP,46007,445,3537,42.27,306370.88,7247.95,149508.99,282,0.11,325,1,Port Scan
0.247,TCP,15690,8080,5362,73.46,1594706.56,21708.5,393892.52,225,0.15,38,1,DoS
0.732,HTTP,42054,80,20,222.83,6088.25,27.32,4456.6,11,1.4,0,0,Normal
1.582,UDP,59062,8080,22,382.73,5322.41,13.91,8420.06,2,1.47,0,0,Normal
1.113,TCP,47584,3000,18,391.59,6332.99,16.17,7048.62,11,1.45,0,0,Normal
0.308,TCP,11372,8080,878,46.5,132555.19,2850.65,40827.0,363,0.09,488,1,Port Scan
0.509,TCP,7174,3000,60,443.0,52220.04,117.88,26580.0,6,4.11,0,0,Normal
0.244,TCP,45655,53,2007,40.02,329180.9,8225.41,80320.14,340,0.11,348,1,Port Scan
0.729,TCP,63450,80,50034,81.04,5562078.68,68633.74,4054755.36,696,0.45,325,1,DDoS
0.503,UDP,20100,53,39,724.2,56150.7,77.53,28243.8,4,0.96,0,0,Normal
1.246,DNS,58440,25,34,667.97,18227.11,27.29,22710.98,12,2.25,0,0,Normal
0.465,TCP,50172,443,37,337.31,26839.72,79.57,12480.47,11,1.03,0,0,Normal
4.493,HTTP,11971,443,4699,955.95,999779.45,1045.85,4492009.05,177,0.37,38,1,Botnet
0.365,TCP,13433,80,1925,41.49,218817.12,5273.97,79868.25,346,0.07,147,1,Port Scan
0.413,TCP,28132,8443,65,394.04,62015.98,157.38,25612.6,5,3.07,0,0,Normal
0.452,TCP,52070,443,2127,46.51,218864.54,4705.75,98926.77,348,0.1,148,1,Port Scan
0.588,UDP,52337,25,35,873.97,52022.02,59.52,30588.95,3,0.67,0,0,Normal
1.916,UDP,34508,123,58677,132.41,4055021.7,30624.74,7769421.57,591,0.26,416,1,DDoS
0.775,HTTP,37973,53,44,781.05,44343.48,56.77,34366.2,3,0.61,0,0,Normal
0.73,TCP,22210,3000,27,542.55,20066.92,36.99,14648.85,10,1.68,0,0,Normal
0.873,TCP,38858,443,1245,35.29,50327.66,1426.12,43936.05,575,0.04,195,1,Port Scan
0.958,TCP,2331,8080,25,375.93,9810.28,26.1,9398.25,15,3.3,0,0,Normal
2.011,HTTP,37042,25,44,873.75,19117.35,21.88,38445.0,12,3.04,0,0,Normal
1.339,UDP,12132,53,33,506.41,12480.6,24.65,16711.53,5,3.45,0,0,Normal
0.712,TCP,30844,8080,26,586.4,21413.48,36.52,15246.4,5,0.88,0,0,Normal
0.738,TCP,20983,25,69,569.89,53282.4,93.5,39322.41,8,2.71,0,0,Normal
1.748,DNS,32623,22,48,719.82,19766.22,27.46,34551.36,4,0.05,0,0,Normal
1.015,TCP,64583,80,50,510.04,25125.12,49.26,25502.0,3,1.53,0,0,Normal
0.078,TCP,26193,443,47,467.03,281415.51,602.56,21950.41,15,3.54,0,0,Normal
2.345,TCP,19495,53,33,700.23,9853.98,14.07,23107.59,15,2.19,0,0,Normal
0.207,UDP,27418,8443,23,629.35,69927.78,111.11,14475.05,14,0.84,0,0,Normal
2.455,TCP,28213,443,51,40.0,830.96,20.77,2040.0,14,2.25,0,0,Normal
0.927,TCP,48766,443,23,807.19,20027.37,24.81,18565.37,2,2.61,0,0,Normal
1.142,TCP,8066,8080,21185,62.25,1154786.56,18550.79,1318766.25,354,0.28,98,1,DoS
0.325,TCP,43931,22,14,399.76,17220.43,43.08,5596.64,7,2.31,0,0,Normal
0.133,TCP,8246,22,82,690.17,425518.35,616.54,56593.94,1,2.76,0,0,Normal
0.09,TCP,57177,8080,25,737.4,204833.33,277.78,18435.0,13,2.63,0,0,Normal
2.33,TCP,21744,443,18,665.53,5141.43,7.73,11979.54,1,2.57,0,0,Normal
1.59,TCP,44436,8443,41,572.09,14752.01,25.79,23455.69,2,7.54,0,0,Normal
3.348,TCP,9717,25,36,664.01,7139.89,10.75,23904.36,2,1.19,0,0,Normal
2.676,TCP,27151,53,40,174.21,2604.04,14.95,6968.4,11,0.46,0,0,Normal
1.221,TCP,17539,80,34,778.74,21684.82,27.85,26477.16,12,3.9,0,0,Normal
2.818,UDP,34029,22,23,714.71,5833.33,8.16,16438.33,13,0.74,0,0,Normal
0.03,UDP,38254,22,34,240.59,163601.2,680.0,8180.06,7,0.43,0,0,Normal
1.567,TCP,44850,443,21,601.96,8067.11,13.4,12641.16,6,0.7,0,0,Normal
1.116,TCP,59552,25,20,783.66,14044.09,17.92,15673.2,3,1.67,0,0,Normal
1.783,HTTP,7102,443,1822,1729.94,1767779.41,1021.87,3151950.68,67,0.37,16,1,Web Attack
0.333,TCP,63683,80,45,476.12,64340.54,135.14,21425.4,2,1.24,0,0,Normal
0.466,UDP,35083,3000,21,407.42,18360.13,45.06,8555.82,8,0.4,0,0,Normal
0.738,HTTP,30870,8443,52,40.0,2818.43,70.46,2080.0,15,2.51,0,0,Normal
0.027,UDP,65051,80,23,632.17,290798.2,460.0,14539.91,5,0.46,0,0,Normal
0.402,UDP,44933,443,57,395.64,56098.21,141.79,22551.48,7,0.93,0,0,Normal
1.566,HTTP,20893,80,31,331.77,6567.61,19.8,10284.87,4,1.64,1,0,Normal
0.527,TCP,59777,443,41,139.2,10829.6,77.8,5707.2,9,0.84,0,0,Normal
1.571,HTTP,23499,443,2375,2234.4,3377912.16,1511.78,5306700.0,61,1.91,13,1,Web Attack
0.868,TCP,10153,3000,30,411.35,14217.17,34.56,12340.5,15,2.03,0,0,Normal
2.879,UDP,41191,80,35,508.92,6186.94,12.16,17812.2,1,0.84,0,0,Normal
0.375,UDP,27657,80,20116,56.09,3008817.17,53642.67,1128306.44,301,0.17,40,1,DoS
1.963,ICMP,13899,22,8,518.28,2112.2,4.08,4146.24,5,2.68,0,0,Normal
0.634,UDP,53441,53,29,409.15,18715.06,45.74,11865.35,6,0.27,0,0,Normal
2.464,TCP,4965,443,42117,159.54,2727007.38,17092.94,6719346.18,689,0.01,83,1,DDoS
0.543,TCP,65152,53,19,988.3,34581.4,34.99,18777.7,8,0.28,0,0,Normal
2.162,TCP,37612,443,27,463.28,5785.64,12.49,12508.56,9,5.1,0,0,Normal
0.689,UDP,45070,443,9,596.1,7786.5,13.06,5364.9,7,0.62,0,0,Normal
0.221,TCP,58469,25,37,857.3,143529.86,167.42,31720.1,13,3.19,0,0,Normal
2.841,TCP,47950,3000,20,319.29,2247.73,7.04,6385.8,1,1.49,0,0,Normal
2.512,TCP,45867,443,25,871.74,8675.76,9.95,21793.5,13,0.41,2,0,Normal
1.967,HTTP,49901,8080,22,798.01,8925.38,11.18,17556.22,4,1.29,0,0,Normal
0.696,DNS,5960,22,39,428.83,24029.27,56.03,16724.37,5,0.55,0,0,Normal
0.668,ICMP,49244,53,85,600.11,76361.3,127.25,51009.35,14,0.93,0,0,Normal
0.212,TCP,36555,25,34,483.27,77505.57,160.38,16431.18,15,3.18,0,0,Normal
0.836,ICMP,48599,8080,33,704.72,27817.89,39.47,23255.76,4,4.0,0,0,Normal
0.481,TCP,28488,1433,2183,39.79,180585.38,4538.46,86861.57,561,0.14,191,1,Port Scan
4.916,DNS,27192,8088,1736,860.94,304026.0,353.13,1494591.84,70,1.84,32,1,Botnet
2.908,HTTP,44767,443,17,857.5,5012.9,5.85,14577.5,2,1.26,0,0,Normal
0.251,UDP,49032,443,26,705.34,73063.11,103.59,18338.84,3,5.13,0,0,Normal
1.13,TCP,23740,8443,21,705.74,13115.52,18.58,14820.54,7,0.68,0,0,Normal
0.462,TCP,12814,3000,21,588.44,26747.27,45.45,12357.24,1,0.25,0,0,Normal
0.197,TCP,21055,8443,25,611.1,77550.76,126.9,15277.5,13,4.17,0,0,Normal
0.168,TCP,14346,80,61,595.54,216237.74,363.1,36327.94,6,1.08,0,0,Normal
1.092,TCP,25984,53,21,841.15,16175.96,19.23,17664.15,1,1.04,0,0,Normal
0.22,TCP,57650,443,20722,104.41,9834472.82,94190.91,2163584.02,900,0.43,403,1,DDoS
0.211,TCP,31947,8080,21380,74.95,7594459.72,101327.01,1602431.0,180,0.35,92,1,DoS
0.03,TCP,49985,8080,67,1102.3,1477082.0,1340.0,73854.1,4,1.4,0,0,Normal
3.443,UDP,13775,80,46150,114.01,1528190.97,13404.01,5261561.5,548,0.31,287,1,DDoS
3.45,TCP,42334,80,42362,159.78,1961913.15,12278.84,6768600.36,421,0.41,87,1,DDoS
0.146,TCP,13558,8080,2807,53.53,1029169.25,19226.03,150258.71,216,0.06,337,1,Port Scan
0.884,UDP,35380,443,20,713.47,16141.86,22.62,14269.4,13,1.47,0,0,Normal
0.855,UDP,47407,3000,19,40.0,888.89,22.22,760.0,6,1.08,0,0,Normal
0.924,UDP,48173,443,35,740.01,28030.68,37.88,25900.35,3,3.61,0,0,Normal
0.317,TCP,7142,443,40,87.1,10990.54,126.18,3484.0,12,0.5,0,0,Normal
0.155,TCP,46024,53,50,40.0,12903.23,322.58,2000.0,11,1.38,0,0,Normal
0.272,HTTP,29205,443,1295,886.68,4221509.56,4761.03,1148250.6,53,1.05,3,1,Web Attack
1.772,TCP,51069,8080,21244,73.85,885366.48,11988.71,1568869.4,98,0.45,200,1,DoS
1.407,HTTP,8977,3000,15,678.65,7235.07,10.66,10179.75,3,0.21,0,0,Normal
7.219,TCP,28572,21,3207,122.62,54473.24,444.24,393242.34,60,3.5,106,1,Brute Force
0.6,HTTP,32303,3000,22,739.26,27106.2,36.67,16263.72,2,6.4,0,0,Normal
4.738,TCP,58755,21,4134,231.42,201918.59,872.52,956690.28,142,1.47,77,1,Brute Force
3.718,TCP,13202,443,41,962.84,10617.65,11.03,39476.44,10,1.36,0,0,Normal
0.071,TCP,37234,53,8,992.61,111843.38,112.68,7940.88,7,1.08,0,0,Normal
2.489,UDP,40420,80,25,698.91,7019.99,10.04,17472.75,4,1.32,0,0,Normal
2.276,ICMP,11945,3000,25,1052.5,11560.85,10.98,26312.5,6,2.63,0,0,Normal
0.783,TCP,56531,443,1249,1892.13,3018225.25,1595.15,2363270.37,24,0.65,15,1,Web Attack
0.792,TCP,4707,53,60,455.92,34539.39,75.76,27355.2,2,1.76,0,0,Normal
1.308,TCP,38727,80,46,474.13,16674.3,35.17,21809.98,2,5.75,0,0,Normal
0.728,TCP,34561,53,30,259.11,10677.61,41.21,7773.3,4,7.17,0,0,Normal
1.428,TCP,15306,443,13378,69.6,652036.97,9368.35,931108.8,260,0.06,133,1,DoS
0.232,TCP,27481,80,27354,71.67,8450263.71,117905.17,1960461.18,112,0.18,175,1,DoS
0.35,TCP,22497,53,52735,129.99,19585779.0,150671.43,6855022.65,813,0.79,108,1,DDoS
2.775,HTTP,28224,22,14,465.44,2348.17,5.05,6516.16,3,11.72,0,0,Normal
0.573,UDP,11971,443,23,541.99,21755.27,40.14,12465.77,14,3.15,0,0,Normal
0.143,UDP,40558,22,49,405.81,139053.78,342.66,19884.69,8,0.47,0,0,Normal
0.77,ICMP,23294,22,37,909.82,43718.62,48.05,33663.34,3,1.01,0,0,Normal
1.557,TCP,33935,8443,36,693.84,16042.54,23.12,24978.24,9,3.59,0,0,Normal
1.594,TCP,22903,443,17385,64.71,705761.2,10906.52,1124983.35,334,0.13,97,1,DoS
3.071,TCP,3687,8443,51,845.81,14046.34,16.61,43136.31,5,0.09,0,0,Normal
0.333,TCP,41804,80,10,168.93,5072.97,30.03,1689.3,15,2.18,0,0,Normal
0.835,HTTP,25242,22,20,670.09,16050.06,23.95,13401.8,5,0.22,1,0,Normal
2.209,TCP,32168,8080,33,487.44,7281.81,14.94,16085.52,14,1.29,0,0,Normal
1.04,TCP,34184,80,48,614.69,28370.31,46.15,29505.12,13,2.43,0,0,Normal
1.587,TCP,60989,80,9818,52.85,326957.34,6186.52,518881.3,127,0.49,187,1,DoS
0.118,TCP,23218,8080,11902,54.1,5456764.41,100864.41,643898.2,163,0.06,207,1,DoS
1.144,TCP,6175,123,37194,165.14,5369070.94,32512.24,6142217.16,899,0.44,111,1,DDoS
0.01,TCP,45871,8080,8,329.64,52742.4,160.0,2637.12,6,0.14,0,0,Normal
1.972,TCP,25297,80,6705,62.73,213288.36,3400.1,420604.65,237,0.36,90,1,DoS
0.571,TCP,59782,80,25554,92.24,4128022.7,44753.06,2357100.96,157,0.36,43,1,DoS
0.464,TCP,25721,80,17357,67.65,2530605.71,37407.33,1174201.05,131,0.09,51,1,DoS
1.025,UDP,20576,8080,48,324.96,15217.64,46.83,15598.08,2,0.66,0,0,Normal
1.181,HTTP,10623,25,38,622.97,20044.76,32.18,23672.86,1,2.11,0,0,Normal
2.913,TCP,39505,8443,14,587.14,2821.82,4.81,8219.96,8,1.87,0,0,Normal
0.055,TCP,21127,445,997,42.13,763702.0,18127.27,42003.61,507,0.03,291,1,Port Scan
1.172,UDP,51721,22,53,302.08,13660.61,45.22,16010.24,14,5.99,0,0,Normal
2.464,UDP,40093,53,16004,121.95,792081.09,6495.13,1951687.8,708,0.16,95,1,DDoS
0.78,TCP,64756,22,29,542.18,20157.97,37.18,15723.22,12,2.31,0,0,Normal
4.398,HTTP,13797,8088,5086,1327.96,1535699.08,1156.43,6754004.56,157,0.9,23,1,Botnet
1.144,DNS,60371,53,33,869.64,25085.77,28.85,28698.12,10,0.05,1,0,Normal
0.839,TCP,11830,443,30527,54.4,1979343.03,36384.98,1660668.8,161,0.33,183,1,DoS
0.61,TCP,22881,25,91,635.22,94762.33,149.18,57805.02,3,1.04,0,0,Normal
0.113,TCP,38912,80,49,790.63,342839.56,433.63,38740.87,9,1.49,0,0,Normal
4.438,TCP,28349,53,85,702.18,13448.69,19.15,59685.3,3,0.55,0,0,Normal
2.668,TCP,40656,123,22883,81.37,697897.19,8576.84,1861989.71,855,0.12,224,1,DDoS
0.889,HTTP,63337,22,43,778.4,37650.39,48.37,33471.2,1,0.09,0,0,Normal
0.68,TCP,65465,143,3224,43.88,208042.82,4741.18,141469.12,162,0.11,455,1,Port Scan
0.675,UDP,26648,22,46,370.13,25223.67,68.15,17025.98,4,1.71,0,0,Normal
1.754,TCP,11825,80,55291,97.0,3057712.09,31522.81,5363227.0,403,0.45,347,1,DDoS
0.276,TCP,63130,3000,39,318.59,45018.15,141.3,12425.01,4,2.58,0,0,Normal
2.448,UDP,49964,443,25069,127.89,1309670.92,10240.6,3206074.41,237,0.43,230,1,DDoS
0.965,TCP,55092,8080,28244,59.62,1744981.64,29268.39,1683907.28,229,0.36,118,1,DoS
0.669,HTTP,30796,25,29,545.47,23645.19,43.35,15818.63,15,0.74,0,0,Normal
0.381,ICMP,20251,80,14447,46.58,1766250.03,37918.64,672941.26,100,0.02,104,1,DoS
2.013,HTTP,8087,8080,16,711.51,5655.32,7.95,11384.16,11,2.77,0,0,Normal
1.849,HTTP,40191,8080,49,535.18,14182.7,26.5,26223.82,3,1.55,0,0,Normal
0.397,TCP,2256,3000,22,561.22,31100.35,55.42,12346.84,13,4.19,0,0,Normal
0.455,UDP,46706,80,56,469.5,57784.62,123.08,26292.0,3,2.28,0,0,Normal
0.531,TCP,46141,22,3290,48.64,301366.48,6195.86,160025.6,393,0.07,408,1,Port Scan
1.9,UDP,36308,25,35,660.97,12175.76,18.42,23133.95,6,0.54,0,0,Normal
0.549,UDP,36842,443,18688,59.32,2019257.12,34040.07,1108572.16,88,0.27,158,1,DoS
1.835,TCP,23628,8080,23,40.0,501.36,12.53,920.0,5,1.13,1,0,Normal
1.785,TCP,23897,80,20,275.94,3091.76,11.2,5518.8,3,0.67,0,0,Normal
0.982,UDP,11030,53,69,213.91,15030.34,70.26,14759.79,12,3.96,0,0,Normal
0.281,UDP,10689,3000,46,564.98,92487.83,163.7,25989.08,14,5.33,0,0,Normal
2.259,TCP,35363,53,24372,107.09,1155377.37,10788.84,2609997.48,268,0.33,179,1,DDoS
0.406,TCP,12223,8080,63,475.74,73821.72,155.17,29971.62,10,0.84,0,0,Normal
3.415,UDP,44390,123,27199,136.66,1088437.87,7964.57,3717015.34,454,0.55,181,1,DDoS
4.561,TCP,43335,22,1966,129.31,55738.54,431.05,254223.46,93,1.01,92,1,Brute Force
0.651,UDP,27329,80,21,677.98,21870.32,32.26,14237.58,1,2.76,0,0,Normal
1.23,UDP,52831,8080,28533,68.49,1588800.95,23197.56,1954225.17,151,0.16,196,1,DoS
0.081,HTTP,7722,443,23,786.86,223429.38,283.95,18097.78,7,2.88,0,0,Normal
0.387,TCP,49910,80,70,804.42,145502.33,180.88,56309.4,12,6.63,0,0,Normal
0.425,UDP,24633,3000,9,845.0,17894.12,21.18,7605.0,13,5.23,1,0,Normal
1.722,ICMP,21801,3000,15,99.74,868.82,8.71,1496.1,6,0.75,0,0,Normal
0.675,ICMP,35522,25,46,467.14,31834.73,68.15,21488.44,8,6.13,0,0,Normal
0.153,UDP,25201,22,38,978.17,242944.18,248.37,37170.46,5,1.7,0,0,Normal
0.63,TCP,61540,3000,30,469.02,22334.29,47.62,14070.6,12,1.08,0,0,Normal
6.822,TCP,2758,3306,2184,127.5,40817.94,320.14,278460.0,68,2.14,54,1,Brute Force
0.681,UDP,39268,443,17252,55.92,1416640.0,25333.33,964731.84,197,0.16,212,1,DoS
1.222,HTTP,45191,8443,36,360.38,10616.76,29.46,12973.68,5,0.08,0,0,Normal
7.818,TCP,4009,3306,2261,132.38,38284.88,289.2,299311.18,53,0.64,74,1,Brute Force
2.362,TCP,46682,443,55296,106.41,2491129.28,23410.67,5884047.36,828,0.05,101,1,DDoS
0.091,UDP,29853,80,39,379.02,162437.14,428.57,14781.78,8,3.91,0,0,Normal
0.129,TCP,39070,25,45,40.0,13953.49,348.84,1800.0,1,0.61,0,0,Normal
1.273,TCP,39711,123,47975,141.78,5343201.49,37686.57,6801895.5,323,0.59,292,1,DDoS
0.917,TCP,36180,8443,40,503.19,21949.4,43.62,20127.6,8,1.33,0,0,Normal
0.148,TCP,51645,445,1057,54.69,390590.07,7141.89,57807.33,390,0.04,121,1,Port Scan
2.361,UDP,18588,6667,5998,540.64,1373468.33,2540.45,3242758.72,155,2.2,36,1,Botnet
0.177,UDP,14827,8080,16,581.45,52560.45,90.4,9303.2,15,2.62,0,0,Normal
3.432,TCP,47253,25,62,955.28,17257.39,18.07,59227.36,7,0.66,0,0,Normal
1.309,HTTP,28189,53,24,457.39,8386.07,18.33,10977.36,9,0.91,0,0,Normal
6.548,TCP,24031,3389,2659,205.41,83412.52,406.08,546185.19,96,1.69,75,1,Brute Force
0.494,UDP,12746,3000,13,172.49,4539.21,26.32,2242.37,10,6.77,0,0,Normal
0.297,TCP,2857,25,52,988.35,173044.44,175.08,51394.2,8,4.9,0,0,Normal
1.564,TCP,33485,443,58,729.79,27063.82,37.08,42327.82,5,7.28,0,0,Normal
0.992,UDP,25421,8443,21,342.9,7258.97,21.17,7200.9,11,1.75,0,0,Normal
2.789,TCP,17131,25,68,359.55,8766.37,24.38,24449.4,9,0.86,0,0,Normal
3.537,HTTP,30937,8443,64,659.34,11930.38,18.09,42197.76,12,1.6,0,0,Normal
0.167,TCP,43066,23,3098,54.8,1016589.22,18550.9,169770.4,249,0.02,261,1,Port Scan
0.721,HTTP,31948,443,33,445.42,20386.77,45.77,14698.86,11,0.14,0,0,Normal
1.724,HTTP,48623,8443,91,498.09,26291.29,52.78,45326.19,13,0.37,0,0,Normal
0.679,UDP,24483,3000,13,266.43,5101.02,19.15,3463.59,12,1.23,0,0,Normal
1.277,TCP,27345,22,27,676.07,14294.35,21.14,18253.89,8,2.34,0,0,Normal
1.968,TCP,37479,8080,23,565.92,6613.9,11.69,13016.16,2,7.56,0,0,Normal
1.872,UDP,37969,3000,31,689.27,11414.19,16.56,21367.37,1,4.83,0,0,Normal
1.935,TCP,31522,8080,67,500.36,17325.13,34.63,33524.12,15,1.03,0,0,Normal
0.109,TCP,38641,3389,2266,36.9,767113.76,20788.99,83615.4,309,0.11,387,1,Port Scan
1.301,TCP,10138,22,66,483.92,24549.36,50.73,31938.72,9,0.32,0,0,Normal
0.663,UDP,55812,25,33,764.85,38069.46,49.77,25240.05,14,3.47,0,0,Normal
3.044,TCP,38505,8080,65,672.85,14367.69,21.35,43735.25,10,0.31,0,0,Normal
0.289,UDP,45478,53,31,605.44,64943.39,107.27,18768.64,7,0.31,1,0,Normal
0.78,TCP,2075,8443,37,263.85,12515.96,47.44,9762.45,1,1.46,2,0,Normal
1.387,TCP,30454,3000,27,396.94,7727.02,19.47,10717.38,10,0.72,0,0,Normal
0.255,TCP,35456,8080,61,769.55,184088.43,239.22,46942.55,15,0.58,0,0,Normal
1.995,UDP,3408,443,12781,67.64,433336.76,6406.52,864506.84,176,0.16,30,1,DoS
3.024,UDP,45782,53,18,569.4,3389.29,5.95,10249.2,6,3.77,0,0,Normal
0.352,TCP,18235,53,32,877.28,79752.73,90.91,28072.96,9,0.91,0,0,Normal
1.235,TCP,30483,8443,91,604.14,44515.58,73.68,54976.74,3,0.69,2,0,Normal
0.444,UDP,8810,53,45,586.22,59414.19,101.35,26379.9,2,2.9,0,0,Normal
1.771,HTTP,36062,443,1735,2177.29,2133031.14,979.67,3777598.15,55,0.91,18,1,Web Attack
3.507,UDP,23202,80,114,390.87,12705.78,32.51,44559.18,1,0.16,0,0,Normal
0.118,TCP,49633,8443,23,1028.51,200472.29,194.92,23655.73,9,0.49,0,0,Normal
1.48,TCP,29157,8443,20,217.19,2935.0,13.51,4343.8,12,6.91,0,0,Normal
7.264,ICMP,43969,53,25,49.57,170.6,3.44,1239.25,14,0.9,0,0,Normal
0.49,UDP,41128,443,45,340.03,31227.24,91.84,15301.35,2,0.27,0,0,Normal
0.182,TCP,28458,443,26584,63.48,9272265.49,146065.93,1687552.32,97,0.43,101,1,DoS
0.612,TCP,6557,443,57653,117.01,11022839.1,94204.25,6745977.53,720,0.66,101,1,DDoS
2.109,DNS,33898,8080,44,272.56,5686.41,20.86,11992.64,8,1.92,0,0,Normal
0.758,TCP,46697,22,39,650.59,33473.63,51.45,25373.01,12,4.2,0,0,Normal
0.816,TCP,51712,22,2090,53.83,137873.41,2561.27,112504.7,168,0.04,232,1,Port Scan
1.605,TCP,63849,80,27118,61.59,1040621.57,16895.95,1670197.62,220,0.45,167,1,DoS
1.865,HTTP,54413,8080,25,569.76,7637.53,13.4,14244.0,13,9.32,0,0,Normal
0.606,TCP,29732,53,1535,41.73,105702.23,2533.0,64055.55,172,0.11,352,1,Port Scan
1.981,TCP,2243,53,42,255.84,5424.17,21.2,10745.28,10,2.2,0,0,Normal
1.123,ICMP,62445,22,56,679.1,33864.29,49.87,38029.6,12,0.34,1,0,Normal
0.488,UDP,11381,80,34,555.43,38697.99,69.67,18884.62,8,1.52,0,0,Normal
4.412,TCP,28498,22,27,423.18,2589.72,6.12,11425.86,11,6.52,0,0,Normal
0.57,TCP,27431,80,40,599.92,42099.65,70.18,23996.8,8,0.64,0,0,Normal
0.915,TCP,47087,22,28,578.33,17697.53,30.6,16193.24,7,0.16,0,0,Normal
0.932,TCP,45218,8443,28,604.79,18169.66,30.04,16934.12,6,1.95,0,0,Normal
1.789,HTTP,1424,443,592,2003.49,662977.13,330.91,1186066.08,20,0.83,6,1,Web Attack
0.736,TCP,27618,443,19,348.55,8997.89,25.82,6622.45,10,5.45,0,0,Normal
1.033,HTTP,32199,3000,32,621.39,19249.25,30.98,19884.48,11,3.62,0,0,Normal
3.447,TCP,41412,80,53126,55.84,860619.62,15412.24,2966555.84,639,0.03,242,1,DDoS
1.322,HTTP,44699,25,86,425.2,27660.51,65.05,36567.2,3,4.91,0,0,Normal
0.861,TCP,50304,8443,50,419.29,24349.01,58.07,20964.5,4,0.09,0,0,Normal
0.01,UDP,3068,8443,9,469.88,84578.4,180.0,4228.92,13,0.74,0,0,Normal
1.625,HTTP,30159,80,24,261.14,3856.84,14.77,6267.36,4,2.22,0,0,Normal
1.987,UDP,5462,443,6949,686.17,2399695.69,3497.23,4768195.33,149,1.1,34,1,Botnet
0.01,HTTP,63575,443,40,643.8,515040.0,800.0,25752.0,1,3.47,0,0,Normal
2.245,TCP,15367,80,32,890.9,12698.8,14.25,28508.8,8,0.71,1,0,Normal
3.381,TCP,5350,80,46020,182.56,2484889.44,13611.36,8401411.2,490,0.02,257,1,DDoS
1.521,HTTP,2706,443,12,582.78,4597.87,7.89,6993.36,14,1.5,0,0,Normal
5.125,UDP,27356,80,46,384.99,3455.52,8.98,17709.54,8,0.48,0,0,Normal
2.063,UDP,19409,8080,54,385.85,10099.81,26.18,20835.9,13,0.54,0,0,Normal
0.735,TCP,8989,3000,62,80.25,6769.39,84.35,4975.5,8,0.05,0,0,Normal
1.098,TCP,64545,3000,88,757.27,60691.95,80.15,66639.76,7,0.34,0,0,Normal
0.181,HTTP,34148,3000,7,198.42,7673.7,38.67,1388.94,4,2.36,0,0,Normal
2.26,UDP,14357,53,63,111.16,3098.71,27.88,7003.08,6,2.6,0,0,Normal
2.056,TCP,29299,123,46505,95.66,2163749.17,22619.16,4448668.3,545,0.5,186,1,DDoS
0.231,TCP,7834,25,36,500.1,77937.66,155.84,18003.6,15,0.05,0,0,Normal
2.979,UDP,49461,25,59,649.38,12861.17,19.81,38313.42,14,4.83,0,0,Normal
0.842,UDP,57882,80,24002,103.32,2945233.54,28505.94,2479886.64,223,0.38,156,1,DDoS
0.49,TCP,56325,143,2572,39.7,208384.49,5248.98,102108.4,563,0.12,155,1,Port Scan
1.451,TCP,52893,8088,1278,1246.27,1097679.57,880.77,1592733.06,76,1.27,22,1,Botnet
1.41,TCP,24268,443,32089,55.08,1253519.23,22758.16,1767462.12,228,0.32,40,1,DoS
3.33,UDP,10175,80,15618,199.33,934875.66,4690.09,3113135.94,317,0.56,390,1,DDoS
4.868,DNS,18134,8088,5181,793.11,844104.95,1064.3,4109102.91,181,0.22,24,1,Botnet
0.713,TCP,7585,443,7644,73.2,784769.71,10720.9,559540.8,138,0.18,54,1,DoS
1.52,TCP,27945,443,37762,148.28,3683782.47,24843.42,5599349.36,302,0.57,343,1,DDoS
1.618,UDP,11783,443,9138,71.75,405223.42,5647.71,655651.5,292,0.12,53,1,DoS
1.28,UDP,40365,123,52224,120.75,4926600.0,40800.0,6306048.0,291,0.62,347,1,DDoS
0.219,TCP,38547,443,61,308.9,86040.64,278.54,18842.9,4,0.06,0,0,Normal
0.186,TCP,32958,53,3751,56.86,1146676.67,20166.67,213281.86,485,0.09,208,1,Port Scan
0.276,HTTP,39531,25,50,704.72,127666.67,181.16,35236.0,3,1.68,0,0,Normal
2.702,UDP,12598,80,26,784.68,7550.58,9.62,20401.68,7,0.49,0,0,Normal
0.912,HTTP,21682,22,27,491.8,14559.87,29.61,13278.6,6,0.12,0,0,Normal
0.315,TCP,30966,25,43,515.37,70352.1,136.51,22160.91,1,0.06,0,0,Normal
0.375,DNS,37769,80,24,579.91,37114.24,64.0,13917.84,1,1.75,0,0,Normal
0.787,UDP,56928,80,10590,71.17,957675.1,13456.16,753690.3,202,0.37,46,1,DoS
0.573,TCP,37322,3000,129,624.57,140610.0,225.13,80569.53,1,0.87,0,0,Normal
1.421,ICMP,46598,8080,7119,73.57,368574.83,5009.85,523744.83,230,0.16,63,1,DoS
0.599,UDP,60562,22,28,716.77,33505.11,46.74,20069.56,1,4.01,0,0,Normal
1.168,TCP,4052,22,35,546.32,16370.89,29.97,19121.2,8,0.75,0,0,Normal
0.799,TCP,63895,445,1100,52.0,71589.49,1376.72,57200.0,556,0.06,469,1,Port Scan
1.586,HTTP,49277,25,23,376.51,5460.11,14.5,8659.73,10,2.33,0,0,Normal
4.987,TCP,35140,25,17,461.58,1573.46,3.41,7846.86,1,0.84,0,0,Normal
4.142,UDP,22429,3000,88,524.31,11139.37,21.25,46139.28,11,1.45,0,0,Normal
0.032,HTTP,60880,8080,32,644.47,412460.8,640.0,20623.04,14,13.73,0,0,Normal
1.404,TCP,49391,80,24575,55.21,966371.62,17503.56,1356785.75,191,0.46,124,1,DoS
0.021,TCP,47311,3000,20,309.89,123956.0,400.0,6197.8,5,2.5,0,0,Normal
0.819,TCP,40906,3306,1323,52.35,84565.38,1615.38,69259.05,453,0.15,306,1,Port Scan
0.284,TCP,28990,80,13715,75.4,3641235.92,48292.25,1034111.0,159,0.33,244,1,DoS
2.607,HTTP,47553,8080,915,1604.08,562997.01,350.98,1467733.2,54,0.3,18,1,Web Attack
0.914,TCP,42128,8080,25876,80.86,2289204.99,28310.72,2092333.36,90,0.27,200,1,DoS
0.473,TCP,44147,80,81,589.52,100953.74,171.25,47751.12,6,6.94,1,0,Normal
6.581,TCP,36234,3389,2141,185.05,60202.41,325.33,396192.05,46,2.76,34,1,Brute Force
0.563,UDP,2663,25,16,629.73,17896.41,28.42,10075.68,4,0.15,0,0,Normal
0.162,TCP,9037,8080,68,733.34,307821.73,419.75,49867.12,6,1.03,0,0,Normal
0.82,TCP,5800,143,2485,44.9,136068.9,3030.49,111576.5,258,0.08,294,1,Port Scan
0.541,UDP,49557,123,26728,123.19,6086178.04,49404.81,3292622.32,641,0.6,334,1,DDoS
1.867,TCP,3308,443,16,120.71,1034.47,8.57,1931.36,2,0.53,0,0,Normal
0.369,TCP,11688,443,720,42.76,83434.15,1951.22,30787.2,270,0.08,221,1,Port Scan
6.438,TCP,25137,3306,3897,171.7,103932.11,605.31,669114.9,45,3.51,59,1,Brute Force
0.466,UDP,58095,8080,32173,49.21,3397496.42,69040.77,1583233.33,374,0.04,103,1,DoS
0.225,DNS,4878,8080,21,691.64,64553.07,93.33,14524.44,3,1.61,0,0,Normal
0.143,TCP,24794,8080,23,663.63,106737.69,160.84,15263.49,1,10.61,0,0,Normal
3.002,TCP,44194,8080,32,441.19,4702.89,10.66,14118.08,14,6.04,1,0,Normal
2.798,TCP,20919,8080,1747,1131.69,706598.44,624.37,1977062.43,46,1.66,23,1,Web Attack
0.403,HTTP,9218,22,19,600.74,28322.73,47.15,11414.06,11,0.48,0,0,Normal
0.522,TCP,5195,22,39,757.39,56586.61,74.71,29538.21,3,6.09,0,0,Normal
3.695,TCP,58262,80,54,555.78,8122.36,14.61,30012.12,11,4.7,2,0,Normal
0.315,TCP,57007,53,28,662.72,58908.44,88.89,18556.16,3,0.37,2,0,Normal
1.273,HTTP,56107,25,43,555.87,18776.44,33.78,23902.41,4,5.61,0,0,Normal
0.737,HTTP,55671,8443,16,1014.21,22018.13,21.71,16227.36,1,1.68,0,0,Normal
0.389,UDP,2481,8080,26,726.62,48565.86,66.84,18892.12,7,2.8,0,0,Normal
2.944,TCP,27942,80,45697,143.61,2229125.74,15522.08,6562546.17,362,0.04,418,1,DDoS
0.2,UDP,39055,443,31,799.85,123976.75,155.0,24795.35,8,2.72,0,0,Normal
1.632,DNS,28681,80,19,40.0,465.69,11.64,760.0,4,10.05,0,0,Normal
2.015,TCP,35692,23,2880,186.65,266775.19,1429.28,537552.0,81,3.01,28,1,Brute Force
2.049,ICMP,9375,25,24,517.01,6055.75,11.71,12408.24,15,0.61,0,0,Normal
0.385,TCP,55644,8080,3284,52.54,448159.38,8529.87,172541.36,173,0.02,263,1,Port Scan
0.649,DNS,54141,8080,17,657.08,17211.65,26.19,11170.36,11,1.39,0,0,Normal
2.675,UDP,56826,443,42,1096.26,17212.31,15.7,46042.92,10,9.78,1,0,Normal
0.073,TCP,39577,443,2441,46.4,1551539.73,33438.36,113262.4,262,0.03,467,1,Port Scan
1.829,TCP,40567,3306,2221,143.39,174122.03,1214.32,318469.19,52,2.41,25,1,Brute Force
0.981,TCP,45611,8080,13279,71.32,965400.9,13536.19,947058.28,338,0.1,100,1,DoS
0.029,UDP,3085,443,19,481.59,183004.2,380.0,9150.21,6,0.48,2,0,Normal
0.66,TCP,11602,443,56,730.28,61963.15,84.85,40895.68,5,4.07,0,0,Normal
1.464,TCP,33788,22,34,179.9,4178.01,23.22,6116.6,1,0.71,0,0,Normal
0.435,TCP,46745,443,59,527.86,71594.8,135.63,31143.74,8,5.5,0,0,Normal
0.403,UDP,47965,443,56,250.62,34825.61,138.96,14034.72,10,3.52,0,0,Normal
2.309,TCP,23683,8443,26,942.47,10612.48,11.26,24504.22,3,6.83,0,0,Normal
1.465,TCP,58706,443,11111,77.58,588390.02,7584.3,861991.38,301,0.14,69,1,DoS
1.045,HTTP,21567,22,32,306.29,9379.22,30.62,9801.28,4,0.07,0,0,Normal
0.202,TCP,7123,8080,29,619.2,88895.05,143.56,17956.8,14,3.02,0,0,Normal
4.161,TCP,23850,22,26,571.13,3568.7,6.25,14849.38,6,4.6,0,0,Normal
0.326,UDP,60475,53,35,821.05,88149.54,107.36,28736.75,12,1.62,0,0,Normal
2.174,UDP,39090,80,23646,90.9,988694.3,10876.72,2149421.4,496,0.67,226,1,DDoS
0.643,TCP,29464,110,1885,61.24,179529.39,2931.57,115437.4,208,0.03,123,1,Port Scan
0.535,UDP,10210,8443,55,399.02,41020.75,102.8,21946.1,3,5.04,0,0,Normal
0.242,TCP,2897,3000,13,991.21,53246.82,53.72,12885.73,11,13.27,0,0,Normal
2.608,TCP,27526,3000,69,907.36,24006.07,26.46,62607.84,9,3.49,0,0,Normal
0.976,TCP,24688,8080,42,667.08,28706.31,43.03,28017.36,3,2.79,0,0,Normal
1.301,TCP,48836,80,53462,125.46,5155528.46,41093.01,6707342.52,601,0.13,107,1,DDoS
0.207,TCP,62818,8080,1484,54.38,389854.69,7169.08,80699.92,430,0.08,130,1,Port Scan
0.976,TCP,61269,80,30037,72.03,2216767.53,30775.61,2163565.11,150,0.33,60,1,DoS
0.867,TCP,5939,443,35,339.57,13708.13,40.37,11884.95,6,2.34,0,0,Normal
2.588,UDP,8985,80,30,824.62,9558.96,11.59,24738.6,7,9.33,1,0,Normal
0.574,TCP,10037,53,2345,55.45,226533.54,4085.37,130030.25,342,0.06,219,1,Port Scan
1.103,TCP,1912,8080,18,838.23,13679.18,16.32,15088.14,5,2.94,0,0,Normal
1.881,UDP,22230,443,8235,79.86,349626.32,4377.99,657647.1,148,0.12,238,1,DoS
0.409,TCP,56653,3000,38,783.19,72765.82,92.91,29761.22,14,0.44,0,0,Normal
0.618,ICMP,48863,25,63,835.46,85168.25,101.94,52633.98,11,0.36,0,0,Normal
2.378,UDP,63341,3000,34,1071.94,15326.31,14.3,36445.96,6,5.64,1,0,Normal
0.056,HTTP,61367,8080,32,479.44,273965.71,571.43,15342.08,10,10.91,0,0,Normal
1.077,TCP,31473,443,6295,1171.24,6845827.11,5844.94,7372955.8,82,0.29,5,1,Botnet
1.142,HTTP,52933,8443,28,559.73,13723.68,24.52,15672.44,6,6.42,0,0,Normal
0.82,HTTP,36853,25,11,1157.23,15523.82,13.41,12729.53,14,0.74,0,0,Normal
1.48,UDP,50506,3000,60,462.08,18732.97,40.54,27724.8,9,2.99,0,0,Normal
0.088,UDP,58200,8080,46,384.78,201135.0,522.73,17699.88,14,2.4,0,0,Normal
0.599,TCP,14808,443,5,514.96,4298.5,8.35,2574.8,13,4.79,0,0,Normal
2.269,TCP,36650,443,15,660.44,4366.06,6.61,9906.6,1,5.16,0,0,Normal
1.402,UDP,24937,443,38,869.72,23573.01,27.1,33049.36,6,0.05,0,0,Normal
3.653,HTTP,26026,443,5085,271.89,378472.67,1392.01,1382560.65,77,0.39,19,1,Botnet
3.53,HTTP,11369,25,50,412.72,5845.89,14.16,20636.0,2,1.04,0,0,Normal
0.759,UDP,45626,53,25,340.34,11210.14,32.94,8508.5,8,3.59,0,0,Normal
0.629,HTTP,9735,8080,18,721.21,20638.76,28.62,12981.78,3,2.49,0,0,Normal
0.029,TCP,52390,8443,56,411.86,461283.2,1120.0,23064.16,1,1.5,1,0,Normal
3.871,TCP,30573,21,1851,140.06,66972.63,478.17,259251.06,58,3.32,98,1,Brute Force
0.271,TCP,62660,22,3472,51.61,661217.42,12811.81,179189.92,499,0.04,190,1,Port Scan
0.458,TCP,13573,443,6997,73.28,1119520.0,15277.29,512740.16,113,0.1,42,1,DoS
0.461,UDP,22236,3000,38,471.2,38840.78,82.43,17905.6,5,8.78,0,0,Normal
0.196,ICMP,34541,443,31494,66.11,10622797.65,160683.67,2082068.34,277,0.42,223,1,DoS
1.917,UDP,42382,53,24771,133.32,1722728.08,12921.75,3302469.72,787,0.67,81,1,DDoS
0.145,TCP,51197,3389,2116,40.97,597879.45,14593.1,86692.52,508,0.04,409,1,Port Scan
0.735,TCP,13582,8080,2112,60.73,174505.8,2873.47,128261.76,576,0.02,384,1,Port Scan
0.072,TCP,9009,80,61,387.68,328451.11,847.22,23648.48,4,3.89,0,0,Normal
0.581,UDP,53459,22,71,338.39,41352.31,122.2,24025.69,14,0.31,0,0,Normal
0.885,UDP,9993,53,24374,158.26,4358677.11,27541.24,3857429.24,672,0.49,302,1,DDoS
0.444,TCP,21620,443,21,451.6,21359.46,47.3,9483.6,8,2.22,0,0,Normal
4.161,TCP,21591,21,4030,109.76,106304.45,968.52,442332.8,131,3.17,85,1,Brute Force
1.356,HTTP,7967,80,37,591.16,16130.47,27.29,21872.92,2,1.45,0,0,Normal
0.637,UDP,39579,443,61,836.59,80113.01,95.76,51031.99,7,0.65,0,0,Normal
1.675,TCP,58899,53,47,707.09,19840.73,28.06,33233.23,9,1.71,0,0,Normal
1.566,UDP,3702,8080,31,627.07,12413.26,19.8,19439.17,6,0.16,0,0,Normal
1.016,TCP,42906,80,27157,54.25,1450066.19,26729.33,1473267.25,229,0.21,91,1,DoS
0.76,TCP,5594,21,2296,55.41,167396.53,3021.05,127221.36,527,0.04,116,1,Port Scan
2.656,ICMP,23160,25,58,434.27,9483.31,21.84,25187.66,7,2.94,0,0,Normal
1.771,HTTP,45267,443,1260,1693.61,1204939.92,711.46,2133948.6,80,1.56,12,1,Web Attack
0.46,TCP,43941,443,38,715.11,59074.3,82.61,27174.18,6,0.05,1,0,Normal
1.313,TCP,56023,80,28,767.78,16373.07,21.33,21497.84,10,1.25,0,0,Normal
1.071,TCP,17432,80,57,220.16,11717.2,53.22,12549.12,2,1.95,0,0,Normal
2.584,UDP,16055,443,30,676.38,7852.71,11.61,20291.4,11,0.67,0,0,Normal
0.44,TCP,31416,3306,3024,59.13,406384.36,6872.73,178809.12,390,0.1,185,1,Port Scan
0.402,TCP,18996,8080,2062,44.53,228410.1,5129.35,91820.86,380,0.13,448,1,Port Scan
1.057,TCP,42333,53,67,234.29,14850.93,63.39,15697.43,3,0.17,0,0,Normal
1.55,TCP,39407,8080,35,1002.58,22638.9,22.58,35090.3,1,3.91,1,0,Normal
0.614,TCP,36355,443,70,485.49,55349.02,114.01,33984.3,5,3.25,0,0,Normal
0.249,TCP,29869,80,27082,101.0,10985068.27,108763.05,2735282.0,365,0.16,108,1,DDoS
1.416,UDP,43382,22,5,854.18,3016.17,3.53,4270.9,2,4.61,0,0,Normal
0.25,TCP,56067,3000,38,430.17,65385.84,152.0,16346.46,8,4.31,0,0,Normal
5.435,TCP,49554,8080,25,384.04,1766.51,4.6,9601.0,14,0.79,0,0,Normal
0.045,UDP,64664,80,35,1165.81,816067.0,700.0,40803.35,11,0.82,0,0,Normal
1.09,UDP,11030,25,62,458.67,26089.49,56.88,28437.54,2,0.08,0,0,Normal
2.148,HTTP,57612,80,1826,1922.99,1634720.55,850.09,3511379.74,55,0.91,15,1,Web Attack
1.416,TCP,34460,80,28392,68.92,1381904.41,20050.85,1956776.64,137,0.13,164,1,DoS
2.16,TCP,49944,53,27921,113.15,1462620.9,12926.39,3159261.15,583,0.3,217,1,DDoS
1.523,TCP,10788,25,20,312.65,4105.71,13.13,6253.0,14,2.72,0,0,Normal
0.338,UDP,1949,8443,43,749.49,95349.32,127.22,32228.07,13,0.05,0,0,Normal
1.108,DNS,19308,25,38,523.17,17942.65,34.3,19880.46,4,1.22,1,0,Normal
1.565,TCP,54017,3000,48,843.37,25866.94,30.67,40481.76,15,1.97,0,0,Normal
0.1,HTTP,44233,8080,43,307.9,132397.0,430.0,13239.7,15,4.95,0,0,Normal
1.379,TCP,25463,3000,42,585.29,17826.09,30.46,24582.18,9,0.13,1,0,Normal
0.596,TCP,61146,3000,79,362.27,48019.01,132.55,28619.33,12,2.42,0,0,Normal
0.321,TCP,34559,80,21,1008.03,65945.89,65.42,21168.63,12,3.13,0,0,Normal
7.488,TCP,4473,21,4847,188.03,121712.26,647.3,911381.41,113,2.21,94,1,Brute Force
0.809,TCP,9218,3000,63,465.22,36228.5,77.87,29308.86,12,1.01,0,0,Normal
1.359,TCP,1221,22,12,754.47,6661.99,8.83,9053.64,10,2.64,0,0,Normal
0.41,HTTP,57923,8080,102,395.59,98415.07,248.78,40350.18,1,1.39,0,0,Normal
0.911,UDP,36708,443,39193,150.57,6477815.6,43021.95,5901290.01,644,0.67,418,1,DDoS
3.677,TCP,48033,443,30,408.37,3331.82,8.16,12251.1,11,2.42,0,0,Normal
1.268,TCP,52378,123,26361,148.14,3079746.48,20789.43,3905118.54,786,0.11,273,1,DDoS
0.032,TCP,45785,8080,12,620.49,148917.6,240.0,7445.88,6,2.64,1,0,Normal
0.333,TCP,14597,8443,23,563.17,38897.63,69.07,12952.91,7,5.47,0,0,Normal
0.064,HTTP,6764,22,23,1007.33,362009.22,359.38,23168.59,12,4.23,0,0,Normal
1.929,TCP,42222,22,12,90.31,561.8,6.22,1083.72,1,0.95,0,0,Normal
0.239,ICMP,62725,3000,24,709.99,71296.07,100.42,17039.76,1,1.07,0,0,Normal
0.414,TCP,31634,25,62,616.74,92362.03,149.76,38237.88,3,5.5,0,0,Normal
1.322,UDP,53111,6667,5804,541.48,2377269.23,4390.32,3142749.92,80,0.3,27,1,Botnet
1.847,TCP,26967,3389,4948,99.72,267143.78,2678.94,493414.56,30,3.19,112,1,Brute Force
0.818,TCP,57365,8443,9,966.69,10635.95,11.0,8700.21,7,3.06,0,0,Normal
2.92,DNS,8213,25,26,363.71,3238.51,8.9,9456.46,14,8.94,0,0,Normal
0.47,HTTP,27542,25,52,576.36,63767.49,110.64,29970.72,3,4.22,0,0,Normal
3.703,TCP,27679,3389,2084,244.96,137860.29,562.79,510496.64,54,2.58,84,1,Brute Force
0.856,UDP,51042,443,22,550.46,14147.34,25.7,12110.12,5,2.0,0,0,Normal
4.853,TCP,39265,3389,3716,179.09,137131.35,765.71,665498.44,61,3.89,45,1,Brute Force
2.238,UDP,25686,123,42336,112.42,2126636.78,18916.89,4759413.12,759,0.18,207,1,DDoS
0.243,TCP,38334,3000,79,677.07,220117.41,325.1,53488.53,11,3.21,0,0,Normal
1.602,TCP,51363,80,1661,1198.47,1242608.41,1036.83,1990658.67,33,1.36,7,1,Web Attack
3.371,TCP,12977,80,33222,92.56,912200.63,9855.24,3075028.32,843,0.03,179,1,DDoS
1.33,UDP,44186,53,6,400.32,1805.95,4.51,2401.92,4,0.7,0,0,Normal
4.724,TCP,52820,23,2376,131.65,66215.16,502.96,312800.4,140,1.85,56,1,Brute Force
1.324,TCP,23236,3000,22,1113.11,18495.79,16.62,24488.42,7,4.98,0,0,Normal
0.272,TCP,57431,23,1876,55.87,385338.68,6897.06,104812.12,194,0.13,187,1,Port Scan
2.289,HTTP,31931,80,712,1399.67,435371.36,311.05,996565.04,56,1.9,22,1,Web Attack
1.725,TCP,56426,443,6505,31.5,118786.96,3771.01,204907.5,193,0.19,91,1,DoS
0.118,TCP,28116,80,11607,75.49,7425529.07,98364.41,876212.43,227,0.34,66,1,DoS
0.667,TCP,4513,8080,2634,55.27,218262.64,3949.03,145581.18,441,0.09,169,1,Port Scan
1.188,TCP,34112,443,17763,58.7,877683.59,14952.02,1042688.1,247,0.46,129,1,DoS
0.982,TCP,18871,8080,16934,59.99,1034491.51,17244.4,1015870.66,90,0.14,158,1,DoS
0.629,TCP,61137,8080,35,203.89,11345.23,55.64,7136.15,13,4.08,0,0,Normal
5.73,TCP,45442,3306,1701,180.94,53713.6,296.86,307778.94,110,1.51,48,1,Brute Force
2.416,UDP,48168,53,22917,157.24,1491502.1,9485.51,3603469.08,858,0.74,291,1,DDoS
0.653,HTTP,39483,8080,31,790.05,37506.2,47.47,24491.55,9,7.33,0,0,Normal
0.137,TCP,22838,22,35,563.26,143898.54,255.47,19714.1,8,3.23,0,0,Normal
3.405,TCP,21494,80,38278,61.46,690915.09,11241.7,2352565.88,535,0.72,254,1,DDoS
0.861,TCP,63920,3000,18,550.08,11499.93,20.91,9901.44,4,4.82,0,0,Normal
1.138,HTTP,39525,22,121,621.47,66078.97,106.33,75197.87,9,1.32,0,0,Normal
3.309,UDP,4889,123,46349,89.84,1258384.45,14006.95,4163994.16,208,0.74,126,1,DDoS
0.769,HTTP,34313,8443,64,289.7,24110.27,83.22,18540.8,3,5.74,0,0,Normal
0.203,TCP,41411,21,1216,45.82,274468.57,5990.15,55717.12,294,0.1,447,1,Port Scan
0.028,ICMP,41110,80,23,762.4,350704.0,460.0,17535.2,11,2.98,0,0,Normal
1.57,HTTP,53146,443,37,96.68,2278.45,23.57,3577.16,13,0.49,0,0,Normal
0.185,HTTP,21833,22,14,471.67,35693.95,75.68,6603.38,14,0.35,0,0,Normal
2.361,UDP,52409,443,16805,180.62,1285607.41,7117.75,3035319.1,615,0.3,382,1,DDoS
2.019,UDP,21388,53,58628,91.89,2668314.47,29038.14,5387326.92,841,0.7,100,1,DDoS
1.713,ICMP,52072,443,20,126.83,1480.79,11.68,2536.6,8,9.38,0,0,Normal
3.235,UDP,55944,25,32,510.74,5052.14,9.89,16343.68,6,1.84,1,0,Normal
0.66,UDP,27025,53,46,1219.91,85024.03,69.7,56115.86,15,1.69,0,0,Normal
1.837,UDP,9586,80,42,540.02,12346.67,22.86,22680.84,12,2.54,0,0,Normal
0.252,UDP,51279,80,23,746.89,68168.53,91.27,17178.47,9,0.79,0,0,Normal
0.456,TCP,48574,1433,3770,49.55,409656.8,8267.54,186803.5,237,0.05,134,1,Port Scan
0.09,TCP,62676,22,2383,49.94,1322300.22,26477.78,119007.02,551,0.04,336,1,Port Scan
0.452,TCP,53323,443,11760,65.83,1712745.13,26017.7,774160.8,377,0.33,163,1,DoS
0.933,UDP,15273,443,36,588.83,22720.13,38.59,21197.88,12,0.17,0,0,Normal
1.683,TCP,57632,80,51,316.14,9580.0,30.3,16123.14,2,4.42,0,0,Normal
1.054,UDP,24949,443,10,412.89,3917.36,9.49,4128.9,13,0.73,0,0,Normal
0.645,TCP,35113,1433,3706,53.49,307339.44,5745.74,198233.94,568,0.01,364,1,Port Scan
1.442,TCP,18525,3000,65,573.67,25858.91,45.08,37288.55,10,0.78,0,0,Normal
1.293,TCP,17498,8080,13,756.68,7607.76,10.05,9836.84,10,0.27,0,0,Normal
0.834,TCP,60196,25,33,646.65,25586.87,39.57,21339.45,14,5.99,0,0,Normal
4.499,TCP,3851,53,15,392.49,1308.59,3.33,5887.35,10,0.18,0,0,Normal
0.191,UDP,4505,80,63,1050.67,346556.07,329.84,66192.21,12,6.94,0,0,Normal
1.208,TCP,21234,8080,25323,52.98,1110606.41,20962.75,1341612.54,233,0.5,134,1,DoS
0.014,HTTP,57651,22,22,537.95,236698.0,440.0,11834.9,5,0.31,0,0,Normal
7.71,TCP,40228,22,2857,211.97,78547.12,370.56,605598.29,83,2.47,112,1,Brute Force
0.01,UDP,14113,22,68,231.3,314568.0,1360.0,15728.4,5,0.18,0,0,Normal
1.156,TCP,28435,80,23198,64.89,1302178.39,20067.47,1505318.22,127,0.1,95,1,DoS
0.468,TCP,29476,53,52966,192.74,21813390.68,113175.21,10208666.84,230,0.24,361,1,DDoS
0.804,TCP,55974,8443,54,345.13,23180.37,67.16,18637.02,11,0.38,0,0,Normal
2.793,TCP,26776,25,48,264.07,4538.26,17.19,12675.36,10,0.05,0,0,Normal
0.897,TCP,5527,143,3190,44.82,159393.31,3556.3,142975.8,301,0.06,209,1,Port Scan
2.712,UDP,7284,8443,40,644.09,9499.85,14.75,25763.6,12,2.46,1,0,Normal
5.013,TCP,36007,23,4863,178.2,172867.86,970.08,866586.6,106,3.47,112,1,Brute Force
1.18,UDP,54080,443,8259,50.64,354437.08,6999.15,418235.76,271,0.26,92,1,DoS
1.089,TCP,10286,3000,25,600.68,13789.72,22.96,15017.0,2,4.0,0,0,Normal
1.289,UDP,41290,8443,43,1182.48,39446.58,33.36,50846.64,15,6.57,0,0,Normal
1.194,TCP,64365,443,16905,68.5,969842.96,14158.29,1157992.5,361,0.5,130,1,DoS
3.906,UDP,20757,8443,59,913.15,13793.1,15.1,53875.85,11,0.72,0,0,Normal
0.054,TCP,50465,3000,30,241.96,134422.22,555.56,7258.8,4,0.13,0,0,Normal
1.051,UDP,29435,8080,24,713.59,16295.11,22.84,17126.16,11,0.42,0,0,Normal
2.008,TCP,21165,443,52,754.33,19534.44,25.9,39225.16,8,2.77,0,0,Normal
1.664,TCP,48901,443,18075,55.51,602970.7,10862.38,1003343.25,288,0.27,106,1,DoS
1.372,UDP,9473,25,79,377.46,21734.21,57.58,29819.34,1,3.78,1,0,Normal
0.065,TCP,15565,22,46,628.16,444544.0,707.69,28895.36,14,1.78,0,0,Normal
1.19,UDP,32733,8080,24,670.4,13520.67,20.17,16089.6,4,1.9,0,0,Normal
1.114,HTTP,45110,53,25,327.11,7340.89,22.44,8177.75,7,1.47,0,0,Normal
1.861,TCP,10770,8080,15014,54.4,438883.18,8067.71,816761.6,159,0.36,39,1,DoS
0.094,UDP,49498,8443,32,596.42,203036.6,340.43,19085.44,6,2.28,0,0,Normal
1.596,HTTP,19962,443,2278,2413.04,3444176.14,1427.32,5496905.12,76,0.58,22,1,Web Attack
1.299,HTTP,35086,22,27,425.14,8836.63,20.79,11478.78,2,1.42,0,0,Normal
0.485,UDP,7580,25,30,217.7,13465.98,61.86,6531.0,10,5.54,0,0,Normal
4.169,TCP,27881,22,21,745.53,3755.37,5.04,15656.13,10,10.57,0,0,Normal
0.261,UDP,56589,443,14,244.45,13112.26,53.64,3422.3,11,4.85,2,0,Normal
1.905,HTTP,21418,53,18,366.77,3465.54,9.45,6601.86,3,5.79,0,0,Normal
1.245,HTTP,38460,22,42,379.81,12812.87,33.73,15952.02,3,4.08,0,0,Normal
0.72,TCP,26755,143,2509,54.54,190056.75,3484.72,136840.86,384,0.09,293,1,Port Scan
1.926,TCP,17186,443,37905,65.46,1288297.66,19680.69,2481261.3,899,0.26,352,1,DDoS
1.69,ICMP,51329,53,29,914.76,15697.07,17.16,26528.04,14,2.48,0,0,Normal
0.795,TCP,26128,443,46,103.53,5990.42,57.86,4762.38,12,0.37,0,0,Normal
3.546,TCP,6510,6667,4767,1280.69,1721672.09,1344.33,6105049.23,194,1.73,13,1,Botnet
1.519,UDP,52893,8080,38,527.07,13185.42,25.02,20028.66,7,1.25,0,0,Normal
0.741,TCP,18631,22,2019,62.58,170511.5,2724.7,126349.02,187,0.03,106,1,Port Scan
1.759,UDP,55409,25,54,655.19,20113.85,30.7,35380.26,2,2.17,0,0,Normal
0.285,UDP,39758,3000,38,564.55,75273.33,133.33,21452.9,4,1.54,0,0,Normal
0.817,TCP,61131,25,2058,51.07,128643.89,2518.97,105102.06,395,0.15,373,1,Port Scan
0.749,TCP,23687,8443,20,558.69,14918.29,26.7,11173.8,2,1.21,0,0,Normal
0.615,TCP,49709,53,5,464.33,3775.04,8.13,2321.65,4,4.95,0,0,Normal
0.341,HTTP,16632,22,32,635.9,59673.9,93.84,20348.8,2,0.69,0,0,Normal
5.604,TCP,47298,22,1955,193.64,67552.86,348.86,378566.2,139,3.37,88,1,Brute Force
0.813,TCP,1989,3000,62,732.74,55879.31,76.26,45429.88,4,1.67,0,0,Normal
1.774,TCP,11825,3000,108,642.09,39090.03,60.88,69345.72,14,0.06,0,0,Normal
0.629,TCP,6941,3306,1929,31.62,96971.35,3066.77,60994.98,580,0.13,215,1,Port Scan
0.914,TCP,45489,3000,16,241.63,4229.85,17.51,3866.08,9,12.85,0,0,Normal
0.109,TCP,42325,8443,29,498.47,132620.46,266.06,14455.63,7,4.42,0,0,Normal
2.705,ICMP,52369,8080,59,774.89,16901.48,21.81,45718.51,4,0.9,0,0,Normal
1.945,UDP,2658,80,52805,201.39,5467557.3,27149.1,10634398.95,319,0.18,105,1,DDoS
1.389,UDP,65162,443,18901,63.69,866670.04,13607.63,1203804.69,328,0.22,61,1,DoS
3.158,TCP,64355,3306,1679,244.57,130029.46,531.67,410633.03,75,1.86,109,1,Brute Force
0.449,TCP,23134,80,6617,66.55,980760.24,14737.19,440361.35,389,0.29,150,1,DoS
2.397,UDP,34614,53,78,40.0,1301.63,32.54,3120.0,3,8.51,0,0,Normal
2.182,TCP,26220,443,21046,158.68,1530512.96,9645.28,3339579.28,838,0.32,374,1,DDoS
5.558,TCP,16039,3306,3875,191.93,133812.3,697.19,743728.75,69,0.98,40,1,Brute Force
1.094,UDP,8933,22,38,121.18,4209.18,34.73,4604.84,8,6.45,0,0,Normal
6.744,TCP,5562,21,3478,147.44,76037.41,515.72,512796.32,137,3.83,28,1,Brute Force
0.225,TCP,25182,3000,24,900.65,96069.33,106.67,21615.6,13,3.08,0,0,Normal
2.55,TCP,43340,22,2439,192.42,184044.07,956.47,469312.38,148,2.31,105,1,Brute Force
7.301,TCP,5330,21,1135,196.4,30531.98,155.46,222914.0,53,1.63,65,1,Brute Force
0.204,TCP,10376,53,76,134.73,50193.53,372.55,10239.48,10,1.61,0,0,Normal
0.588,TCP,39400,8080,14213,52.21,1262008.04,24171.77,742060.73,84,0.06,107,1,DoS
1.068,TCP,24761,8080,58,629.71,34197.73,54.31,36523.18,4,0.68,0,0,Normal
2.645,UDP,16302,123,19954,164.57,1241523.55,7544.05,3283829.78,719,0.58,271,1,DDoS
4.178,TCP,18292,6667,1685,707.24,285232.02,403.3,1191699.4,49,1.76,24,1,Botnet
2.236,TCP,17949,53,34,268.13,4077.11,15.21,9116.42,9,0.16,1,0,Normal
0.909,UDP,9044,443,39,560.67,24055.15,42.9,21866.13,2,0.84,0,0,Normal
3.324,TCP,44783,123,38859,83.66,978021.64,11690.43,3250943.94,814,0.22,280,1,DDoS
1.963,TCP,8658,8080,34884,69.43,1233823.8,17770.76,2421996.12,149,0.2,151,1,DoS
0.011,UDP,42633,22,34,695.68,473062.4,680.0,23653.12,14,0.15,1,0,Normal
1.04,TCP,42902,80,10248,58.89,580293.0,9853.85,603504.72,119,0.37,69,1,DoS
2.167,TCP,27102,123,57407,140.15,3712778.52,26491.46,8045591.05,808,0.49,100,1,DDoS
5.334,TCP,49422,8080,24,518.37,2332.37,4.5,12440.88,11,2.32,0,0,Normal
1.303,UDP,19139,80,44,331.75,11202.61,33.77,14597.0,4,1.39,0,0,Normal
2.043,UDP,36961,8080,36,292.83,5160.0,17.62,10541.88,7,0.98,2,0,Normal
2.73,TCP,17977,80,17650,81.28,525491.58,6465.2,1434592.0,759,0.67,357,1,DDoS
0.665,TCP,5640,22,27,877.79,35639.59,40.6,23700.33,15,5.41,0,0,Normal
2.213,DNS,56234,80,5672,610.95,1565887.21,2563.04,3465308.4,83,2.44,8,1,Botnet
2.638,TCP,29833,25,41,830.97,12915.0,15.54,34069.77,2,1.75,0,0,Normal
0.214,TCP,63382,25,41,528.29,101214.44,191.59,21659.89,1,2.67,0,0,Normal
1.965,TCP,35028,8080,29440,64.69,969197.76,14982.19,1904473.6,220,0.16,143,1,DoS
0.301,HTTP,8906,53,19,347.11,21910.6,63.12,6595.09,1,0.55,0,0,Normal
2.766,UDP,2396,6667,4910,778.75,1382379.79,1775.13,3823662.5,40,0.75,8,1,Botnet
0.747,UDP,10747,80,57,150.42,11477.83,76.31,8573.94,5,5.38,0,0,Normal
1.379,TCP,6420,443,11,295.08,2353.79,7.98,3245.88,3,2.18,1,0,Normal
0.28,TCP,10886,25,40,556.71,79530.0,142.86,22268.4,14,12.54,0,0,Normal
0.878,TCP,28992,8080,25,545.02,15518.79,28.47,13625.5,11,1.2,0,0,Normal
1.511,TCP,33766,53,54,918.17,32813.49,35.74,49581.18,6,0.93,0,0,Normal
0.51,TCP,53695,443,1373,41.98,113016.75,2692.16,57638.54,291,0.06,269,1,Port Scan
2.489,TCP,3949,3000,6,434.15,1046.56,2.41,2604.9,1,0.86,0,0,Normal
1.271,TCP,47383,3000,12,437.16,4127.4,9.44,5245.92,6,0.5,0,0,Normal
3.39,UDP,15578,8443,16,785.0,3705.01,4.72,12560.0,5,1.26,0,0,Normal
1.693,UDP,12937,6667,3691,858.31,1871247.61,2180.15,3168022.21,45,0.24,28,1,Botnet
1.324,ICMP,20707,443,25827,50.65,988019.3,19506.8,1308137.55,134,0.25,240,1,DoS
0.46,TCP,19517,21,3382,59.64,438483.65,7352.17,201702.48,563,0.13,328,1,Port Scan
1.454,TCP,63233,3389,2922,195.03,391937.87,2009.63,569877.66,134,2.61,29,1,Brute Force
2.389,HTTP,9686,22,26,55.72,606.41,10.88,1448.72,13,0.4,0,0,Normal
2.274,TCP,53548,3389,1036,204.59,93208.11,455.58,211955.24,150,3.82,40,1,Brute Force
0.774,TCP,63284,3000,11,608.47,8647.51,14.21,6693.17,3,1.2,0,0,Normal
2.775,TCP,8717,22,25,711.16,6406.85,9.01,17779.0,4,0.17,0,0,Normal
0.528,TCP,49065,22,12,291.07,6615.23,22.73,3492.84,7,0.45,0,0,Normal
0.868,TCP,61313,8080,2252,48.68,126298.8,2594.47,109627.36,230,0.07,390,1,Port Scan
0.617,HTTP,40663,22,25,929.58,37665.32,40.52,23239.5,9,1.78,0,0,Normal
0.526,TCP,26484,8443,35,826.68,55007.22,66.54,28933.8,5,1.96,0,0,Normal
0.707,UDP,17323,80,22,43.36,1349.25,31.12,953.92,1,5.81,0,0,Normal
1.416,TCP,30402,8080,33,1050.85,24490.15,23.31,34678.05,9,5.08,0,0,Normal
0.508,HTTP,5942,443,34,457.35,30610.04,66.93,15549.9,15,0.62,0,0,Normal
0.591,TCP,40799,143,2514,47.81,203374.52,4253.81,120194.34,551,0.09,107,1,Port Scan
0.09,TCP,4837,443,29,76.81,24749.89,322.22,2227.49,10,1.25,0,0,Normal
0.081,TCP,48548,22,66,987.03,804246.67,814.81,65143.98,9,0.74,0,0,Normal
1.514,ICMP,34421,3000,31,352.5,7217.64,20.48,10927.5,11,4.5,0,0,Normal
2.952,UDP,5170,53,11,440.25,1640.5,3.73,4842.75,7,3.21,0,0,Normal
1.335,UDP,56177,53,49220,66.71,2459525.24,36868.91,3283466.2,382,0.47,337,1,DDoS
0.908,DNS,58338,53,32,553.75,19515.42,35.24,17720.0,11,8.28,0,0,Normal
0.061,UDP,20951,25,53,231.37,201026.39,868.85,12262.61,1,7.21,0,0,Normal
1.476,UDP,48420,80,9251,42.39,265684.21,6267.62,392149.89,158,0.28,166,1,DoS
0.696,HTTP,40589,25,33,285.57,13539.96,47.41,9423.81,13,6.0,0,0,Normal
1.49,TCP,8958,80,29354,57.04,1123726.28,19700.67,1674352.16,175,0.39,241,1,DoS
1.788,UDP,6352,3000,42,532.38,12505.57,23.49,22359.96,8,0.05,0,0,Normal
4.045,TCP,36106,25,33,464.32,3788.02,8.16,15322.56,3,1.49,1,0,Normal
3.058,UDP,54190,53,41376,124.26,1681289.0,13530.41,5141381.76,733,0.11,133,1,DDoS
0.384,HTTP,62860,443,57,383.9,56985.16,148.44,21882.3,13,9.6,0,0,Normal
1.06,TCP,39554,443,102,448.9,43196.04,96.23,45787.8,15,3.83,0,0,Normal
0.949,TCP,51723,53,63,670.19,44491.01,66.39,42221.97,11,0.52,0,0,Normal
0.068,UDP,42877,80,34,299.8,149900.0,500.0,10193.2,14,4.28,0,0,Normal
0.679,TCP,53032,8080,6588,53.29,517046.42,9702.5,351074.52,135,0.19,156,1,DoS
2.37,HTTP,40632,8443,52,515.42,11308.79,21.94,26801.84,6,1.78,0,0,Normal
0.337,TCP,59724,25,29,792.58,68204.21,86.05,22984.82,15,6.26,0,0,Normal
2.133,HTTP,58953,8080,24,535.29,6022.95,11.25,12846.96,11,0.4,0,0,Normal
1.796,UDP,12841,3000,48,567.25,15160.36,26.73,27228.0,1,0.94,0,0,Normal
2.516,HTTP,15813,22,27,518.85,5567.95,10.73,14008.95,1,9.91,0,0,Normal
2.901,ICMP,48312,8443,20,284.68,1962.63,6.89,5693.6,2,0.92,0,0,Normal
0.627,TCP,35250,445,1010,46.71,75242.58,1610.85,47177.1,400,0.05,470,1,Port Scan
3.803,UDP,7460,22,102,772.26,20712.73,26.82,78770.52,3,2.46,0,0,Normal
0.29,TCP,25751,3000,54,710.47,132294.41,186.21,38365.38,14,0.47,0,0,Normal
1.571,TCP,24585,443,23177,72.74,1073134.93,14753.02,1685894.98,90,0.19,155,1,DoS
4.655,DNS,48006,80,5460,797.03,934862.26,1172.93,4351783.8,79,2.39,11,1,Botnet
0.477,TCP,42524,443,26,365.16,19903.9,54.51,9494.16,13,7.59,0,0,Normal
2.339,TCP,64537,8443,32,544.86,7454.26,13.68,17435.52,5,2.66,0,0,Normal
0.44,HTTP,22667,443,24,671.55,36630.0,54.55,16117.2,14,2.01,0,0,Normal
1.412,TCP,2088,6667,3495,582.14,1440920.18,2475.21,2034579.3,124,2.45,30,1,Botnet
1.423,TCP,38051,22,48,655.4,22107.66,33.73,31459.2,12,4.11,0,0,Normal
1.198,UDP,53692,443,43792,128.22,4686986.84,36554.26,5615010.24,821,0.16,286,1,DDoS
0.635,TCP,11554,1433,990,54.41,84828.19,1559.06,53865.9,328,0.06,105,1,Port Scan
1.359,TCP,28136,80,55091,117.32,4755905.9,40537.9,6463276.12,431,0.62,247,1,DDoS
1.63,TCP,42114,8080,41,119.73,3011.61,25.15,4908.93,2,0.36,0,0,Normal
0.041,TCP,49257,22,27,672.89,363360.6,540.0,18168.03,5,0.1,0,0,Normal
0.069,HTTP,55502,443,52,545.87,411380.29,753.62,28385.24,14,3.61,0,0,Normal
5.386,UDP,3018,3000,11,937.45,1914.58,2.04,10311.95,10,3.27,0,0,Normal
0.239,TCP,14040,80,29381,49.24,6053223.6,122933.05,1446720.44,383,0.45,53,1,DoS
0.527,HTTP,31767,3000,24,1189.55,54173.06,45.54,28549.2,10,0.17,0,0,Normal
0.447,HTTP,24877,25,48,902.48,96910.6,107.38,43319.04,7,2.41,0,0,Normal
1.099,TCP,54157,53,30,540.75,14761.15,27.3,16222.5,13,1.3,0,0,Normal
0.034,TCP,44423,3000,43,524.47,451044.2,860.0,22552.21,9,0.1,0,0,Normal
0.767,ICMP,31028,8443,64,52.51,4381.54,83.44,3360.64,15,0.19,0,0,Normal
2.968,UDP,28001,443,43038,87.34,1266488.85,14500.67,3758938.92,810,0.76,150,1,DDoS
2.463,HTTP,64743,9001,5414,1055.25,2319579.17,2198.13,5713123.5,152,1.04,23,1,Botnet
0.979,TCP,52652,8443,62,466.05,29514.91,63.33,28895.1,7,1.05,0,0,Normal
0.561,TCP,60985,443,20,494.13,17616.04,35.65,9882.6,7,0.24,0,0,Normal
5.475,UDP,47049,3000,28,914.61,4677.46,5.11,25609.08,2,1.42,0,0,Normal
0.642,TCP,22182,8443,35,638.3,34798.29,54.52,22340.5,4,7.66,0,0,Normal
0.641,ICMP,6414,8080,20,382.64,11938.85,31.2,7652.8,8,1.35,0,0,Normal
0.363,HTTP,3672,22,21,591.07,34194.13,57.85,12412.47,13,1.47,0,0,Normal
0.139,TCP,3203,21,3287,57.68,1363986.76,23647.48,189594.16,358,0.03,349,1,Port Scan
1.052,UDP,29242,53,45,152.88,6539.54,42.78,6879.6,2,3.13,0,0,Normal
0.094,TCP,27402,25,22,1043.76,244284.26,234.04,22962.72,9,1.43,0,0,Normal
0.757,TCP,47269,443,25314,69.0,2307352.71,33439.89,1746666.0,294,0.07,236,1,DoS
1.007,DNS,46445,22,67,306.92,20420.7,66.53,20563.64,8,1.58,0,0,Normal
2.369,HTTP,9284,80,1966,1841.04,1527853.37,829.89,3619484.64,51,1.15,13,1,Web Attack
0.088,TCP,44190,53,45,290.29,148443.75,511.36,13063.05,12,4.21,0,0,Normal
1.14,UDP,64751,443,39,941.71,32216.39,34.21,36726.69,10,6.84,0,0,Normal
1.833,TCP,39645,8080,31496,70.01,1202965.06,17182.76,2205034.96,112,0.07,151,1,DoS
1.778,UDP,15802,22,25,945.08,13288.53,14.06,23627.0,12,1.59,0,0,Normal
0.964,TCP,35648,80,28254,63.84,1871094.77,29309.13,1803735.36,156,0.1,35,1,DoS
5.423,TCP,52034,23,1263,222.42,51800.93,232.9,280916.46,147,1.22,113,1,Brute Force
0.595,TCP,52233,80,42,962.69,67954.59,70.59,40432.98,5,1.23,0,0,Normal
7.121,TCP,3188,22,804,105.9,11956.69,112.91,85143.6,82,0.83,56,1,Brute Force
0.084,TCP,32017,22,41,465.74,227325.48,488.1,19095.34,13,0.66,1,0,Normal
2.652,TCP,47525,53,37,461.71,6441.66,13.95,17083.27,13,4.88,0,0,Normal
0.705,UDP,12198,8080,25,834.6,29595.74,35.46,20865.0,6,5.03,0,0,Normal
1.356,TCP,38871,53,18,141.08,1872.74,13.27,2539.44,5,1.16,1,0,Normal
0.064,TCP,65251,80,23,700.62,251785.31,359.38,16114.26,2,0.45,0,0,Normal
0.01,ICMP,7200,53,131,669.71,1754640.2,2620.0,87732.01,9,1.76,0,0,Normal
0.102,TCP,47644,80,3500,57.11,1959656.86,34313.73,199885.0,507,0.12,250,1,Port Scan
0.249,TCP,36174,443,35,767.69,107908.23,140.56,26869.15,3,0.37,0,0,Normal
1.738,TCP,33133,8080,23486,48.83,659851.2,13513.23,1146821.38,282,0.46,170,1,DoS
1.325,TCP,18131,53,47092,59.0,2096926.79,35541.13,2778428.0,791,0.68,335,1,DDoS
0.594,DNS,45776,80,19,40.0,1279.46,31.99,760.0,2,0.27,0,0,Normal
0.568,TCP,53246,3000,21,166.85,6168.75,36.97,3503.85,14,1.05,0,0,Normal
5.804,TCP,58020,22,1802,205.65,63849.29,310.48,370581.3,118,1.32,92,1,Brute Force
0.236,TCP,13676,25,82,777.49,270144.83,347.46,63754.18,3,5.34,0,0,Normal
2.631,TCP,52511,3306,2423,58.79,54142.22,920.94,142448.17,111,2.35,67,1,Brute Force
0.189,UDP,9822,443,14110,51.42,3838815.87,74656.08,725536.2,392,0.37,242,1,DoS
4.36,HTTP,8215,80,1191,1735.77,474151.85,273.17,2067302.07,123,0.96,21,1,Botnet
2.241,HTTP,5388,8443,36,154.44,2480.96,16.06,5559.84,11,4.67,0,0,Normal
0.164,TCP,53285,445,1599,34.59,337252.5,9750.0,55309.41,417,0.03,339,1,Port Scan
0.636,HTTP,3431,8443,12,541.18,10210.94,18.87,6494.16,3,0.11,0,0,Normal
2.551,ICMP,57248,80,58,40.0,909.45,22.74,2320.0,8,0.05,0,0,Normal
3.044,UDP,55409,8443,49,484.44,7798.15,16.1,23737.56,12,0.05,0,0,Normal
0.882,TCP,53248,8443,44,320.68,15997.64,49.89,14109.92,6,0.05,0,0,Normal
0.097,TCP,43298,1433,2947,52.26,1587734.23,30381.44,154010.22,497,0.07,480,1,Port Scan
1.242,UDP,30217,443,44,515.51,18262.83,35.43,22682.44,9,0.91,0,0,Normal
0.193,TCP,45029,3000,13,439.23,29585.44,67.36,5709.99,6,0.35,0,0,Normal
1.969,TCP,44343,8080,30993,63.88,1005501.7,15740.48,1979832.84,150,0.46,150,1,DoS
0.524,TCP,64647,3389,1782,43.04,146368.85,3400.76,76697.28,554,0.04,472,1,Port Scan
1.455,HTTP,5363,53,50,372.13,12787.97,34.36,18606.5,5,4.62,0,0,Normal
0.247,DNS,62241,80,20,282.51,22875.3,80.97,5650.2,5,1.36,0,0,Normal
3.418,UDP,41839,53,57,367.58,6129.92,16.68,20952.06,7,0.37,0,0,Normal
4.452,TCP,54420,21,4084,42.93,39381.43,917.34,175326.12,53,1.5,76,1,Brute Force
0.023,UDP,20385,8443,22,235.37,103562.8,440.0,5178.14,15,0.63,1,0,Normal
2.281,TCP,44519,53,42,728.75,13418.46,18.41,30607.5,8,2.99,1,0,Normal
0.175,HTTP,7975,8080,59,628.61,211931.37,337.14,37087.99,3,0.63,0,0,Normal
5.549,TCP,20093,443,68,242.75,2974.77,12.25,16507.0,2,2.55,0,0,Normal
1.152,TCP,37208,80,41,638.92,22739.34,35.59,26195.72,1,3.59,0,0,Normal
0.037,TCP,1068,8443,39,755.09,588970.2,780.0,29448.51,4,1.56,2,0,Normal
1.662,TCP,44297,8080,16258,56.59,553574.14,9782.19,920040.22,110,0.12,32,1,DoS
0.524,DNS,6289,22,8,485.22,7407.94,15.27,3881.76,15,2.15,0,0,Normal
2.678,TCP,5879,80,15,239.62,1342.16,5.6,3594.3,3,1.19,0,0,Normal
1.695,TCP,13984,80,70,334.65,13820.35,41.3,23425.5,8,1.38,0,0,Normal
0.264,UDP,48267,443,27061,79.39,8137775.72,102503.79,2148372.79,208,0.38,208,1,DoS
4.912,TCP,18824,22,4789,143.78,140179.65,974.96,688562.42,102,2.63,110,1,Brute Force
1.16,HTTP,54447,443,91,805.93,63223.82,78.45,73339.63,3,2.21,1,0,Normal
3.038,UDP,12625,123,20416,155.05,1041968.66,6720.21,3165500.8,490,0.44,425,1,DDoS
0.047,TCP,8466,3000,27,735.46,397148.4,540.0,19857.42,12,1.58,1,0,Normal
0.62,HTTP,29325,53,54,808.81,70444.74,87.1,43675.74,11,1.06,0,0,Normal
0.525,UDP,10563,8080,18732,66.46,2371292.8,35680.0,1244928.72,100,0.19,124,1,DoS
5.503,TCP,63101,23,2975,160.65,86849.67,540.61,477933.75,53,2.66,71,1,Brute Force
0.12,TCP,39666,443,940,54.96,430520.0,7833.33,51662.4,536,0.13,124,1,Port Scan
0.511,TCP,20986,8080,20,839.62,32861.84,39.14,16792.4,8,3.15,0,0,Normal
0.766,TCP,41270,8080,2243,56.28,164799.01,2928.2,126236.04,452,0.03,237,1,Port Scan
0.512,TCP,4976,443,48316,88.15,8318467.58,94367.19,4259055.4,813,0.64,397,1,DDoS
3.007,TCP,3850,53,17155,125.73,717292.37,5705.02,2156898.15,434,0.64,445,1,DDoS
0.518,TCP,25736,53,52,595.52,59781.93,100.39,30967.04,15,0.38,0,0,Normal
1.043,TCP,25112,25,16,554.51,8506.39,15.34,8872.16,3,0.8,0,0,Normal
3.056,TCP,57554,443,38011,59.7,742557.82,12438.15,2269256.7,341,0.77,332,1,DDoS
0.527,UDP,35066,3000,25,595.36,28242.88,47.44,14884.0,1,4.14,0,0,Normal
0.084,TCP,62842,22,3719,56.83,2516080.6,44273.81,211350.77,217,0.13,320,1,Port Scan
1.118,TCP,58523,80,35107,141.36,4438931.59,31401.61,4962725.52,533,0.15,242,1,DDoS
1.183,TCP,24712,53,37,427.21,13361.6,31.28,15806.77,3,3.21,0,0,Normal
0.65,HTTP,34688,8080,77,613.6,72688.0,118.46,47247.2,1,5.4,0,0,Normal
7.992,TCP,64440,3306,1467,193.46,35511.24,183.56,283805.82,118,3.82,40,1,Brute Force
1.613,TCP,10379,3000,26,1077.59,17369.71,16.12,28017.34,10,0.27,0,0,Normal
0.845,TCP,35248,80,12230,64.5,933532.54,14473.37,788835.0,157,0.14,74,1,DoS
0.17,HTTP,14997,25,15,101.71,8974.41,88.24,1525.65,9,2.1,0,0,Normal
0.949,ICMP,2643,8080,33,783.11,27231.43,34.77,25842.63,9,2.05,0,0,Normal
0.084,HTTP,30551,3000,14,569.37,94895.0,166.67,7971.18,4,0.3,0,0,Normal
0.782,UDP,53975,8080,29167,38.9,1450890.41,37297.95,1134596.3,379,0.47,50,1,DoS
1.465,ICMP,19892,3000,29,736.6,14581.16,19.8,21361.4,6,2.23,0,0,Normal
0.568,TCP,54436,53,31,312.84,17074.01,54.58,9698.04,1,0.9,0,0,Normal
0.566,TCP,16734,22,5,304.81,2692.67,8.83,1524.05,5,6.46,0,0,Normal
0.802,UDP,40859,8443,24,759.12,22716.81,29.93,18218.88,7,3.67,0,0,Normal
1.516,UDP,47404,3000,27,1176.87,20960.09,17.81,31775.49,8,1.55,0,0,Normal
0.46,UDP,28368,443,13684,82.62,2457765.39,29747.83,1130572.08,391,0.45,176,1,DoS
3.82,TCP,46695,8088,3391,851.02,755447.34,887.7,2885808.82,181,2.5,31,1,Botnet
0.462,TCP,25487,443,44,934.35,88985.71,95.24,41111.4,6,1.64,0,0,Normal
0.652,TCP,24893,110,1649,47.78,120842.36,2529.14,78789.22,231,0.02,205,1,Port Scan
0.921,TCP,23099,80,44302,93.11,4478783.08,48102.06,4124959.22,457,0.64,178,1,DDoS
0.131,TCP,48009,143,3621,50.29,1390077.02,27641.22,182100.09,404,0.04,283,1,Port Scan
2.447,HTTP,52634,80,1898,1552.35,1204070.41,775.64,2946360.3,35,1.55,9,1,Web Attack
0.859,TCP,4167,443,19,1123.69,24854.61,22.12,21350.11,11,4.42,0,0,Normal
1.274,TCP,13285,8080,37,785.33,22807.86,29.04,29057.21,14,0.43,0,0,Normal
0.145,TCP,29114,8080,50,855.36,294951.72,344.83,42768.0,10,2.34,0,0,Normal
1.976,UDP,57895,53,24728,99.33,1243032.51,12514.17,2456232.24,599,0.25,275,1,DDoS
0.106,HTTP,58463,22,54,820.33,417903.96,509.43,44297.82,1,0.73,1,0,Normal
0.515,TCP,4885,3389,3599,29.92,209091.42,6988.35,107682.08,329,0.11,387,1,Port Scan
0.766,TCP,12502,22,14,447.64,8181.41,18.28,6266.96,5,2.76,0,0,Normal
0.612,TCP,25936,21,1349,48.02,105848.01,2204.25,64778.98,304,0.08,140,1,Port Scan
0.397,TCP,20086,53,34,454.31,38908.16,85.64,15446.54,15,1.24,0,0,Normal
0.65,HTTP,41038,8443,57,747.67,65564.91,87.69,42617.19,15,0.3,0,0,Normal
0.055,TCP,3327,8080,12,789.86,172333.09,218.18,9478.32,14,3.67,0,0,Normal
4.33,TCP,17090,8443,36,390.55,3247.07,8.31,14059.8,15,1.64,0,0,Normal
1.742,DNS,8837,80,3992,1492.12,3419370.29,2291.62,5956543.04,157,1.98,37,1,Botnet
1.181,UDP,39725,8443,20,641.7,10867.06,16.93,12834.0,4,0.36,0,0,Normal
3.365,HTTP,36596,53,31,639.6,5892.3,9.21,19827.6,11,0.22,0,0,Normal
0.638,TCP,11358,443,1879,738.65,2175428.45,2945.14,1387923.35,42,0.52,33,1,Botnet
0.43,TCP,7895,3000,30,484.9,33830.23,69.77,14547.0,15,6.62,0,0,Normal
0.751,TCP,36521,80,3027,45.37,182869.49,4030.63,137334.99,201,0.03,304,1,Port Scan
1.227,UDP,13772,3000,43,251.37,8809.22,35.04,10808.91,15,3.11,0,0,Normal
3.317,UDP,65211,80,15120,86.17,392791.8,4558.34,1302890.4,310,0.64,322,1,DDoS
0.251,HTTP,18145,22,40,718.13,114443.03,159.36,28725.2,8,0.26,0,0,Normal
1.24,UDP,8641,22,31,437.45,10936.25,25.0,13560.95,12,1.73,0,0,Normal
0.498,TCP,64693,22,3269,64.11,420834.52,6564.26,209575.59,385,0.02,349,1,Port Scan
3.237,TCP,53869,25,33,290.22,2958.68,10.19,9577.26,15,5.99,0,0,Normal
1.846,TCP,19465,80,57705,103.33,3230042.06,31259.48,5962657.65,550,0.63,243,1,DDoS
0.399,TCP,47159,3306,2263,45.47,257891.25,5671.68,102898.61,198,0.15,295,1,Port Scan
0.131,UDP,46117,22,24,205.45,37639.69,183.21,4930.8,1,1.71,0,0,Normal
1.026,HTTP,22625,80,21,436.03,8924.59,20.47,9156.63,4,1.56,0,0,Normal
1.873,UDP,18409,3000,55,651.46,19129.9,29.36,35830.3,3,1.55,0,0,Normal
4.932,HTTP,44757,3000,28,579.14,3287.9,5.68,16215.92,11,2.44,0,0,Normal
1.032,TCP,21963,53,34,1267.1,41745.54,32.95,43081.4,11,0.24,0,0,Normal
0.139,TCP,37883,80,16125,56.84,6593848.92,116007.19,916545.0,119,0.31,56,1,DoS
1.949,HTTP,41648,3000,15,449.92,3462.7,7.7,6748.8,1,0.24,0,0,Normal
1.41,TCP,50269,3000,7,558.68,2773.59,4.96,3910.76,6,3.98,0,0,Normal
0.405,UDP,61705,53,25,886.08,54696.3,61.73,22152.0,2,4.35,0,0,Normal
3.437,HTTP,38902,443,23,678.72,4541.91,6.69,15610.56,9,0.3,0,0,Normal
0.445,UDP,63688,8443,65,857.01,125181.24,146.07,55705.65,10,1.54,0,0,Normal
0.522,TCP,16783,8443,12,828.17,19038.39,22.99,9938.04,11,1.3,0,0,Normal
0.37,TCP,24644,80,66,696.96,124322.59,178.38,45999.36,14,1.78,0,0,Normal
0.448,TCP,11390,3000,29,368.26,23838.26,64.73,10679.54,15,3.76,0,0,Normal
0.855,TCP,44951,123,19964,88.74,2072053.05,23349.71,1771605.36,880,0.49,405,1,DDoS
0.127,TCP,6291,53,27,619.81,131770.63,212.6,16734.87,4,1.05,0,0,Normal
0.666,TCP,47699,3000,29,373.01,16242.18,43.54,10817.29,14,0.27,0,0,Normal
3.763,TCP,39907,8088,2492,608.28,402825.87,662.24,1515833.76,168,0.56,31,1,Botnet
0.342,HTTP,27485,443,65,373.08,70907.02,190.06,24250.2,15,0.31,0,0,Normal
2.502,HTTP,11025,22,13,499.74,2596.57,5.2,6496.62,13,1.35,0,0,Normal
1.438,UDP,39364,3000,25,398.43,6926.81,17.39,9960.75,7,0.05,0,0,Normal
2.524,HTTP,19272,443,35,500.63,6942.18,13.87,17522.05,6,10.84,0,0,Normal
2.428,HTTP,29610,443,800,1680.83,553815.49,329.49,1344664.0,27,1.9,12,1,Web Attack
1.254,UDP,33263,3000,36,520.37,14938.85,28.71,18733.32,5,0.43,0,0,Normal
0.35,UDP,12494,80,86,469.36,115328.46,245.71,40364.96,10,2.71,0,0,Normal
1.0,HTTP,2069,8443,23,255.83,5884.09,23.0,5884.09,3,0.57,0,0,Normal
0.809,TCP,50010,80,6,366.44,2717.73,7.42,2198.64,13,2.91,0,0,Normal
1.299,TCP,36906,443,34,588.51,15403.65,26.17,20009.34,5,1.36,0,0,Normal
1.954,TCP,28007,8443,36,1049.72,19339.77,18.42,37789.92,7,0.23,0,0,Normal
2.606,DNS,44124,3000,59,570.57,12917.74,22.64,33663.63,7,6.99,0,0,Normal
1.107,DNS,3583,8443,23,346.11,7191.08,20.78,7960.53,8,3.0,0,0,Normal
0.388,HTTP,54371,22,33,488.01,41506.01,85.05,16104.33,5,3.8,0,0,Normal
0.092,UDP,60014,3000,16,688.94,119815.65,173.91,11023.04,2,3.63,0,0,Normal
3.338,DNS,28483,80,7591,981.01,2230930.77,2274.12,7446846.91,176,0.69,20,1,Botnet
0.141,UDP,46152,443,28,561.14,111432.06,198.58,15711.92,5,1.88,2,0,Normal
1.934,TCP,54226,443,22975,58.65,696734.1,11879.52,1347483.75,188,0.32,72,1,DoS
0.641,UDP,2821,53,43603,168.45,11458541.89,68023.4,7344925.35,297,0.58,359,1,DDoS
0.768,ICMP,8044,80,8559,60.85,678144.73,11144.53,520815.15,224,0.17,94,1,DoS
1.425,UDP,24113,22,41,669.72,19269.14,28.77,27458.52,11,1.64,0,0,Normal
3.314,UDP,27334,8088,1010,657.11,200265.87,304.77,663681.1,42,1.01,11,1,Botnet
1.42,TCP,24392,8080,12,362.4,3062.54,8.45,4348.8,3,0.49,0,0,Normal
1.432,TCP,15544,8080,29,663.58,13438.42,20.25,19243.82,2,0.7,0,0,Normal
0.862,TCP,45138,23,1943,61.69,139052.98,2254.06,119863.67,526,0.12,421,1,Port Scan
5.153,TCP,59440,22,21,463.85,1890.33,4.08,9740.85,2,3.18,0,0,Normal
1.915,TCP,1103,22,52,433.07,11759.6,27.15,22519.64,1,0.88,0,0,Normal
1.352,HTTP,46694,80,24,601.1,10670.41,17.75,14426.4,4,0.5,0,0,Normal
1.307,TCP,49748,8443,7,458.17,2453.86,5.36,3207.19,14,4.77,0,0,Normal
0.87,TCP,50839,80,23828,78.77,2157392.6,27388.51,1876931.56,101,0.39,246,1,DoS
2.382,TCP,37647,443,48707,72.84,1489428.16,20447.94,3547817.88,400,0.2,120,1,DDoS
0.404,UDP,40205,25,10,580.64,14372.28,24.75,5806.4,14,2.29,0,0,Normal
1.064,UDP,25601,80,24,958.04,21609.92,22.56,22992.96,2,5.54,0,0,Normal
0.357,HTTP,34521,25,50,530.15,74250.7,140.06,26507.5,7,2.46,0,0,Normal
0.35,TCP,7510,1433,3049,42.15,367186.71,8711.43,128515.35,557,0.1,411,1,Port Scan
1.271,HTTP,63456,8443,43,338.17,11440.84,33.83,14541.31,5,2.17,0,0,Normal
2.232,HTTP,65405,443,33,316.68,4682.1,14.78,10450.44,9,0.98,0,0,Normal
1.277,TCP,43597,80,8,373.67,2340.92,6.26,2989.36,10,3.55,1,0,Normal
1.25,TCP,65261,80,97,84.63,6567.29,77.6,8209.11,1,0.28,2,0,Normal
0.084,UDP,33290,25,46,608.22,333072.86,547.62,27978.12,8,3.19,0,0,Normal
0.231,TCP,64699,80,27,735.03,85912.6,116.88,19845.81,9,0.95,0,0,Normal
0.615,TCP,55202,21,2464,53.94,216110.83,4006.5,132908.16,280,0.13,268,1,Port Scan
2.065,ICMP,43354,443,24,417.98,4857.88,11.62,10031.52,14,0.37,0,0,Normal
0.301,TCP,56900,443,36,237.48,28402.92,119.6,8549.28,6,3.94,1,0,Normal
1.676,TCP,25558,8443,14,672.31,5615.95,8.35,9412.34,14,0.54,1,0,Normal
0.325,TCP,15327,3000,70,409.83,88271.08,215.38,28688.1,5,0.49,0,0,Normal
0.373,TCP,12689,8080,31,497.46,41343.86,83.11,15421.26,10,0.33,0,0,Normal
0.804,TCP,21859,3389,1358,34.8,58779.1,1689.05,47258.4,266,0.12,295,1,Port Scan
0.587,TCP,21362,8080,6683,58.3,663746.0,11385.01,389618.9,164,0.41,32,1,DoS
0.225,TCP,24062,80,42,186.88,34884.27,186.67,7848.96,2,1.81,0,0,Normal
3.724,HTTP,61895,22,19,589.41,3007.19,5.1,11198.79,6,8.59,0,0,Normal
0.273,TCP,37091,53,65,610.12,145266.67,238.1,39657.8,7,1.69,0,0,Normal
2.517,TCP,58784,123,33631,64.62,863422.81,13361.54,2173235.22,872,0.38,322,1,DDoS
1.766,TCP,6099,22,34,682.28,13135.63,19.25,23197.52,4,3.52,0,0,Normal
2.411,TCP,34642,443,1153,2032.7,972087.56,478.22,2343703.1,74,1.3,19,1,Web Attack
0.782,TCP,31247,3000,47,791.73,47584.8,60.1,37211.31,4,5.61,0,0,Normal
2.761,UDP,19774,8080,35,678.98,8607.14,12.68,23764.3,14,0.13,0,0,Normal
1.331,TCP,24649,443,41,181.91,5603.54,30.8,7458.31,15,0.8,0,0,Normal
1.985,TCP,48594,8080,13,1060.76,6947.04,6.55,13789.88,10,0.78,0,0,Normal
2.979,TCP,24997,80,30384,87.75,894996.98,10199.4,2666196.0,861,0.79,330,1,DDoS
0.126,UDP,64739,8080,54,342.48,146777.14,428.57,18493.92,6,0.97,0,0,Normal
2.154,UDP,20099,8080,21,420.63,4100.85,9.75,8833.23,1,1.24,0,0,Normal
0.01,TCP,49821,8080,102,436.59,890643.6,2040.0,44532.18,5,3.29,0,0,Normal
2.045,TCP,33367,443,5,636.38,1555.94,2.44,3181.9,13,0.32,0,0,Normal
0.492,HTTP,10411,22,31,292.13,18406.57,63.01,9056.03,2,4.87,0,0,Normal
2.309,TCP,30216,8443,31,316.72,4252.2,13.43,9818.32,8,0.79,0,0,Normal
2.173,TCP,18264,8443,45,825.1,17086.75,20.71,37129.5,11,0.91,0,0,Normal
0.295,TCP,5210,443,25,279.84,23715.25,84.75,6996.0,3,0.67,0,0,Normal
0.79,TCP,13001,23,1265,57.29,91736.52,1601.27,72471.85,502,0.13,234,1,Port Scan
3.028,TCP,33321,443,47997,112.31,1780232.19,15851.06,5390543.07,863,0.72,113,1,DDoS
0.013,HTTP,30476,53,27,691.41,373361.4,540.0,18668.07,15,4.71,0,0,Normal
1.899,UDP,13683,53,30,570.63,9014.69,15.8,17118.9,10,1.29,0,0,Normal
1.583,HTTP,35363,443,17,716.34,7692.85,10.74,12177.78,2,0.83,0,0,Normal
1.185,UDP,27217,8080,54,595.84,27152.2,45.57,32175.36,1,0.82,0,0,Normal
1.109,UDP,5415,22,92,639.55,53055.55,82.96,58838.6,3,0.41,2,0,Normal
0.846,TCP,19648,8443,11,1180.84,15353.71,13.0,12989.24,10,0.14,0,0,Normal
0.029,UDP,3033,443,64,955.85,1223488.0,1280.0,61174.4,12,0.66,0,0,Normal
0.623,TCP,7275,53,28,708.34,31835.51,44.94,19833.52,3,0.64,0,0,Normal
0.084,TCP,7475,443,10,791.25,94196.43,119.05,7912.5,8,0.12,0,0,Normal
0.016,TCP,25428,53,48,293.44,281702.4,960.0,14085.12,1,4.58,1,0,Normal
1.176,UDP,59037,3000,15,383.89,4896.56,12.76,5758.35,12,0.49,0,0,Normal
0.897,HTTP,31716,443,27,601.14,18094.52,30.1,16230.78,3,0.71,0,0,Normal
1.17,TCP,51155,80,38,497.7,16164.62,32.48,18912.6,13,6.73,1,0,Normal
1.778,TCP,21037,443,21,570.5,6738.19,11.81,11980.5,3,2.19,0,0,Normal
0.391,TCP,22924,80,3754,41.2,395562.15,9601.02,154664.8,154,0.09,211,1,Port Scan
2.2,ICMP,61150,8443,93,249.38,10541.97,42.27,23192.34,13,10.11,0,0,Normal
1.482,TCP,62724,80,53005,87.33,3123432.29,35765.86,4628926.65,776,0.01,438,1,DDoS
1.679,UDP,3162,25,57,354.58,12037.56,33.95,20211.06,14,0.71,0,0,Normal
0.325,HTTP,8625,3000,39,326.63,39195.6,120.0,12738.57,10,0.48,0,0,Normal
0.796,HTTP,47051,8080,727,1196.57,1092847.22,913.32,869906.39,68,0.82,8,1,Web Attack
3.052,UDP,9179,8080,17,664.58,3701.79,5.57,11297.86,13,1.39,0,0,Normal
3.337,TCP,20536,3306,3142,131.17,123504.99,941.56,412136.14,87,3.29,100,1,Brute Force
3.206,TCP,24365,3000,29,497.29,4498.26,9.05,14421.41,9,2.38,0,0,Normal
0.315,TCP,2259,8443,56,598.79,106451.56,177.78,33532.24,7,3.43,0,0,Normal
2.856,UDP,41036,123,28984,84.62,858762.63,10148.46,2452626.08,215,0.16,114,1,DDoS
2.101,HTTP,59811,8080,10,815.99,3883.82,4.76,8159.9,1,2.02,0,0,Normal
2.386,TCP,35635,53,37548,100.0,1573679.8,15736.8,3754800.0,657,0.53,298,1,DDoS
0.374,TCP,28273,80,33046,63.69,5627539.41,88358.29,2104699.74,205,0.3,67,1,DoS
0.067,TCP,25478,21,2705,35.64,1438898.51,40373.13,96406.2,396,0.12,133,1,Port Scan
0.635,TCP,49089,80,26,797.75,32663.78,40.94,20741.5,12,10.81,0,0,Normal
1.466,TCP,10961,80,6121,775.63,3238493.34,4175.31,4747631.23,121,1.28,25,1,Botnet
4.93,DNS,28537,3000,9,334.9,611.38,1.83,3014.1,1,0.14,1,0,Normal
0.148,DNS,42455,53,43,692.0,201054.05,290.54,29756.0,7,2.68,0,0,Normal
0.36,TCP,37248,123,27776,167.4,12915840.0,77155.56,4649702.4,553,0.51,92,1,DDoS
0.526,TCP,27462,443,8184,73.22,1139225.25,15558.94,599232.48,393,0.34,147,1,DoS
1.249,TCP,8235,80,31,731.79,18162.92,24.82,22685.49,13,9.46,0,0,Normal
0.295,UDP,17592,8080,26293,68.14,6073237.36,89128.81,1791605.02,143,0.19,172,1,DoS
0.111,UDP,46529,8080,8,1130.82,81500.54,72.07,9046.56,6,4.43,0,0,Normal
0.417,TCP,45162,8443,36,937.26,80914.53,86.33,33741.36,9,1.16,0,0,Normal
0.881,TCP,15422,8080,28,851.65,27067.2,31.78,23846.2,15,0.84,0,0,Normal
0.363,TCP,45684,53,76,593.21,124198.24,209.37,45083.96,13,5.13,0,0,Normal
0.623,TCP,61205,8080,5485,65.43,576057.06,8804.17,358883.55,154,0.08,183,1,DoS
0.557,HTTP,48039,25,91,286.4,46790.66,163.38,26062.4,7,1.98,0,0,Normal
1.017,ICMP,51750,8080,70,688.56,47393.51,68.83,48199.2,5,0.64,0,0,Normal
0.665,TCP,59309,80,59,636.92,56508.69,88.72,37578.28,9,0.05,0,0,Normal
0.647,HTTP,62967,80,25,367.12,14185.47,38.64,9178.0,13,0.91,0,0,Normal
0.041,HTTP,32978,80,38,623.64,473966.4,760.0,23698.32,6,0.73,0,0,Normal
3.114,TCP,41505,22,2361,197.26,149560.33,758.19,465730.86,124,1.08,104,1,Brute Force
2.623,UDP,47019,8080,84,717.42,22974.94,32.02,60263.28,14,2.12,0,0,Normal
1.132,ICMP,46805,25,31,596.78,16342.92,27.39,18500.18,8,1.0,0,0,Normal
0.251,TCP,10108,80,27801,59.15,6551510.56,110760.96,1644429.15,316,0.23,185,1,DoS
1.408,UDP,4622,443,34130,86.57,2098461.72,24240.06,2954634.1,150,0.29,208,1,DoS
3.211,TCP,1051,53,53017,126.15,2082869.68,16511.06,6688094.55,391,0.59,207,1,DDoS
1.376,UDP,17275,22,30,491.94,10725.44,21.8,14758.2,5,1.84,0,0,Normal
0.928,TCP,48560,443,13,493.68,6915.78,14.01,6417.84,15,0.69,0,0,Normal
2.909,TCP,50348,8443,49,275.95,4648.18,16.84,13521.55,13,1.12,0,0,Normal
0.185,TCP,42841,443,64,421.7,145885.41,345.95,26988.8,9,0.23,0,0,Normal
1.532,HTTP,46108,80,972,2469.08,1566544.23,634.46,2399945.76,16,0.95,9,1,Web Attack
0.846,HTTP,62445,8443,14,389.03,6437.85,16.55,5446.42,5,4.45,0,0,Normal
0.946,ICMP,60767,8080,34,368.0,13226.22,35.94,12512.0,10,1.54,2,0,Normal
1.4,HTTP,36442,80,370,1717.74,453974.14,264.29,635563.8,67,1.2,4,1,Web Attack
1.015,HTTP,39302,80,13,556.92,7132.97,12.81,7239.96,14,0.68,0,0,Normal
0.791,TCP,15019,80,17961,68.55,1556544.31,22706.7,1231226.55,323,0.39,152,1,DoS
0.449,DNS,62673,443,53,58.04,6851.05,118.04,3076.12,13,2.51,1,0,Normal
0.25,UDP,43799,8443,49,533.72,104609.12,196.0,26152.28,14,8.71,0,0,Normal
1.625,TCP,60850,443,29874,91.01,1673127.84,18384.0,2718832.74,365,0.17,227,1,DoS
1.127,TCP,63024,25,13,585.75,6756.65,11.54,7614.75,5,1.5,0,0,Normal
3.269,TCP,12548,22,20,319.49,1954.67,6.12,6389.8,5,0.2,0,0,Normal
0.556,UDP,27027,8080,34,450.92,27574.24,61.15,15331.28,9,1.07,0,0,Normal
7.288,TCP,48294,25,25,606.35,2079.96,3.43,15158.75,14,2.6,2,0,Normal
2.369,UDP,56603,443,59749,88.82,2240146.13,25221.19,5306906.18,756,0.53,428,1,DDoS
2.295,TCP,62387,22,25,530.68,5780.83,10.89,13267.0,4,0.89,0,0,Normal
0.38,TCP,58129,23,2557,41.21,277299.92,6728.95,105373.97,365,0.09,371,1,Port Scan
0.566,TCP,29905,53,59,557.43,58106.66,104.24,32888.37,9,12.75,0,0,Normal
0.29,TCP,62292,8080,32,758.83,83732.97,110.34,24282.56,8,8.03,0,0,Normal
7.678,TCP,25732,3389,1275,167.75,27856.38,166.06,213881.25,135,0.67,104,1,Brute Force
0.187,TCP,29391,1433,553,51.64,152710.8,2957.22,28556.92,349,0.1,316,1,Port Scan
0.13,TCP,59555,25,22,667.5,112961.54,169.23,14685.0,10,2.77,0,0,Normal
0.615,UDP,50075,8080,21313,68.79,2383937.02,34655.28,1466121.27,93,0.49,214,1,DoS
0.028,TCP,56183,53,13,458.41,119186.6,260.0,5959.33,15,0.29,0,0,Normal
0.724,TCP,21305,3306,1497,63.84,132000.66,2067.68,95568.48,164,0.14,441,1,Port Scan
0.68,HTTP,52571,8443,21,593.14,18317.56,30.88,12455.94,2,3.52,0,0,Normal
1.788,UDP,64848,3000,38,522.25,11099.27,21.25,19845.5,7,3.5,0,0,Normal
6.639,TCP,54348,23,2389,129.14,46470.17,359.84,308515.46,149,3.11,93,1,Brute Force
3.422,UDP,31069,443,2942,1573.86,1353096.47,859.73,4630296.12,188,1.67,6,1,Botnet
0.068,TCP,29080,22,12,805.63,142170.0,176.47,9667.56,4,0.54,0,0,Normal
0.238,UDP,6769,3000,40,550.99,92603.36,168.07,22039.6,12,0.22,0,0,Normal
0.063,TCP,44168,53,16,755.48,191867.94,253.97,12087.68,8,3.43,0,0,Normal
0.038,DNS,31148,8080,42,485.3,407652.0,840.0,20382.6,9,0.85,0,0,Normal
2.247,UDP,13359,80,49,917.61,20010.19,21.81,44962.89,4,1.29,0,0,Normal
0.347,HTTP,35055,25,38,837.16,91677.46,109.51,31812.08,13,0.3,0,0,Normal
0.173,UDP,44236,22,24,280.56,38921.62,138.73,6733.44,2,0.25,0,0,Normal
1.471,UDP,64691,8080,35,388.27,9238.24,23.79,13589.45,9,5.12,0,0,Normal
0.189,TCP,37284,8080,2230,46.28,546055.03,11798.94,103204.4,152,0.07,489,1,Port Scan
1.554,TCP,17292,443,56412,92.95,3374192.66,36301.16,5243495.4,378,0.71,245,1,DDoS
0.292,TCP,5743,443,717,33.1,81276.37,2455.48,23732.7,303,0.05,420,1,Port Scan
1.121,TCP,26199,8443,38,959.99,32542.03,33.9,36479.62,4,0.68,1,0,Normal
0.168,HTTP,9964,3000,41,261.63,63850.18,244.05,10726.83,8,4.53,0,0,Normal
4.18,TCP,19282,443,102,651.56,15899.31,24.4,66459.12,13,1.52,0,0,Normal
0.658,TCP,36946,3000,80,677.56,82378.12,121.58,54204.8,15,2.62,0,0,Normal
0.048,UDP,60657,22,72,592.0,852480.0,1440.0,42624.0,8,4.47,0,0,Normal
0.221,HTTP,8025,443,89,550.8,221815.38,402.71,49021.2,4,0.94,0,0,Normal
1.294,TCP,40083,123,22885,9.69,171372.22,17685.47,221755.65,412,0.62,295,1,DDoS
0.362,TCP,9285,21,3512,38.15,370118.23,9701.66,133982.8,599,0.06,209,1,Port Scan
0.64,TCP,56507,443,37592,93.08,5467286.5,58737.5,3499063.36,858,0.63,135,1,DDoS
0.37,HTTP,16803,8443,33,458.58,40900.38,89.19,15133.14,7,5.65,0,0,Normal
2.338,TCP,56773,3000,11,306.16,1440.44,4.7,3367.76,13,0.05,0,0,Normal
0.105,UDP,44732,443,26,600.96,148809.14,247.62,15624.96,6,3.06,0,0,Normal
1.611,TCP,11392,8443,44,390.2,10657.23,27.31,17168.8,14,0.64,0,0,Normal
7.845,TCP,38754,23,4971,96.04,60855.94,633.65,477414.84,80,1.28,63,1,Brute Force
1.548,TCP,40797,8080,15960,65.8,678403.1,10310.08,1050168.0,117,0.2,91,1,DoS
0.085,TCP,65062,143,856,54.77,551566.12,10070.59,46883.12,499,0.02,417,1,Port Scan
0.404,TCP,25938,80,26063,60.0,3870742.57,64512.38,1563780.0,357,0.08,225,1,DoS
0.728,UDP,42580,25,18,357.3,8834.34,24.73,6431.4,12,0.05,0,0,Normal
0.943,TCP,27151,25,32,230.65,7826.94,33.93,7380.8,15,1.16,0,0,Normal
0.803,TCP,54740,22,501,46.88,29248.92,623.91,23486.88,393,0.11,281,1,Port Scan
1.099,TCP,10222,53,33033,229.14,6887335.41,30057.32,7569181.62,826,0.23,230,1,DDoS
0.318,TCP,31504,443,22421,70.71,4985499.72,70506.29,1585388.91,301,0.44,49,1,DoS
1.137,TCP,11150,22,10,642.85,5653.91,8.8,6428.5,1,0.37,0,0,Normal
0.658,HTTP,35911,3000,36,1219.53,66722.01,54.71,43903.08,12,0.11,0,0,Normal
0.041,TCP,11814,53,58,220.81,256139.6,1160.0,12806.98,6,5.12,1,0,Normal
5.918,TCP,38080,21,1051,122.25,21710.84,177.59,128484.75,47,1.6,97,1,Brute Force
0.598,TCP,51083,80,32264,57.43,3098530.97,53953.18,1852921.52,350,0.48,195,1,DoS
0.33,TCP,46660,8443,32,274.69,26636.61,96.97,8790.08,8,1.06,0,0,Normal
1.688,TCP,11637,123,20841,132.04,1630240.31,12346.56,2751845.64,436,0.36,365,1,DDoS
0.295,TCP,52030,3306,3267,44.11,488499.56,11074.58,144107.37,273,0.12,345,1,Port Scan
0.165,ICMP,40874,8443,33,435.4,87080.0,200.0,14368.2,9,6.47,0,0,Normal
0.437,HTTP,29997,8080,11,383.84,9661.88,25.17,4222.24,12,0.69,0,0,Normal
1.812,TCP,11765,443,29923,53.23,879029.41,16513.8,1592801.29,270,0.47,215,1,DoS
0.409,TCP,20376,3000,25,224.0,13691.93,61.12,5600.0,6,0.08,0,0,Normal
2.438,HTTP,17576,8080,57,40.0,935.19,23.38,2280.0,10,0.43,0,0,Normal
3.278,HTTP,21680,6667,7300,962.29,2142988.71,2226.97,7024717.0,54,2.02,16,1,Botnet
2.243,UDP,60349,80,28,875.0,10922.87,12.48,24500.0,14,2.21,0,0,Normal
0.237,UDP,3908,443,31800,78.4,10519493.67,134177.22,2493120.0,331,0.31,247,1,DoS
0.61,UDP,54441,53,63,716.81,74031.2,103.28,45159.03,12,1.7,0,0,Normal
4.368,DNS,37421,9001,7571,1038.94,1800781.76,1733.29,7865814.74,60,0.79,18,1,Botnet
0.609,TCP,52546,143,725,35.94,42785.71,1190.48,26056.5,291,0.09,315,1,Port Scan
0.22,TCP,10806,443,33393,54.41,8258696.05,151786.36,1816913.13,341,0.38,88,1,DoS
0.482,DNS,25690,8080,56,40.0,4647.3,116.18,2240.0,7,1.8,0,0,Normal
4.377,TCP,18313,25,64,132.82,1942.08,14.62,8500.48,12,2.06,0,0,Normal
0.838,HTTP,9154,25,47,808.59,45350.51,56.09,38003.73,4,0.22,0,0,Normal
0.19,TCP,5065,22,37,863.7,168194.21,194.74,31956.9,3,1.41,0,0,Normal
0.622,TCP,65364,53,13,454.98,9509.23,20.9,5914.74,6,7.66,0,0,Normal
0.709,TCP,12967,143,2780,35.69,139941.04,3921.02,99218.2,310,0.04,389,1,Port Scan
0.762,DNS,35184,22,40,704.98,37006.82,52.49,28199.2,7,0.4,0,0,Normal
0.157,HTTP,63547,8080,34,800.93,173449.81,216.56,27231.62,5,2.2,0,0,Normal
1.262,UDP,27117,443,53339,101.33,4282758.22,42265.45,5404840.87,499,0.31,407,1,DDoS
0.466,TCP,53765,53,1743,34.35,128480.79,3740.34,59872.05,565,0.05,375,1,Port Scan
1.109,HTTP,39676,22,21,169.0,3200.18,18.94,3549.0,7,1.1,0,0,Normal
1.824,HTTP,12212,80,1824,1948.25,1948250.0,1000.0,3553608.0,39,0.36,19,1,Web Attack
2.02,TCP,58766,8088,3992,1097.06,2168051.25,1976.24,4379463.52,54,0.56,33,1,Botnet
1.344,UDP,29926,8080,55,826.52,33823.36,40.92,45458.6,5,2.67,0,0,Normal
1.945,TCP,10044,443,22217,60.53,691411.32,11422.62,1344795.01,263,0.28,195,1,DoS
4.996,TCP,53677,22,3289,207.76,136773.95,658.33,683322.64,133,2.58,42,1,Brute Force
0.173,TCP,60113,8443,41,825.07,195536.82,236.99,33827.87,6,1.89,1,0,Normal
0.619,TCP,22730,80,79,283.49,36180.47,127.63,22395.71,3,0.93,0,0,Normal
0.675,TCP,5089,25,43,628.62,40045.42,63.7,27030.66,4,2.52,0,0,Normal
4.679,UDP,56199,3000,26,1001.9,5567.3,5.56,26049.4,8,3.07,0,0,Normal
0.337,ICMP,1370,8080,19813,71.95,4230104.9,58792.28,1425545.35,347,0.23,99,1,DoS
1.505,TCP,46451,443,38,85.52,2159.31,25.25,3249.76,6,5.76,0,0,Normal
2.116,HTTP,29145,53,10,709.22,3351.7,4.73,7092.2,11,0.99,0,0,Normal
0.792,UDP,50825,22,52,430.63,28273.69,65.66,22392.76,13,1.51,0,0,Normal
0.912,TCP,32271,443,26,781.97,22293.0,28.51,20331.22,11,10.59,0,0,Normal
2.281,UDP,27672,53,44181,69.67,1349447.73,19369.14,3078090.27,755,0.49,359,1,DDoS
0.419,HTTP,64108,80,68,378.27,61389.88,162.29,25722.36,4,0.9,0,0,Normal
1.303,DNS,8712,3000,27,388.11,8042.19,20.72,10478.97,15,6.3,0,0,Normal
0.758,UDP,26821,8080,30,867.3,34325.86,39.58,26019.0,13,10.5,0,0,Normal
1.9,TCP,59953,3000,14,437.09,3220.66,7.37,6119.26,13,0.29,0,0,Normal
0.456,TCP,44268,8080,10121,57.6,1278442.11,22195.18,582969.6,271,0.44,172,1,DoS
0.345,TCP,6590,443,54,631.01,98766.78,156.52,34074.54,14,6.05,0,0,Normal
3.004,TCP,60395,21,4555,196.03,297242.56,1516.31,892916.65,46,1.13,35,1,Brute Force
4.537,ICMP,25761,80,41,515.56,4659.02,9.04,21137.96,12,8.65,1,0,Normal
2.743,UDP,41359,8080,34,65.55,812.5,12.4,2228.7,2,0.47,0,0,Normal
2.549,TCP,21819,80,57171,140.71,3155955.83,22428.8,8044531.41,216,0.55,397,1,DDoS
2.463,TCP,8888,443,27,481.74,5280.95,10.96,13006.98,2,4.96,0,0,Normal
0.779,TCP,63221,53,71,1001.8,91306.55,91.14,71127.8,4,1.03,0,0,Normal
3.229,TCP,27114,80,6050,968.31,1814269.28,1873.65,5858275.5,150,1.24,15,1,Botnet
0.248,TCP,5840,80,15720,66.07,4187985.48,63387.1,1038620.4,311,0.48,100,1,DoS
1.362,ICMP,53712,3000,30,525.35,11571.59,22.03,15760.5,9,2.53,0,0,Normal
1.761,HTTP,48483,53,77,359.19,15705.64,43.73,27657.63,14,1.77,0,0,Normal
0.706,TCP,40787,3389,1714,48.69,118207.73,2427.76,83454.66,348,0.1,226,1,Port Scan
1.753,TCP,38072,8443,42,677.58,16234.09,23.96,28458.36,14,1.8,0,0,Normal
2.352,TCP,38340,3000,93,550.17,21754.17,39.54,51165.81,3,3.55,0,0,Normal
1.268,TCP,7450,22,21,332.32,5503.72,16.56,6978.72,12,0.33,0,0,Normal
0.092,HTTP,51108,80,104,700.87,792287.83,1130.43,72890.48,10,0.25,0,0,Normal
0.753,TCP,1259,53,51,282.58,19138.88,67.73,14411.58,10,0.2,0,0,Normal
0.194,HTTP,6524,8080,22,238.88,27089.48,113.4,5255.36,10,0.72,0,0,Normal
1.137,TCP,51280,53,32,544.48,15323.98,28.14,17423.36,7,3.03,1,0,Normal
1.508,UDP,20893,22,135,404.48,36210.08,89.52,54604.8,4,0.17,2,0,Normal
2.398,UDP,12339,6667,6113,1086.38,2769408.23,2549.21,6641040.94,76,1.87,36,1,Botnet
0.122,UDP,41532,80,22,545.15,98305.74,180.33,11993.3,8,0.9,0,0,Normal
0.188,TCP,60244,53,48,591.49,151018.72,255.32,28391.52,11,3.62,0,0,Normal
0.969,HTTP,47999,8080,78,432.44,34809.41,80.5,33730.32,2,6.21,0,0,Normal
1.555,HTTP,5126,443,1803,2735.18,3171401.63,1159.49,4931529.54,33,1.75,5,1,Web Attack
0.478,TCP,28550,8443,70,516.65,75660.04,146.44,36165.5,14,0.43,0,0,Normal
0.027,DNS,17947,25,39,325.69,254038.2,780.0,12701.91,3,0.84,0,0,Normal
6.139,HTTP,46007,8080,12,1196.45,2338.72,1.95,14357.4,5,0.42,0,0,Normal
1.041,TCP,54037,3389,1201,150.28,173377.79,1153.7,180486.28,39,2.39,35,1,Brute Force
1.012,TCP,49832,8080,50,356.15,17596.34,49.41,17807.5,4,6.38,0,0,Normal
1.451,UDP,37960,80,61,119.71,5032.61,42.04,7302.31,15,2.96,0,0,Normal
1.289,TCP,43053,3000,46,662.41,23639.15,35.69,30470.86,15,0.23,1,0,Normal
1.494,UDP,33138,123,38679,97.13,2514652.79,25889.56,3756891.27,548,0.29,355,1,DDoS
3.935,TCP,20220,22,20,558.5,2838.63,5.08,11170.0,13,0.73,0,0,Normal
0.354,DNS,4438,53,28,568.91,44998.53,79.1,15929.48,4,5.52,0,0,Normal
0.472,TCP,50014,21,3986,35.84,302665.76,8444.92,142858.24,530,0.08,285,1,Port Scan
0.106,TCP,54761,8443,12,40.0,4528.3,113.21,480.0,2,0.63,0,0,Normal
0.22,HTTP,35091,443,26,133.65,15795.0,118.18,3474.9,4,1.18,0,0,Normal
0.803,HTTP,58335,53,32,341.74,13618.53,39.85,10935.68,11,4.32,2,0,Normal
0.414,HTTP,44236,53,37,157.58,14083.24,89.37,5830.46,6,1.99,0,0,Normal
3.333,TCP,12586,22,60,40.0,720.07,18.0,2400.0,5,2.46,0,0,Normal
0.01,HTTP,23659,3000,11,866.25,190575.0,220.0,9528.75,12,1.18,0,0,Normal
0.398,TCP,21666,23,1309,53.66,176484.77,3288.94,70240.94,368,0.15,141,1,Port Scan
1.274,TCP,22424,443,26166,62.7,1287761.54,20538.46,1640608.2,268,0.42,43,1,DoS
1.616,UDP,40692,443,22143,64.39,882294.41,13702.35,1425787.77,237,0.04,248,1,DoS
0.654,TCP,46621,8088,2032,1072.41,3332013.94,3107.03,2179137.12,141,0.71,29,1,Botnet
0.657,TCP,63576,80,26933,88.18,3614843.14,40993.91,2374951.94,126,0.17,176,1,DoS
0.17,HTTP,11096,8080,38,112.12,25062.12,223.53,4260.56,10,0.13,0,0,Normal
4.642,UDP,30513,3000,19,631.09,2583.09,4.09,11990.71,11,0.98,0,0,Normal
0.438,TCP,47759,25,41,697.33,65275.18,93.61,28590.53,6,4.01,0,0,Normal
1.638,UDP,46010,53,38234,130.07,3036078.38,23341.88,4973096.38,304,0.1,194,1,DDoS
1.643,TCP,51428,443,36232,161.08,3552191.45,22052.34,5836250.56,226,0.49,395,1,DDoS
0.652,HTTP,22690,22,25,764.5,29313.65,38.34,19112.5,1,1.8,0,0,Normal
0.085,TCP,50543,53,22,782.99,202656.24,258.82,17225.78,13,2.89,2,0,Normal
0.213,TCP,35097,22,14,1007.86,66244.32,65.73,14110.04,6,5.03,0,0,Normal
0.977,UDP,14281,80,56912,112.13,6531773.35,58251.79,6381542.56,421,0.66,168,1,DDoS
2.27,HTTP,27105,25,66,464.42,13502.96,29.07,30651.72,1,6.53,2,0,Normal
0.628,TCP,23582,53,35,445.99,24856.13,55.73,15609.65,10,4.5,0,0,Normal
1.233,TCP,50365,123,32894,140.52,3748795.52,26678.02,4622264.88,816,0.08,374,1,DDoS
1.646,UDP,9409,53,5,327.66,995.32,3.04,1638.3,3,7.24,0,0,Normal
2.547,TCP,54940,8443,32,590.86,7423.45,12.56,18907.52,2,0.59,0,0,Normal
3.564,HTTP,13535,443,28,434.01,3409.73,7.86,12152.28,5,4.69,0,0,Normal
1.086,TCP,25985,22,66,982.47,59708.12,60.77,64843.02,3,2.49,0,0,Normal
1.423,UDP,25609,3000,11,761.73,5888.29,7.73,8379.03,2,0.21,0,0,Normal
0.946,HTTP,10400,80,25,285.49,7544.66,26.43,7137.25,6,0.39,0,0,Normal
2.453,TCP,5935,443,59287,162.04,3916374.02,24169.18,9606865.48,226,0.68,152,1,DDoS
1.524,TCP,25179,25,34,580.01,12939.86,22.31,19720.34,10,2.85,0,0,Normal
0.124,UDP,30666,3000,30,968.01,234195.97,241.94,29040.3,7,1.36,0,0,Normal
0.877,UDP,29554,443,14526,65.94,1092182.94,16563.28,957844.44,142,0.34,194,1,DoS
0.578,TCP,22300,8080,4,181.99,1259.45,6.92,727.96,7,1.87,0,0,Normal
0.234,TCP,9000,3000,29,377.72,46811.45,123.93,10953.88,8,6.08,0,0,Normal
0.879,TCP,14105,21,3397,42.23,163202.86,3864.62,143455.31,166,0.15,336,1,Port Scan
1.071,UDP,20936,443,20,229.89,4293.0,18.67,4597.8,4,2.01,0,0,Normal
0.88,TCP,56930,443,8545,61.99,601936.99,9710.23,529704.55,279,0.18,77,1,DoS
1.749,TCP,51787,21,3165,192.11,347643.31,1809.61,608028.15,92,1.66,73,1,Brute Force
1.698,TCP,28996,22,4232,167.48,417417.76,2492.34,708775.36,94,0.66,69,1,Brute Force
0.934,UDP,29458,443,29619,72.21,2289922.9,31711.99,2138787.99,219,0.39,114,1,DoS
1.136,TCP,2680,80,61,675.46,36270.3,53.7,41203.06,11,2.26,0,0,Normal
0.135,TCP,12300,80,33606,59.23,14744321.33,248933.33,1990483.38,199,0.31,218,1,DoS
0.459,UDP,49049,123,52134,98.95,11238909.15,113581.7,5158659.3,534,0.44,416,1,DDoS
0.898,TCP,29332,80,16,189.02,3367.84,17.82,3024.32,10,0.4,0,0,Normal
0.817,TCP,49089,80,17406,66.86,1424437.16,21304.77,1163765.16,180,0.19,133,1,DoS
2.376,UDP,53399,80,49480,151.94,3164137.71,20824.92,7517991.2,440,0.46,269,1,DDoS
2.778,UDP,59218,80,26,275.64,2579.78,9.36,7166.64,2,2.45,0,0,Normal
0.396,UDP,39440,80,9926,68.37,1713738.94,25065.66,678640.62,285,0.04,201,1,DoS
1.813,TCP,50815,3000,67,690.52,25518.39,36.96,46264.84,11,5.27,0,0,Normal
0.37,TCP,57286,443,25748,51.83,3606807.68,69589.19,1334518.84,222,0.48,77,1,DoS
0.548,TCP,1304,1433,1616,29.22,86167.01,2948.91,47219.52,337,0.1,389,1,Port Scan
4.152,TCP,7979,3306,2151,197.13,102125.87,518.06,424026.63,67,0.77,57,1,Brute Force
0.464,UDP,27139,443,11,745.94,17683.92,23.71,8205.34,6,3.89,0,0,Normal
2.15,TCP,21774,53,47,193.71,4234.59,21.86,9104.37,8,1.15,0,0,Normal
0.083,TCP,44979,3000,23,602.82,167046.51,277.11,13864.86,9,4.07,1,0,Normal
0.838,UDP,16027,443,29,1230.04,42567.02,34.61,35671.16,15,3.2,0,0,Normal
1.502,TCP,41986,3000,41,691.99,18889.21,27.3,28371.59,10,0.71,0,0,Normal
1.523,TCP,27762,8080,31228,37.83,775676.45,20504.27,1181355.24,134,0.44,87,1,DoS
0.502,ICMP,45708,80,36,729.23,52295.38,71.71,26252.28,15,2.72,1,0,Normal
0.169,UDP,26494,3000,44,615.17,160162.6,260.36,27067.48,6,0.68,0,0,Normal
0.164,TCP,39308,8443,23,602.08,84438.05,140.24,13847.84,8,2.59,0,0,Normal
0.026,HTTP,44028,53,13,235.59,61253.4,260.0,3062.67,11,4.25,0,0,Normal
0.535,TCP,54741,22,36,389.21,26189.83,67.29,14011.56,8,3.98,0,0,Normal
3.026,TCP,12636,443,28875,39.2,374058.16,9542.3,1131900.0,796,0.66,306,1,DDoS
0.827,UDP,9676,3000,42,664.26,33735.09,50.79,27898.92,6,0.65,0,0,Normal
0.059,TCP,32414,8443,32,632.19,342882.71,542.37,20230.08,7,3.81,0,0,Normal
2.618,TCP,30147,53,31,547.2,6479.45,11.84,16963.2,8,0.52,0,0,Normal
0.844,HTTP,44078,3000,69,585.59,47874.06,81.75,40405.71,3,2.18,0,0,Normal
2.66,TCP,59371,25,67,546.13,13755.91,25.19,36590.71,4,0.27,0,0,Normal
2.831,HTTP,54505,9001,7152,866.42,2188850.53,2526.32,6196635.84,83,1.25,20,1,Botnet
0.066,UDP,9095,8080,30,1001.63,455286.36,454.55,30048.9,12,1.21,0,0,Normal
1.119,TCP,29970,22,61,551.84,30082.43,54.51,33662.24,5,1.56,0,0,Normal
1.237,TCP,36506,443,29,785.75,18420.98,23.44,22786.75,1,1.81,0,0,Normal
0.916,ICMP,6951,8080,48,532.15,27885.59,52.4,25543.2,14,0.22,0,0,Normal
0.475,TCP,6372,8080,25,344.91,18153.16,52.63,8622.75,4,14.02,0,0,Normal
7.927,UDP,20436,53,13,40.0,65.6,1.64,520.0,7,1.87,0,0,Normal
0.466,TCP,6413,443,33,728.69,51602.51,70.82,24046.77,3,3.79,0,0,Normal
1.286,UDP,48368,123,33312,125.76,3257633.84,25903.58,4189317.12,382,0.73,255,1,DDoS
5.658,TCP,9665,23,3031,156.92,84062.3,535.7,475624.52,113,3.94,74,1,Brute Force
1.61,TCP,46924,443,60,207.82,7744.84,37.27,12469.2,9,3.12,2,0,Normal
1.067,ICMP,49083,443,11,883.87,9112.06,10.31,9722.57,15,1.28,0,0,Normal
0.438,TCP,19310,143,3945,39.86,359013.01,9006.85,157247.7,542,0.08,159,1,Port Scan
1.455,TCP,42802,443,28101,51.1,986914.85,19313.4,1435961.1,380,0.44,221,1,DoS
5.341,TCP,11245,23,1806,109.64,37073.55,338.14,198009.84,42,3.56,70,1,Brute Force
1.558,TCP,2585,3000,44,505.22,14268.09,28.24,22229.68,2,3.97,0,0,Normal
0.769,TCP,24552,53,16268,183.36,3878934.3,21154.75,2982900.48,752,0.57,267,1,DDoS
1.844,TCP,26579,443,27,479.59,7022.2,14.64,12948.93,6,2.05,0,0,Normal
0.792,TCP,65189,110,2288,43.08,124453.33,2888.89,98567.04,461,0.02,179,1,Port Scan
0.629,ICMP,16530,443,23,549.13,20079.48,36.57,12629.99,15,15.95,0,0,Normal
1.516,ICMP,43651,8080,42,610.57,16915.53,27.7,25643.94,2,0.05,0,0,Normal
2.433,TCP,28673,443,19100,71.53,561538.43,7850.39,1366223.0,725,0.13,422,1,DDoS
0.646,TCP,35803,53,29169,132.79,5995900.17,45153.25,3873351.51,703,0.56,233,1,DDoS
5.442,TCP,39849,3389,2606,264.77,126789.9,478.87,689990.62,105,0.57,66,1,Brute Force
0.257,TCP,6836,443,15669,79.27,4833002.45,60968.87,1242081.63,344,0.22,100,1,DoS
0.242,HTTP,4330,443,18,60.67,4512.64,74.38,1092.06,7,0.19,0,0,Normal
0.904,TCP,38300,80,47,616.57,32056.18,51.99,28978.79,3,8.19,0,0,Normal
2.85,TCP,65535,22,3854,176.2,238271.86,1352.28,679074.8,74,3.43,116,1,Brute Force
0.437,TCP,2396,8443,37,442.6,37474.14,84.67,16376.2,13,12.0,0,0,Normal
5.329,TCP,63830,21,2505,100.48,47232.58,470.07,251702.4,81,2.37,32,1,Brute Force
0.874,HTTP,30981,443,16,501.59,9182.43,18.31,8025.44,2,1.42,0,0,Normal
1.858,TCP,63693,123,57797,150.35,4676953.15,31107.1,8689778.95,772,0.41,246,1,DDoS
7.521,TCP,10746,3389,1295,181.7,31285.93,172.18,235301.5,49,0.71,106,1,Brute Force
0.049,TCP,23379,80,25,933.27,466635.0,500.0,23331.75,10,0.26,0,0,Normal
2.674,TCP,19332,3389,3684,164.04,225999.76,1377.71,604323.36,85,3.56,89,1,Brute Force
0.337,TCP,47104,8443,21,640.11,39888.16,62.31,13442.31,3,1.32,0,0,Normal
3.042,HTTP,34225,25,22,366.78,2652.58,7.23,8069.16,11,1.58,0,0,Normal
7.895,UDP,33023,80,19,705.66,1698.23,2.41,13407.54,6,1.1,0,0,Normal
2.256,HTTP,58836,25,30,428.84,5702.66,13.3,12865.2,3,9.26,0,0,Normal
1.809,HTTP,7109,53,35,363.34,7029.8,19.35,12716.9,9,0.7,0,0,Normal
2.443,UDP,33459,8080,5,714.96,1463.28,2.05,3574.8,15,0.88,0,0,Normal
0.703,UDP,58452,22,8,349.96,3982.48,11.38,2799.68,7,1.85,0,0,Normal
0.752,UDP,22791,80,49181,144.83,9471920.52,65400.27,7122884.23,248,0.28,227,1,DDoS
1.738,TCP,6277,8080,15276,89.27,784630.91,8789.41,1363688.52,244,0.13,147,1,DoS
1.376,UDP,59854,8080,9471,69.75,480088.84,6882.99,660602.25,268,0.18,192,1,DoS
0.733,UDP,14662,8443,19,330.75,8573.33,25.92,6284.25,7,1.9,0,0,Normal
0.687,UDP,47140,443,39645,58.71,3388002.84,57707.42,2327557.95,577,0.57,227,1,DDoS
0.415,UDP,43616,3000,35,736.31,62098.43,84.34,25770.85,2,2.27,0,0,Normal
3.047,UDP,40553,80,16,344.55,1809.26,5.25,5512.8,15,4.34,0,0,Normal
0.149,TCP,18767,3000,56,469.84,176584.16,375.84,26311.04,11,2.01,0,0,Normal
0.153,TCP,10908,22,22,971.79,139734.51,143.79,21379.38,7,3.89,0,0,Normal
1.463,HTTP,41918,80,21,609.54,8749.38,14.35,12800.34,8,0.25,0,0,Normal
0.605,TCP,15302,53,50,448.58,37072.73,82.64,22429.0,9,4.88,0,0,Normal
1.634,UDP,20015,53,26,753.9,11995.96,15.91,19601.4,5,1.1,0,0,Normal
0.475,HTTP,22599,8443,37,664.13,51732.23,77.89,24572.81,9,2.51,0,0,Normal
0.542,HTTP,47642,53,72,823.13,109345.68,132.84,59265.36,14,4.53,0,0,Normal
2.381,UDP,36801,123,15582,99.42,650635.21,6544.31,1549162.44,831,0.19,419,1,DDoS
7.816,TCP,58047,21,3719,154.44,73485.46,475.82,574362.36,47,2.22,55,1,Brute Force
0.267,TCP,23055,443,26,735.91,71661.65,97.38,19133.66,8,3.59,0,0,Normal
1.692,UDP,9338,80,54827,71.67,2322370.62,32403.66,3929451.09,538,0.69,97,1,DDoS
0.346,TCP,32270,53,82,651.25,154342.49,236.99,53402.5,1,0.82,1,0,Normal
1.343,TCP,65176,53,53737,110.53,4422599.11,40012.66,5939550.61,875,0.62,105,1,DDoS
0.618,TCP,29539,3389,2774,49.0,219944.98,4488.67,135926.0,408,0.12,164,1,Port Scan
1.434,HTTP,48777,443,1027,1205.61,863431.99,716.18,1238161.47,37,1.4,5,1,Web Attack
0.481,HTTP,32235,22,57,613.68,72722.99,118.5,34979.76,8,1.22,0,0,Normal
0.212,UDP,50063,22,9,258.0,10952.83,42.45,2322.0,12,3.93,0,0,Normal
1.02,TCP,25900,80,30378,65.61,1954020.18,29782.35,1993100.58,223,0.33,117,1,DoS
0.098,TCP,22948,80,55,346.58,194509.18,561.22,19061.9,3,0.54,0,0,Normal
0.424,TCP,12716,53,31,349.05,25520.17,73.11,10820.55,1,1.6,0,0,Normal
0.991,TCP,5138,3000,33,597.53,19897.57,33.3,19718.49,6,3.93,0,0,Normal
2.998,TCP,41037,80,47533,189.34,3001967.38,15854.9,8999898.22,803,0.08,232,1,DDoS
0.806,TCP,16215,80,16836,69.85,1459050.37,20888.34,1175994.6,203,0.06,42,1,DoS
0.031,TCP,61587,8443,78,817.65,1275534.0,1560.0,63776.7,14,0.32,0,0,Normal
0.377,TCP,12625,23,3482,51.73,477782.12,9236.07,180123.86,222,0.05,408,1,Port Scan
0.335,TCP,59724,25,41,365.24,44701.01,122.39,14974.84,14,3.09,0,0,Normal
4.523,UDP,6004,8088,1391,988.88,304119.41,307.54,1375532.08,106,1.56,37,1,Botnet
0.462,UDP,16928,53,21,588.34,26742.73,45.45,12355.14,1,0.19,0,0,Normal
0.475,HTTP,40465,80,1301,2253.67,6172683.52,2738.95,2932024.67,12,1.91,19,1,Web Attack
0.844,TCP,42592,8443,24,787.29,22387.39,28.44,18894.96,14,1.23,0,0,Normal
0.424,TCP,40227,80,19,753.62,33770.71,44.81,14318.78,1,0.18,0,0,Normal
0.996,TCP,63623,25,35,450.08,15816.06,35.14,15752.8,4,11.44,0,0,Normal
0.837,HTTP,11131,25,27,553.09,17841.61,32.26,14933.43,7,1.8,0,0,Normal
0.01,TCP,11925,8443,19,371.94,141337.2,380.0,7066.86,8,2.51,0,0,Normal
0.55,TCP,5669,3389,1215,62.85,138841.36,2209.09,76362.75,370,0.12,403,1,Port Scan
0.527,TCP,15078,8443,38,863.85,62288.99,72.11,32826.3,13,0.78,0,0,Normal
1.995,TCP,17654,80,81,394.58,16020.54,40.6,31960.98,10,1.35,0,0,Normal
0.557,DNS,64016,8443,25,406.4,18240.57,44.88,10160.0,5,1.3,0,0,Normal
6.47,TCP,64724,22,964,155.08,23106.2,149.0,149497.12,90,1.58,75,1,Brute Force
0.499,UDP,52112,443,47,479.93,45203.83,94.19,22556.71,10,0.6,0,0,Normal
0.204,ICMP,55002,25,28,550.79,75598.63,137.25,15422.12,9,9.96,0,0,Normal
0.315,UDP,42803,22,52,535.74,88439.62,165.08,27858.48,1,1.34,0,0,Normal
4.226,TCP,3407,22,995,214.92,50602.32,235.45,213845.4,147,1.58,44,1,Brute Force
0.209,TCP,7817,80,29130,103.89,14479979.43,139377.99,3026315.7,381,0.02,223,1,DDoS
0.699,TCP,26871,80,17867,69.71,1781843.45,25560.8,1245508.57,101,0.04,41,1,DoS
1.598,UDP,46097,8080,52,200.71,6531.24,32.54,10436.92,7,15.16,0,0,Normal
1.685,TCP,31807,80,10133,64.54,388120.96,6013.65,653983.82,368,0.46,92,1,DoS
0.597,TCP,61990,3000,39,456.61,29828.79,65.33,17807.79,2,3.33,0,0,Normal
0.283,UDP,6942,8443,45,786.7,125093.64,159.01,35401.5,14,0.45,0,0,Normal
1.372,TCP,25285,6667,6133,1405.33,6281988.99,4470.12,8618888.89,54,1.34,10,1,Botnet
0.967,UDP,17819,8080,20,749.98,15511.48,20.68,14999.6,7,1.27,0,0,Normal
1.408,TCP,21327,8080,14784,58.55,614775.0,10500.0,865603.2,311,0.06,85,1,DoS
0.699,HTTP,60308,443,1170,1482.24,2481002.58,1673.82,1734220.8,31,1.02,22,1,Web Attack
1.345,TCP,11532,8080,28032,66.63,1388678.19,20841.64,1867772.16,353,0.03,79,1,DoS
0.26,HTTP,48318,25,24,234.64,21659.08,92.31,5631.36,5,8.48,0,0,Normal
0.785,HTTP,17170,8080,968,1318.01,1625265.83,1233.12,1275833.68,54,1.43,19,1,Web Attack
0.428,DNS,16488,8443,47,341.32,37481.4,109.81,16042.04,6,3.53,0,0,Normal
2.863,TCP,28798,80,27403,84.56,809360.0,9571.43,2317197.68,757,0.35,86,1,DDoS
4.098,HTTP,44251,8080,18,1185.53,5207.31,4.39,21339.54,3,0.24,2,0,Normal
1.015,HTTP,14488,22,23,340.68,7719.84,22.66,7835.64,12,0.5,0,0,Normal
0.619,TCP,49655,80,38,651.73,40009.27,61.39,24765.74,13,1.89,0,0,Normal
1.22,TCP,19837,9001,3828,761.37,2388954.39,3137.7,2914524.36,134,1.64,26,1,Botnet
1.57,TCP,14937,8080,14288,76.15,693013.5,9100.64,1088031.2,120,0.36,89,1,DoS
1.164,UDP,22887,443,48418,69.93,2908823.66,41596.22,3385870.74,475,0.47,99,1,DDoS
0.195,TCP,27713,8080,29956,51.76,7951397.74,153620.51,1550522.56,101,0.16,242,1,DoS
0.263,HTTP,2091,443,19,799.0,57722.43,72.24,15181.0,15,14.73,0,0,Normal
0.213,TCP,61331,53,16,624.6,46918.31,75.12,9993.6,3,1.48,1,0,Normal
2.57,UDP,45470,8080,42,507.54,8294.43,16.34,21316.68,9,1.48,0,0,Normal
0.142,TCP,9899,8443,10,579.75,40827.46,70.42,5797.5,6,0.05,2,0,Normal
0.62,UDP,8427,8080,21,280.02,9484.55,33.87,5880.42,9,1.62,0,0,Normal
0.466,UDP,5441,22,8,410.48,7046.87,17.17,3283.84,7,1.17,0,0,Normal
4.873,TCP,19854,21,1754,152.34,54833.65,359.94,267204.36,139,2.99,85,1,Brute Force
2.008,UDP,26507,3000,20,802.78,7995.82,9.96,16055.6,2,1.39,0,0,Normal
4.245,TCP,40879,22,72,291.88,4950.61,16.96,21015.36,10,1.26,0,0,Normal
2.684,UDP,32486,123,51766,94.7,1826468.03,19286.89,4902240.2,528,0.54,213,1,DDoS
0.651,TCP,64982,8080,10518,57.93,935956.59,16156.68,609307.74,305,0.34,213,1,DoS
0.178,TCP,30742,443,20,285.52,32080.9,112.36,5710.4,12,2.16,0,0,Normal
0.962,TCP,19360,53,56415,64.47,3780743.3,58643.45,3637075.05,217,0.46,333,1,DDoS
2.934,TCP,61531,443,45,1513.18,23208.28,15.34,68093.1,8,2.62,0,0,Normal
0.819,TCP,1213,8080,2862,50.06,174934.95,3494.51,143271.72,445,0.05,172,1,Port Scan
1.506,TCP,64747,443,5291,77.21,271260.37,3513.28,408518.11,178,0.23,241,1,DoS
0.249,UDP,53601,3000,21,385.25,32490.96,84.34,8090.25,3,1.18,0,0,Normal
0.794,DNS,46743,53,44,686.91,38065.54,55.42,30224.04,10,4.09,0,0,Normal
0.285,TCP,56500,8443,4,456.29,6404.07,14.04,1825.16,6,1.25,1,0,Normal
0.314,TCP,48291,80,26726,61.82,5261787.64,85114.65,1652201.32,358,0.2,42,1,DoS
0.814,UDP,57296,443,28,746.28,25670.57,34.4,20895.84,15,5.49,0,0,Normal
4.486,HTTP,50587,9001,3717,679.8,563267.19,828.58,2526816.6,102,1.76,19,1,Botnet
3.417,TCP,38283,80,68,468.78,9328.96,19.9,31877.04,9,1.0,0,0,Normal
0.629,TCP,31401,22,34,847.58,45815.14,54.05,28817.72,11,3.19,0,0,Normal
1.087,TCP,49548,3000,20,252.31,4642.32,18.4,5046.2,3,0.07,0,0,Normal
0.167,TCP,45051,443,27377,51.11,8378673.47,163934.13,1399238.47,292,0.26,71,1,DoS
0.357,TCP,3309,21,1140,48.55,155033.61,3193.28,55347.0,251,0.14,475,1,Port Scan
0.748,HTTP,21060,443,957,2113.78,2704395.0,1279.41,2022887.46,51,0.92,23,1,Web Attack
1.149,TCP,47033,443,6403,55.27,308001.58,5572.67,353893.81,114,0.49,46,1,DoS
0.871,TCP,64033,53,1342,49.4,76113.43,1540.76,66294.8,593,0.03,127,1,Port Scan
1.077,TCP,49543,8080,7690,66.44,474395.17,7140.2,510923.6,368,0.32,36,1,DoS
2.893,TCP,48403,9001,2970,1540.09,1581080.99,1026.62,4574067.3,95,0.42,39,1,Botnet
2.408,TCP,62098,123,20472,149.3,1269298.01,8501.66,3056469.6,364,0.72,175,1,DDoS
0.297,TCP,11601,8080,37,458.32,57097.1,124.58,16957.84,6,3.63,0,0,Normal
1.36,UDP,9764,443,80,357.3,21017.65,58.82,28584.0,13,0.81,0,0,Normal
3.452,UDP,8822,123,57152,126.43,2093200.28,16556.2,7225727.36,689,0.4,438,1,DDoS
1.523,HTTP,3862,443,86,558.7,31548.39,56.47,48048.2,12,0.98,0,0,Normal
0.819,TCP,56476,3000,28,400.04,13676.58,34.19,11201.12,12,5.72,0,0,Normal
0.987,TCP,46388,80,14,451.1,6398.58,14.18,6315.4,5,0.43,0,0,Normal
3.031,TCP,61820,443,36766,100.39,1217729.71,12129.99,3690938.74,674,0.28,335,1,DDoS
1.11,UDP,8294,25,44,76.4,3028.47,39.64,3361.6,10,0.87,0,0,Normal
0.206,UDP,60981,53,45,384.14,83914.08,218.45,17286.3,4,2.04,0,0,Normal
0.393,HTTP,33027,8080,431,2107.56,2311344.43,1096.69,908358.36,78,1.24,2,1,Web Attack
2.729,HTTP,51213,53,39,636.61,9097.76,14.29,24827.79,3,0.22,0,0,Normal
1.491,TCP,64996,8080,27256,70.63,1291141.03,18280.35,1925091.28,196,0.5,243,1,DoS
0.24,UDP,2943,22,36,647.89,97183.5,150.0,23324.04,1,1.94,0,0,Normal
4.778,TCP,30571,3306,4954,194.06,201208.3,1036.84,961373.24,93,0.84,70,1,Brute Force
1.452,TCP,7874,8080,38,533.25,13955.58,26.17,20263.5,4,1.28,0,0,Normal
0.126,HTTP,10835,53,39,448.37,138781.19,309.52,17486.43,8,1.13,0,0,Normal
2.816,UDP,38298,443,57198,153.36,3115016.08,20311.79,8771885.28,350,0.63,249,1,DDoS
3.936,UDP,23450,22,28,685.72,4878.09,7.11,19200.16,3,1.83,0,0,Normal
3.246,TCP,10433,25,17,1013.52,5308.02,5.24,17229.84,7,3.85,0,0,Normal
1.703,HTTP,43907,22,26,627.26,9576.49,15.27,16308.76,4,0.05,0,0,Normal
0.195,TCP,58929,22,22,827.91,93405.23,112.82,18214.02,3,3.14,1,0,Normal
7.861,TCP,57204,21,3077,144.1,56404.49,391.43,443395.7,80,1.0,74,1,Brute Force
1.966,UDP,60770,80,56071,203.49,5803605.18,28520.35,11409887.79,790,0.02,292,1,DDoS
0.672,UDP,47757,8443,21,715.91,22372.19,31.25,15034.11,7,4.15,0,0,Normal
2.508,UDP,8693,443,6420,583.47,1493571.53,2559.81,3745877.4,122,0.78,31,1,Botnet
0.625,ICMP,2431,25,24,704.76,27062.78,38.4,16914.24,4,4.1,0,0,Normal
0.618,HTTP,65464,22,83,491.53,66014.55,134.3,40796.99,2,0.79,0,0,Normal
0.41,UDP,49798,3000,38,63.37,5873.32,92.68,2408.06,5,1.2,0,0,Normal
1.012,TCP,57444,123,41190,65.69,2673686.86,40701.58,2705771.1,441,0.34,287,1,DDoS
1.687,TCP,65134,25,70,358.47,14874.27,41.49,25092.9,13,0.51,0,0,Normal
3.031,UDP,29862,8443,35,774.11,8938.91,11.55,27093.85,13,4.0,0,0,Normal
2.923,TCP,14603,25,28,123.61,1184.08,9.58,3461.08,12,7.45,0,0,Normal
1.646,TCP,54162,123,36168,88.37,1941777.74,21973.27,3196166.16,731,0.48,337,1,DDoS
2.54,UDP,52228,3000,27,677.85,7205.49,10.63,18301.95,1,10.5,0,0,Normal
1.168,TCP,46220,8080,7238,52.04,322487.6,6196.92,376665.52,294,0.36,175,1,DoS
3.272,TCP,11599,53,62,40.0,757.95,18.95,2480.0,14,2.08,0,0,Normal
0.076,TCP,30245,80,36,556.35,263534.21,473.68,20028.6,15,0.12,0,0,Normal
0.048,UDP,56125,22,14,631.75,176890.0,280.0,8844.5,15,2.09,0,0,Normal
0.077,UDP,9913,80,36,366.36,171285.19,467.53,13188.96,3,5.26,0,0,Normal
0.078,DNS,32362,53,53,333.22,226418.72,679.49,17660.66,8,0.27,0,0,Normal
0.939,UDP,23386,80,68,285.4,20667.94,72.42,19407.2,14,5.98,0,0,Normal
3.502,TCP,24641,22,25,755.24,5391.49,7.14,18881.0,5,0.47,0,0,Normal
4.125,UDP,2218,8080,57,360.8,4985.6,13.82,20565.6,5,1.2,0,0,Normal
1.453,HTTP,7440,80,38,594.05,15536.06,26.15,22573.9,11,1.18,2,0,Normal
0.014,TCP,36709,3000,22,801.15,352506.0,440.0,17625.3,6,2.22,0,0,Normal
1.759,TCP,61200,80,4762,865.55,2343234.28,2707.22,4121749.1,68,1.81,27,1,Botnet
1.999,TCP,46044,53,70,409.25,14330.92,35.02,28647.5,4,5.31,0,0,Normal
3.463,HTTP,19265,25,21,359.59,2180.59,6.06,7551.39,15,6.33,0,0,Normal
1.143,TCP,39543,80,5673,802.66,3983805.93,4963.25,4553490.18,198,1.69,21,1,Botnet
0.325,TCP,50750,8080,2174,51.91,347237.97,6689.23,112852.34,583,0.08,180,1,Port Scan
2.103,TCP,54786,3389,3039,167.34,241819.43,1445.08,508546.26,58,1.93,81,1,Brute Force
0.879,DNS,39485,8080,88,578.79,57944.85,100.11,50933.52,14,4.07,0,0,Normal
0.49,HTTP,1723,22,21,170.22,7295.14,42.86,3574.62,8,1.77,0,0,Normal
0.684,TCP,30488,22,49,771.45,55264.69,71.64,37801.05,3,1.46,0,0,Normal
1.517,TCP,57648,8080,28190,62.63,1163836.32,18582.73,1765539.7,84,0.15,32,1,DoS
0.894,TCP,16082,3000,47,532.97,28019.68,52.57,25049.59,13,1.62,0,0,Normal
2.705,UDP,58845,443,41799,81.0,1251652.13,15452.5,3385719.0,394,0.49,350,1,DDoS
1.344,TCP,20302,3000,31,364.5,8407.37,23.07,11299.5,13,2.52,0,0,Normal
0.246,HTTP,10145,22,16,658.27,42814.31,65.04,10532.32,5,1.0,0,0,Normal
0.204,TCP,24767,3000,54,633.59,167715.0,264.71,34213.86,10,0.46,0,0,Normal
1.398,TCP,25199,80,2880,1410.98,2906739.91,2060.09,4063622.4,80,1.21,14,1,Botnet
0.656,HTTP,51783,3000,42,683.9,43786.28,64.02,28723.8,2,2.43,0,0,Normal
2.408,UDP,5962,53,37178,72.97,1126610.74,15439.37,2712878.66,441,0.66,363,1,DDoS
0.395,TCP,34719,22,34,515.68,44387.65,86.08,17533.12,5,7.05,0,0,Normal
1.319,TCP,32955,25,21,704.35,11214.06,15.92,14791.35,10,0.16,0,0,Normal
0.393,TCP,14055,123,33837,105.9,9117909.16,86099.24,3583338.3,483,0.47,414,1,DDoS
0.085,TCP,40502,53,35,682.42,280996.47,411.76,23884.7,13,1.42,0,0,Normal
6.789,TCP,5407,3306,4893,153.08,110328.54,720.72,749020.44,79,3.46,75,1,Brute Force
0.461,UDP,6816,80,18764,51.13,2081135.18,40702.82,959403.32,277,0.31,69,1,DoS
1.778,TCP,1767,53,51,270.43,7756.99,28.68,13791.93,8,6.62,1,0,Normal
0.187,UDP,22884,3000,20,618.25,66122.99,106.95,12365.0,7,2.2,0,0,Normal
0.582,UDP,65472,22,53,735.35,66964.86,91.07,38973.55,11,0.06,0,0,Normal
0.27,TCP,61164,22,37,379.04,51942.52,137.04,14024.48,13,7.73,0,0,Normal
0.157,HTTP,18738,25,51,402.97,130901.08,324.84,20551.47,10,4.55,0,0,Normal
0.082,UDP,25650,443,27,232.63,76597.68,329.27,6281.01,1,1.18,0,0,Normal
0.104,ICMP,53076,443,32945,51.52,16320446.15,316778.85,1697326.4,247,0.28,83,1,DoS
1.128,TCP,26519,8080,13141,58.72,684077.59,11649.82,771639.52,248,0.28,75,1,DoS
0.498,HTTP,24851,8080,32,406.62,26128.19,64.26,13011.84,5,3.69,0,0,Normal
4.143,HTTP,15466,22,39,587.72,5532.48,9.41,22921.08,13,0.9,0,0,Normal
0.942,HTTP,39664,25,33,619.15,21689.97,35.03,20431.95,3,2.36,0,0,Normal
0.397,TCP,59932,3000,36,469.0,42528.97,90.68,16884.0,2,0.57,0,0,Normal
1.73,UDP,18737,8443,52,247.16,7429.09,30.06,12852.32,6,1.68,0,0,Normal
0.349,HTTP,9091,53,17,674.16,32838.74,48.71,11460.72,15,1.0,0,0,Normal
0.213,UDP,58640,3000,15,443.36,31222.54,70.42,6650.4,9,1.34,0,0,Normal
1.723,TCP,34438,80,27532,70.76,1130681.56,15979.11,1948164.32,114,0.39,152,1,DoS
0.666,TCP,52358,80,51,903.84,69212.97,76.58,46095.84,15,1.75,0,0,Normal
1.444,TCP,20268,123,18914,185.38,2428169.89,13098.34,3506277.32,310,0.29,247,1,DDoS
0.448,TCP,63367,3000,4,623.32,5565.36,8.93,2493.28,8,2.56,0,0,Normal
1.419,UDP,33551,53,94,353.42,23411.9,66.24,33221.48,14,2.83,0,0,Normal
0.081,TCP,54687,53,31,580.39,222124.57,382.72,17992.09,15,4.99,0,0,Normal
0.077,HTTP,40658,25,52,476.62,321873.25,675.32,24784.24,13,4.1,0,0,Normal
0.462,UDP,13534,443,38,967.2,79553.25,82.25,36753.6,13,1.25,0,0,Normal
0.365,TCP,23922,22,23,534.72,33694.68,63.01,12298.56,15,2.15,0,0,Normal
0.492,TCP,43084,1433,2350,49.0,234044.72,4776.42,115150.0,483,0.11,486,1,Port Scan
1.829,UDP,48430,80,6306,57.93,199730.22,3447.79,365306.58,122,0.39,222,1,DoS
1.653,TCP,40812,443,57,587.11,20245.17,34.48,33465.27,2,2.94,0,0,Normal
0.064,DNS,37695,80,13,235.5,47835.94,203.12,3061.5,10,5.13,0,0,Normal
2.391,TCP,53951,443,18191,105.21,800449.65,7608.11,1913875.11,215,0.27,266,1,DDoS
1.245,DNS,21563,80,30,648.95,15637.35,24.1,19468.5,1,3.63,0,0,Normal
3.208,UDP,11999,53,15449,209.26,1007748.67,4815.77,3232857.74,879,0.55,92,1,DDoS
0.526,UDP,8130,53,68,997.92,129008.67,129.28,67858.56,9,2.56,0,0,Normal
0.509,TCP,3739,3389,782,41.03,63036.27,1536.35,32085.46,538,0.12,166,1,Port Scan
0.152,HTTP,21517,8443,37,241.63,58817.83,243.42,8940.31,12,2.43,0,0,Normal
4.4,TCP,24986,25,56,882.6,11233.09,12.73,49425.6,11,0.34,0,0,Normal
0.726,TCP,10879,8080,9107,85.78,1076030.94,12544.08,781198.46,276,0.37,247,1,DoS
2.858,UDP,48073,8080,24,176.24,1479.97,8.4,4229.76,4,0.65,0,0,Normal
0.479,UDP,18901,22,27,618.06,34838.46,56.37,16687.62,10,0.64,2,0,Normal
0.267,TCP,61193,53,54,580.56,117416.63,202.25,31350.24,4,0.71,0,0,Normal
0.306,UDP,50463,80,27,470.57,41520.88,88.24,12705.39,3,3.8,0,0,Normal
0.823,TCP,51084,53,79,324.66,31164.2,95.99,25648.14,15,8.14,0,0,Normal
1.037,TCP,40161,8080,9957,60.92,584937.74,9601.74,606580.44,86,0.21,92,1,DoS
3.933,HTTP,41253,9001,5493,1370.91,1914672.93,1396.64,7530408.63,169,2.42,27,1,Botnet
0.708,UDP,40448,8080,19205,73.36,1989941.81,27125.71,1408878.8,368,0.11,121,1,DoS
1.803,TCP,30679,443,22564,61.9,774659.79,12514.7,1396711.6,340,0.47,108,1,DoS
1.034,HTTP,35086,8443,60,432.22,25080.46,58.03,25933.2,12,1.62,0,0,Normal
1.515,TCP,25135,8080,26833,108.79,1926839.65,17711.55,2919162.07,257,0.21,64,1,DoS
1.322,UDP,16012,443,24,375.68,6820.21,18.15,9016.32,8,5.6,0,0,Normal
1.372,TCP,55398,80,17090,119.33,1486406.49,12456.27,2039349.7,800,0.09,207,1,DDoS
1.399,TCP,51672,80,28934,69.57,1438840.87,20681.92,2012938.38,217,0.31,239,1,DoS
2.516,TCP,40937,80,12,210.77,1005.26,4.77,2529.24,12,0.27,0,0,Normal
0.021,TCP,45490,8443,21,1102.85,463197.0,420.0,23159.85,7,5.74,0,0,Normal
0.529,TCP,18489,8443,8,525.2,7942.53,15.12,4201.6,2,0.75,0,0,Normal
1.112,UDP,3192,8080,6,721.04,3890.5,5.4,4326.24,2,0.23,1,0,Normal
0.844,TCP,28672,80,23,652.99,17794.75,27.25,15018.77,2,3.29,0,0,Normal
0.415,HTTP,64567,8080,29,253.11,17687.2,69.88,7340.19,11,0.08,0,0,Normal
0.945,ICMP,47694,25,36,536.07,20421.71,38.1,19298.52,7,3.2,1,0,Normal
1.751,TCP,10572,443,31060,48.16,854283.04,17738.44,1495849.6,257,0.04,134,1,DoS
1.025,TCP,19161,443,31,601.2,18182.63,30.24,18637.2,6,1.15,0,0,Normal
0.846,UDP,19320,443,19990,83.25,1967101.06,23628.84,1664167.5,213,0.36,185,1,DoS
1.041,TCP,17796,22,86,1021.65,84401.44,82.61,87861.9,14,2.82,0,0,Normal
0.89,TCP,9889,1433,1036,65.38,76105.26,1164.04,67733.68,229,0.02,130,1,Port Scan
0.487,TCP,48484,8080,44,592.55,53536.34,90.35,26072.2,15,2.5,0,0,Normal
2.864,TCP,37704,21,3211,178.11,199689.67,1121.16,571911.21,133,3.78,55,1,Brute Force
2.588,TCP,62135,80,42352,186.8,3056937.25,16364.76,7911353.6,469,0.41,91,1,DDoS
2.952,TCP,4985,21,2650,187.78,168569.44,897.7,497617.0,104,1.75,61,1,Brute Force
3.276,TCP,51382,123,54459,183.07,3043287.28,16623.63,9969809.13,577,0.08,296,1,DDoS
1.067,TCP,65257,3000,10,418.83,3925.3,9.37,4188.3,8,1.39,0,0,Normal
2.811,UDP,54414,53,28744,92.56,946476.21,10225.54,2660544.64,312,0.74,315,1,DDoS
0.876,TCP,17817,25,50,746.83,42627.28,57.08,37341.5,2,8.64,0,0,Normal
2.194,TCP,1884,22,33,568.55,8551.57,15.04,18762.15,8,1.65,0,0,Normal
0.421,HTTP,63296,8443,16,56.33,2140.81,38.0,901.28,4,3.43,0,0,Normal
4.203,HTTP,15939,22,38,553.15,5001.12,9.04,21019.7,1,2.02,0,0,Normal
0.238,TCP,40371,25,47,1002.58,197988.49,197.48,47121.26,11,0.31,1,0,Normal
0.398,HTTP,38978,8443,51,477.36,61169.25,128.14,24345.36,5,5.58,0,0,Normal
0.9,UDP,36799,53,118,699.52,91714.84,131.11,82543.36,6,8.36,0,0,Normal
0.307,TCP,48480,22,22,1080.21,77409.19,71.66,23764.62,3,2.25,0,0,Normal
1.934,TCP,36038,80,12,269.83,1674.23,6.2,3237.96,10,0.98,0,0,Normal
0.516,TCP,16703,80,39,736.77,55686.1,75.58,28734.03,3,2.17,0,0,Normal
3.183,TCP,63362,8443,20,592.43,3722.46,6.28,11848.6,5,0.5,0,0,Normal
0.154,TCP,63861,443,77,342.34,171170.0,500.0,26360.18,6,3.28,0,0,Normal
1.065,TCP,17831,80,17209,62.14,1004100.71,16158.69,1069367.26,380,0.3,134,1,DoS
0.356,TCP,54244,8080,2467,2008.97,13921710.65,6929.78,4956128.99,18,1.48,13,1,Web Attack
0.248,TCP,46900,25,66,196.18,52209.19,266.13,12947.88,14,0.86,0,0,Normal
1.28,UDP,27654,3000,43,483.45,16240.9,33.59,20788.35,14,2.65,0,0,Normal
0.849,TCP,60333,1433,2408,53.1,150606.36,2836.28,127864.8,351,0.14,289,1,Port Scan
0.631,TCP,22639,8443,26,1063.45,43818.86,41.2,27649.7,10,1.49,0,0,Normal
1.425,TCP,19025,80,23,474.38,7656.66,16.14,10910.74,6,0.16,0,0,Normal
0.924,TCP,8077,8443,32,595.75,20632.03,34.63,19064.0,7,1.9,0,0,Normal
1.282,TCP,27537,3000,70,611.31,33378.86,54.6,42791.7,3,2.25,0,0,Normal
3.322,TCP,12928,123,37836,111.38,1268565.23,11389.52,4214173.68,323,0.58,410,1,DDoS
0.911,HTTP,31751,3000,87,508.94,48603.49,95.5,44277.78,9,0.54,0,0,Normal
0.808,TCP,48018,143,3791,46.84,219765.4,4691.83,177570.44,273,0.07,146,1,Port Scan
1.273,HTTP,18263,80,30,840.55,19808.72,23.57,25216.5,1,0.6,0,0,Normal
1.464,HTTP,24745,22,16,264.21,2887.54,10.93,4227.36,8,2.9,0,0,Normal
0.118,TCP,9920,3000,70,55.2,32745.76,593.22,3864.0,3,3.63,0,0,Normal
2.803,TCP,61253,80,51,741.12,13484.52,18.19,37797.12,12,4.34,0,0,Normal
1.42,UDP,26094,22,61,877.64,37701.44,42.96,53536.04,8,7.53,0,0,Normal
0.408,TCP,38675,21,883,51.94,112409.36,2164.22,45863.02,525,0.06,125,1,Port Scan
1.507,UDP,60906,25,17,666.8,7521.96,11.28,11335.6,7,0.31,0,0,Normal
1.972,TCP,42014,443,6,357.2,1086.82,3.04,2143.2,12,0.65,0,0,Normal
2.515,HTTP,28192,80,44,414.68,7254.84,17.5,18245.92,1,0.99,0,0,Normal
0.248,UDP,58184,3000,50,601.77,121324.6,201.61,30088.5,7,0.27,0,0,Normal
0.136,UDP,11164,3000,11,660.12,53392.06,80.88,7261.32,4,1.65,0,0,Normal
0.029,HTTP,48539,443,37,610.99,452132.6,740.0,22606.63,1,1.53,0,0,Normal
0.691,HTTP,63807,80,13,642.55,12088.49,18.81,8353.15,14,0.73,0,0,Normal
0.86,TCP,3372,443,31,887.75,32000.29,36.05,27520.25,13,0.43,0,0,Normal
2.291,TCP,54891,21,1065,143.82,66856.53,464.86,153168.3,147,3.61,46,1,Brute Force
1.333,HTTP,29556,443,7,433.42,2276.02,5.25,3033.94,2,4.56,0,0,Normal
7.0,TCP,43443,23,4423,189.31,119616.88,631.86,837318.13,81,2.32,29,1,Brute Force
1.335,UDP,2267,80,28061,39.61,832581.43,21019.48,1111496.21,258,0.44,216,1,DDoS
0.867,TCP,30323,8080,27,561.92,17499.24,31.14,15171.84,7,3.12,0,0,Normal
0.249,UDP,64823,25,23,412.82,38131.97,92.37,9494.86,10,3.44,0,0,Normal
0.889,TCP,58767,53,2748,36.73,113536.6,3091.11,100934.04,156,0.13,118,1,Port Scan
2.983,UDP,31416,53,81,452.32,12282.24,27.15,36637.92,14,1.69,0,0,Normal
0.327,TCP,38357,3000,37,837.94,94812.78,113.15,31003.78,12,2.44,0,0,Normal
6.483,TCP,62690,23,1741,150.24,40346.73,268.55,261567.84,134,2.76,39,1,Brute Force
0.221,HTTP,38138,8443,48,653.45,141925.79,217.19,31365.6,2,0.25,0,0,Normal
1.597,TCP,22864,443,8795,42.13,232018.38,5507.2,370533.35,106,0.31,65,1,DoS
0.048,HTTP,21503,80,21,1043.6,438312.0,420.0,21915.6,15,0.71,0,0,Normal
0.815,HTTP,13344,443,2304,2924.15,8266554.11,2826.99,6737241.6,45,0.36,14,1,Web Attack
2.421,UDP,4067,80,19,362.41,2844.19,7.85,6885.79,11,5.65,0,0,Normal
0.599,ICMP,63202,443,43,717.23,51487.3,71.79,30840.89,6,2.54,0,0,Normal
3.04,TCP,63852,80,57100,145.01,2723707.57,18782.89,8280071.0,738,0.35,191,1,DDoS
0.134,TCP,53207,8443,19,839.33,119009.48,141.79,15947.27,8,2.64,0,0,Normal
1.386,TCP,37223,443,26382,76.96,1464905.28,19034.63,2030358.72,139,0.49,248,1,DoS
1.09,TCP,57783,53,41,40.0,1504.59,37.61,1640.0,4,13.58,0,0,Normal
1.955,TCP,44912,8080,12261,56.77,356039.37,6271.61,696056.97,176,0.17,226,1,DoS
0.365,DNS,40450,8443,50,307.74,42156.16,136.99,15387.0,2,1.52,0,0,Normal
0.01,TCP,30542,8443,42,611.35,513534.0,840.0,25676.7,4,0.25,1,0,Normal
1.061,UDP,50236,123,56056,119.74,6326244.52,52833.18,6712145.44,350,0.59,137,1,DDoS
1.064,TCP,16762,8080,31,838.38,24426.48,29.14,25989.78,13,2.76,0,0,Normal
0.353,UDP,51821,25,18,40.0,2039.66,50.99,720.0,8,7.38,0,0,Normal
0.317,TCP,42356,8443,27,520.59,44340.47,85.17,14055.93,2,1.4,0,0,Normal
4.777,HTTP,50374,8443,52,558.43,6078.79,10.89,29038.36,11,16.91,0,0,Normal
2.662,TCP,15921,8443,40,342.17,5141.55,15.03,13686.8,15,1.21,0,0,Normal
1.323,UDP,31210,8080,48,370.21,13431.66,36.28,17770.08,3,1.28,0,0,Normal
1.31,HTTP,55236,8080,806,600.55,369498.7,615.27,484043.3,65,1.41,7,1,Web Attack
0.847,UDP,28725,8443,42,590.46,29279.01,49.59,24799.32,13,1.15,0,0,Normal
3.986,HTTP,59585,8443,31,560.76,4361.15,7.78,17383.56,10,5.2,0,0,Normal
1.793,ICMP,58031,80,7,845.89,3302.41,3.9,5921.23,3,2.07,0,0,Normal
0.247,TCP,13413,110,1896,51.9,398390.28,7676.11,98402.4,508,0.04,186,1,Port Scan
1.869,DNS,47006,443,46,486.26,11967.88,24.61,22367.96,2,0.99,0,0,Normal
0.722,TCP,22811,80,54621,114.69,8676568.55,75652.35,6264482.49,369,0.2,264,1,DDoS
0.05,TCP,21596,1433,2267,48.26,2188108.4,45340.0,109405.42,157,0.04,102,1,Port Scan
0.859,TCP,10950,22,765,64.89,57789.12,890.57,49640.85,195,0.11,296,1,Port Scan
1.306,TCP,10053,443,66,272.35,13763.48,50.54,17975.1,14,3.33,0,0,Normal
0.22,TCP,2416,443,7243,56.8,1870010.91,32922.73,411402.4,201,0.39,156,1,DoS
0.78,TCP,12661,80,31435,77.51,3123752.37,40301.28,2436526.85,148,0.15,104,1,DoS
0.916,TCP,31251,53,29,792.53,25091.02,31.66,22983.37,5,0.18,0,0,Normal
0.215,TCP,27977,3000,17,629.09,49742.0,79.07,10694.53,1,0.33,0,0,Normal
2.487,UDP,24749,53,36079,115.04,1668889.49,14507.04,4150528.16,248,0.09,96,1,DDoS
0.561,TCP,35304,25,46,647.2,53068.09,82.0,29771.2,4,1.62,0,0,Normal
2.246,HTTP,50033,8080,27,433.77,5214.51,12.02,11711.79,15,0.95,0,0,Normal
0.428,TCP,4775,8080,50,157.65,18417.06,116.82,7882.5,14,0.35,0,0,Normal
4.981,UDP,53637,8080,43,677.13,5845.53,8.63,29116.59,9,1.92,0,0,Normal
0.611,DNS,46035,3000,58,1159.94,110108.87,94.93,67276.52,2,3.62,0,0,Normal
2.574,UDP,4196,80,16,705.68,4386.51,6.22,11290.88,2,5.43,0,0,Normal
1.574,TCP,48287,3000,55,729.46,25489.39,34.94,40120.3,1,1.39,0,0,Normal
0.37,TCP,50582,8443,39,66.06,6963.08,105.41,2576.34,6,5.4,0,0,Normal
1.252,HTTP,16932,3000,24,631.18,12099.3,19.17,15148.32,4,0.9,0,0,Normal
0.229,TCP,34479,443,17,878.27,65199.08,74.24,14930.59,9,2.56,0,0,Normal
3.724,TCP,49298,8080,9,603.32,1458.08,2.42,5429.88,13,1.74,0,0,Normal
0.038,TCP,52754,25,31,508.73,315412.6,620.0,15770.63,3,2.95,0,0,Normal
0.569,UDP,57878,8080,61,255.11,27349.23,107.21,15561.71,2,2.15,1,0,Normal
0.172,DNS,32448,25,12,584.15,40754.65,69.77,7009.8,12,2.23,0,0,Normal
0.784,TCP,21759,8080,1776,39.78,90113.88,2265.31,70649.28,496,0.07,150,1,Port Scan
0.953,UDP,58012,53,18151,130.38,2483239.64,19046.17,2366527.38,765,0.59,408,1,DDoS
0.155,HTTP,63918,25,53,1242.09,424714.65,341.94,65830.77,2,2.11,0,0,Normal
0.333,TCP,29516,53,62,737.98,137401.68,186.19,45754.76,8,3.26,0,0,Normal
0.275,UDP,12849,443,41548,127.13,19207262.69,151083.64,5281997.24,844,0.62,258,1,DDoS
1.215,TCP,34587,23,3260,215.28,577623.7,2683.13,701812.8,76,1.5,71,1,Brute Force
1.483,TCP,8612,8443,64,814.34,35143.47,43.16,52117.76,8,5.29,0,0,Normal
3.41,UDP,42905,80,18802,126.07,695122.62,5513.78,2370368.14,703,0.58,381,1,DDoS
0.445,TCP,48155,25,9,680.15,13755.84,20.22,6121.35,11,2.79,0,0,Normal
2.722,HTTP,27151,8080,1584,2002.54,1165328.2,581.93,3172023.36,78,0.35,19,1,Web Attack
1.08,TCP,17735,22,37,384.5,13172.69,34.26,14226.5,6,0.53,0,0,Normal
4.268,ICMP,37077,80,13,498.94,1519.73,3.05,6486.22,11,0.84,0,0,Normal
0.608,TCP,9953,110,1866,40.97,125740.16,3069.08,76450.02,187,0.11,299,1,Port Scan
0.105,HTTP,30649,53,37,610.31,215061.62,352.38,22581.47,15,8.54,0,0,Normal
0.536,DNS,17050,80,27,110.78,5580.34,50.37,2991.06,13,6.49,0,0,Normal
0.342,DNS,5264,8080,56,744.23,121862.22,163.74,41676.88,4,1.8,0,0,Normal
0.277,HTTP,43516,443,27,580.62,56594.73,97.47,15676.74,3,2.01,0,0,Normal
0.691,TCP,43767,123,38958,146.12,8238122.95,56379.16,5692542.96,546,0.46,154,1,DDoS
0.271,TCP,36266,80,42,600.88,93125.31,154.98,25236.96,14,3.63,0,0,Normal
1.665,TCP,7636,80,7,770.14,3237.83,4.2,5390.98,9,2.2,0,0,Normal
0.077,HTTP,3587,8080,20,695.84,180737.66,259.74,13916.8,11,0.24,0,0,Normal
0.134,UDP,40679,53,58,676.36,292752.84,432.84,39228.88,11,3.74,0,0,Normal
1.395,UDP,10699,8080,32353,62.06,1439302.64,23192.11,2007827.18,333,0.2,202,1,DoS
0.745,HTTP,10319,80,60,237.45,19123.49,80.54,14247.0,11,1.12,0,0,Normal
0.887,TCP,7018,22,2398,41.45,112059.86,2703.49,99397.1,444,0.1,290,1,Port Scan
1.449,UDP,9100,80,57,489.23,19245.07,39.34,27886.11,1,2.94,0,0,Normal
0.411,TCP,47585,53,1442,50.22,176197.66,3508.52,72417.24,239,0.09,237,1,Port Scan
0.629,TCP,26361,445,2947,50.42,236228.52,4685.21,148587.74,555,0.15,217,1,Port Scan
0.289,TCP,18227,443,19,356.84,23460.07,65.74,6779.96,12,0.97,0,0,Normal
4.66,UDP,37887,8443,50,451.66,4846.14,10.73,22583.0,7,0.05,0,0,Normal
2.255,UDP,25664,80,21620,165.66,1588279.02,9587.58,3581569.2,394,0.44,191,1,DDoS
2.464,TCP,61992,23,3558,101.35,146348.74,1443.99,360603.3,48,1.91,106,1,Brute Force
0.241,TCP,61287,3389,688,52.94,151131.62,2854.77,36422.72,496,0.06,346,1,Port Scan
1.554,UDP,54796,53,46,641.44,18987.28,29.6,29506.24,7,1.23,0,0,Normal
1.708,UDP,16816,22,52,1048.92,31934.33,30.44,54543.84,10,1.15,0,0,Normal
7.186,TCP,5145,22,4020,214.76,120141.27,559.42,863335.2,148,3.16,72,1,Brute Force
0.474,ICMP,1095,22,17,359.7,12900.63,35.86,6114.9,8,0.74,0,0,Normal
2.901,UDP,12248,443,34,722.52,8468.0,11.72,24565.68,5,3.77,0,0,Normal
0.096,HTTP,37075,80,44,863.94,395972.5,458.33,38013.36,8,0.17,0,0,Normal
0.57,TCP,13818,443,2156,50.32,190333.19,3782.46,108489.92,305,0.07,190,1,Port Scan
0.327,UDP,45854,8443,63,611.2,117754.13,192.66,38505.6,10,3.09,0,0,Normal
1.075,ICMP,20722,443,12493,88.36,1026866.49,11621.4,1103881.48,287,0.5,43,1,DoS
0.797,ICMP,14726,80,22,585.4,16159.1,27.6,12878.8,4,1.09,2,0,Normal
0.58,DNS,18271,53,31,654.33,34972.81,53.45,20284.23,4,1.91,0,0,Normal
1.775,DNS,2511,25,104,417.76,24477.21,58.59,43447.04,7,5.61,1,0,Normal
1.577,UDP,61497,80,27091,66.25,1138096.86,17178.82,1794778.75,231,0.48,125,1,DoS
1.527,TCP,37449,6667,2815,455.36,839448.85,1843.48,1281838.4,168,0.78,29,1,Botnet
2.622,TCP,33654,3000,59,529.73,11919.94,22.5,31254.07,9,2.8,0,0,Normal
0.384,TCP,63516,80,27373,47.79,3406655.39,71283.85,1308155.67,179,0.1,137,1,DoS
1.609,TCP,14009,443,62,369.01,14219.15,38.53,22878.62,15,1.66,0,0,Normal
0.773,TCP,5668,443,54,156.59,10939.02,69.86,8455.86,3,9.45,0,0,Normal
1.424,ICMP,51219,3000,43,208.22,6287.54,30.2,8953.46,9,2.71,0,0,Normal
0.965,TCP,35806,80,21612,59.12,1324042.94,22395.85,1277701.44,100,0.07,86,1,DoS
3.749,HTTP,53099,8080,35,176.64,1649.08,9.34,6182.4,1,2.03,0,0,Normal
1.21,TCP,56685,53,34,1051.11,29535.32,28.1,35737.74,5,0.27,0,0,Normal
0.623,TCP,40779,443,47,577.63,43577.22,75.44,27148.61,14,0.22,0,0,Normal
5.268,HTTP,3537,8443,21,40.0,159.45,3.99,840.0,2,0.5,1,0,Normal
1.131,TCP,9528,443,39222,122.55,4249916.98,34679.05,4806656.1,726,0.15,349,1,DDoS
0.171,TCP,36232,53,2858,48.6,812273.68,16713.45,138898.8,244,0.06,398,1,Port Scan
0.316,UDP,35360,443,29872,57.07,5394921.01,94531.65,1704795.04,244,0.36,35,1,DoS
1.515,TCP,14650,80,13116,66.94,579528.08,8657.43,877985.04,290,0.32,184,1,DoS
1.049,TCP,10439,8080,22,567.51,11902.02,20.97,12485.22,14,0.16,0,0,Normal
0.645,UDP,27682,443,33,1058.88,54175.26,51.16,34943.04,6,0.14,0,0,Normal
1.841,HTTP,32411,8088,6586,841.41,3010063.15,3577.4,5541526.26,117,1.04,38,1,Botnet
0.735,HTTP,48711,443,32,749.11,32614.31,43.54,23971.52,2,5.27,0,0,Normal
0.301,UDP,19001,80,65,574.69,124102.49,215.95,37354.85,1,0.49,0,0,Normal
0.315,TCP,38580,25,38,967.99,116773.4,120.63,36783.62,10,3.79,0,0,Normal
1.258,TCP,59273,3000,36,442.96,12676.12,28.62,15946.56,1,7.14,0,0,Normal
1.729,TCP,62951,443,6138,61.19,217226.27,3550.03,375584.22,89,0.46,188,1,DoS
2.342,UDP,37847,22,29,697.16,8632.64,12.38,20217.64,12,3.18,0,0,Normal
0.029,UDP,52562,80,24,742.86,356572.8,480.0,17828.64,7,0.89,0,0,Normal
4.131,TCP,25858,443,12,461.22,1339.78,2.9,5534.64,13,1.49,0,0,Normal
4.61,TCP,3975,21,4699,136.01,138635.79,1019.31,639110.99,70,2.65,57,1,Brute Force
0.809,TCP,47659,25,24,428.66,12716.74,29.67,10287.84,15,3.17,0,0,Normal
0.94,UDP,14266,25,31,616.47,20330.39,32.98,19110.57,15,5.1,0,0,Normal
1.521,TCP,5479,8080,842,2406.78,1332352.9,553.58,2026508.76,70,0.78,9,1,Web Attack
1.68,UDP,4596,8080,33,820.84,16123.64,19.64,27087.72,1,2.41,0,0,Normal
0.266,UDP,28773,3000,27,537.79,54587.71,101.5,14520.33,12,1.74,1,0,Normal
2.542,HTTP,28669,8443,23,505.12,4570.32,9.05,11617.76,12,5.15,0,0,Normal
1.359,HTTP,49207,443,2079,1263.95,1933592.38,1529.8,2627752.05,66,0.96,25,1,Web Attack
0.138,TCP,15849,25,32,735.84,170629.57,231.88,23546.88,3,1.74,0,0,Normal
0.788,UDP,13360,8080,24,647.95,19734.52,30.46,15550.8,10,0.61,0,0,Normal
0.608,TCP,51628,25,20,384.3,12641.45,32.89,7686.0,13,0.78,0,0,Normal
2.341,UDP,64238,53,58418,135.53,3382055.34,24954.29,7917391.54,877,0.26,340,1,DDoS
1.288,TCP,52062,443,7329,806.45,4588875.82,5690.22,5910472.05,92,1.21,34,1,Botnet
0.028,HTTP,1497,80,10,826.93,165386.0,200.0,8269.3,2,11.1,0,0,Normal
1.821,TCP,29844,443,22,534.34,6455.51,12.08,11755.48,8,0.15,0,0,Normal
0.107,TCP,4278,3000,62,503.78,291909.91,579.44,31234.36,8,0.86,0,0,Normal
1.139,TCP,21604,8443,37,671.85,21824.8,32.48,24858.45,2,1.09,0,0,Normal
2.954,UDP,58228,22,19,969.91,6238.42,6.43,18428.29,11,0.5,0,0,Normal
3.38,TCP,8081,8080,18,328.57,1749.78,5.33,5914.26,6,0.05,0,0,Normal
0.912,TCP,49394,25,10,695.56,7626.75,10.96,6955.6,2,4.27,0,0,Normal
0.591,UDP,32660,80,27,497.08,22709.24,45.69,13421.16,7,0.25,1,0,Normal
2.654,TCP,14604,80,32775,110.13,1360026.66,12349.28,3609510.75,622,0.77,363,1,DDoS
1.246,TCP,10809,53,71,365.15,20807.1,56.98,25925.65,5,0.57,0,0,Normal
1.536,TCP,24059,80,9928,60.61,391755.26,6463.54,601736.08,210,0.46,209,1,DoS
1.016,UDP,53087,443,20767,45.08,921433.43,20439.96,936176.36,171,0.08,59,1,DoS
0.516,TCP,21543,53,1670,45.68,147840.31,3236.43,76285.6,216,0.1,300,1,Port Scan
1.211,TCP,9847,443,22240,107.73,1978460.12,18364.99,2395915.2,810,0.25,226,1,DDoS
0.942,UDP,21835,80,30,587.22,18701.27,31.85,17616.6,2,0.47,0,0,Normal
2.692,UDP,47565,25,40,40.39,600.15,14.86,1615.6,4,6.75,1,0,Normal
1.055,DNS,42508,443,39,431.62,15955.62,36.97,16833.18,6,1.84,0,0,Normal
0.383,UDP,38390,53,8,156.64,3271.85,20.89,1253.12,7,0.95,0,0,Normal
0.092,UDP,47018,443,20,472.7,102760.87,217.39,9454.0,10,2.44,0,0,Normal
0.086,UDP,41595,25,54,809.02,507989.3,627.91,43687.08,15,1.1,0,0,Normal
1.055,UDP,13470,8080,19,534.54,9626.79,18.01,10156.26,12,2.0,0,0,Normal
1.026,TCP,54670,80,18,496.64,8712.98,17.54,8939.52,5,3.23,0,0,Normal
0.044,HTTP,25318,8080,38,502.65,382014.0,760.0,19100.7,7,7.51,0,0,Normal
0.683,TCP,57259,25,913,42.25,56477.67,1336.75,38574.25,184,0.09,380,1,Port Scan
3.608,TCP,51035,53,6,560.9,932.76,1.66,3365.4,8,2.51,2,0,Normal
0.723,TCP,11241,80,26058,62.77,2262324.56,36041.49,1635660.66,203,0.18,250,1,DoS
0.097,TCP,51089,8080,779,41.47,333042.58,8030.93,32305.13,273,0.02,272,1,Port Scan
2.044,TCP,43935,53,34,869.61,14465.14,16.63,29566.74,2,0.85,0,0,Normal
1.814,UDP,64079,8080,15169,57.46,480491.04,8362.18,871610.74,170,0.18,170,1,DoS
0.515,TCP,48938,3000,36,516.31,36091.57,69.9,18587.16,11,0.19,0,0,Normal
0.101,ICMP,25060,8080,30961,73.13,22417603.27,306544.55,2264177.93,262,0.41,200,1,DoS
3.153,UDP,55597,3000,29,358.81,3300.19,9.2,10405.49,7,0.64,0,0,Normal
1.085,TCP,6500,443,14738,82.49,1120495.5,13583.41,1215737.62,348,0.32,167,1,DoS
1.655,UDP,48162,8443,29,413.18,7240.01,17.52,11982.22,14,1.66,0,0,Normal
2.86,TCP,11275,3389,4976,171.89,299064.56,1739.86,855324.64,76,1.32,109,1,Brute Force
1.769,UDP,60731,53,18106,126.92,1299046.65,10235.16,2298013.52,369,0.4,300,1,DDoS
1.922,UDP,22393,80,9,830.42,3888.54,4.68,7473.78,10,4.1,0,0,Normal
3.174,HTTP,48054,443,22,40.0,277.25,6.93,880.0,2,2.35,0,0,Normal
1.242,TCP,49519,53,42522,104.39,3573970.68,34236.71,4438871.58,883,0.04,343,1,DDoS
1.892,TCP,52421,8080,17043,65.01,585605.41,9007.93,1107965.43,170,0.27,103,1,DoS
0.347,TCP,9707,443,63,803.42,145865.88,181.56,50615.46,3,0.94,0,0,Normal
3.07,DNS,6066,443,8,794.61,2070.64,2.61,6356.88,3,0.74,0,0,Normal
0.775,DNS,7410,80,84,843.79,91455.95,108.39,70878.36,4,1.5,0,0,Normal
0.596,HTTP,7959,443,8,290.12,3894.23,13.42,2320.96,1,0.65,0,0,Normal
3.192,TCP,64047,443,51,623.71,9965.29,15.98,31809.21,13,0.49,0,0,Normal
2.41,TCP,12897,9001,6838,897.83,2547452.92,2837.34,6139361.54,126,1.3,15,1,Botnet
0.217,TCP,13616,443,25,597.02,68781.11,115.21,14925.5,4,2.46,1,0,Normal
0.313,UDP,43551,53,10,492.27,15727.48,31.95,4922.7,1,0.46,0,0,Normal
4.771,DNS,48518,6667,4108,917.21,789750.3,861.04,3767898.68,103,1.2,36,1,Botnet
0.353,TCP,23199,80,32,780.34,70739.04,90.65,24970.88,13,2.69,0,0,Normal
0.09,TCP,47873,110,3529,57.78,2265618.0,39211.11,203905.62,212,0.03,105,1,Port Scan
7.517,TCP,62363,3389,4054,198.44,107020.85,539.31,804475.76,150,3.79,105,1,Brute Force
0.677,UDP,54876,53,85,699.6,87837.52,125.55,59466.0,14,0.25,0,0,Normal
0.439,HTTP,42263,80,21,898.12,42962.46,47.84,18860.52,10,4.32,0,0,Normal
0.401,TCP,1066,22,2453,54.38,332653.72,6117.21,133394.14,491,0.06,169,1,Port Scan
2.725,TCP,46088,80,44,303.57,4901.68,16.15,13357.08,15,0.53,0,0,Normal
0.086,HTTP,61390,3000,53,354.8,218655.81,616.28,18804.4,13,1.49,0,0,Normal
1.059,UDP,11050,8443,32,499.29,15087.14,30.22,15977.28,3,5.14,0,0,Normal
1.698,TCP,30844,8443,35,966.29,19917.64,20.61,33820.15,2,1.44,0,0,Normal
0.576,TCP,49686,443,15612,63.59,1723553.96,27104.17,992767.08,294,0.02,175,1,DoS
0.25,TCP,48769,8080,7,418.56,11719.68,28.0,2929.92,7,0.2,0,0,Normal
2.359,TCP,62777,53,13,270.11,1488.52,5.51,3511.43,4,0.12,0,0,Normal
1.23,HTTP,56905,80,36,503.08,14724.29,29.27,18110.88,10,0.55,0,0,Normal
0.019,UDP,24844,25,27,348.37,188119.8,540.0,9405.99,7,0.64,0,0,Normal
0.794,UDP,33735,8443,97,431.52,52717.18,122.17,41857.44,7,2.51,1,0,Normal
1.86,ICMP,9930,80,28965,64.19,999603.95,15572.58,1859263.35,227,0.43,147,1,DoS
1.175,TCP,42298,8443,71,85.08,5141.0,60.43,6040.68,3,9.15,0,0,Normal
1.856,TCP,1630,25,52,464.35,13009.81,28.02,24146.2,2,4.32,0,0,Normal
2.291,TCP,1420,443,34,441.23,6548.15,14.84,15001.82,14,1.13,0,0,Normal
0.144,TCP,16727,22,24,726.03,121005.0,166.67,17424.72,8,7.87,0,0,Normal
0.789,TCP,9303,8080,3116,61.51,242921.62,3949.3,191665.16,595,0.13,287,1,Port Scan
1.257,TCP,63438,22,18,894.22,12805.06,14.32,16095.96,11,4.91,0,0,Normal
2.413,ICMP,45372,443,75,741.86,23058.23,31.08,55639.5,10,8.76,0,0,Normal
0.44,TCP,20698,443,7470,56.11,952594.77,16977.27,419141.7,278,0.33,125,1,DoS
0.826,HTTP,4446,8080,1211,1223.09,1793174.32,1466.1,1481161.99,16,1.11,13,1,Web Attack
1.263,TCP,36993,22,44,526.52,18342.74,34.84,23166.88,4,5.07,0,0,Normal
2.444,TCP,54902,80,25,836.51,8556.77,10.23,20912.75,8,1.25,0,0,Normal
0.346,TCP,14869,8080,3250,53.66,504031.79,9393.06,174395.0,219,0.07,242,1,Port Scan
2.804,HTTP,26424,53,45,794.4,12748.93,16.05,35748.0,6,0.15,0,0,Normal
0.319,TCP,53278,21,3302,43.94,454827.21,10351.1,145089.88,505,0.11,172,1,Port Scan
0.861,TCP,46705,3000,37,238.86,10264.6,42.97,8837.82,4,0.55,0,0,Normal
1.01,TCP,19251,53,44473,116.05,5109991.73,44032.67,5161091.65,441,0.73,278,1,DDoS
0.243,TCP,19265,443,20,534.12,43960.49,82.3,10682.4,10,4.07,0,0,Normal
0.418,TCP,4107,80,10,684.94,16386.12,23.92,6849.4,6,1.31,0,0,Normal
1.046,TCP,59296,8080,21265,74.39,1512335.9,20329.83,1581903.35,249,0.33,191,1,DoS
3.827,TCP,29608,443,39,590.9,6021.71,10.19,23045.1,14,0.55,1,0,Normal
0.814,TCP,37049,143,1610,46.94,92842.01,1977.89,75573.4,165,0.04,300,1,Port Scan
0.131,TCP,42975,8080,12539,59.82,5725824.27,95717.56,750082.98,101,0.46,47,1,DoS
0.229,TCP,63616,8443,43,447.13,83958.91,187.77,19226.59,15,0.99,0,0,Normal
2.041,TCP,52835,80,35990,178.22,3142644.68,17633.51,6414137.8,761,0.77,176,1,DDoS
2.463,TCP,2921,80,24,644.3,6278.2,9.74,15463.2,6,0.06,0,0,Normal
0.58,HTTP,46277,22,28,187.65,9058.97,48.28,5254.2,1,4.29,0,0,Normal
0.509,UDP,59470,53,103,1016.87,205771.34,202.36,104737.61,15,1.22,0,0,Normal
1.138,UDP,40717,80,50235,118.34,5223910.28,44143.23,5944809.9,719,0.54,268,1,DDoS
2.352,HTTP,26065,25,48,259.27,5291.22,20.41,12444.96,11,1.21,0,0,Normal
2.669,TCP,24219,8080,56,501.9,10530.69,20.98,28106.4,8,1.14,0,0,Normal
7.708,TCP,56739,3306,4552,220.91,130459.56,590.56,1005582.32,111,2.02,30,1,Brute Force
0.946,ICMP,13912,443,34498,75.81,2764580.74,36467.23,2615293.38,100,0.16,146,1,DoS
2.952,UDP,59948,443,22462,181.2,1378765.04,7609.08,4070114.4,894,0.05,132,1,DDoS
1.635,TCP,49942,25,19,587.85,6831.28,11.62,11169.15,14,4.1,0,0,Normal
0.665,UDP,30038,25,33,626.95,31111.8,49.62,20689.35,14,2.51,0,0,Normal
2.763,TCP,21089,21,2343,186.96,158540.46,847.99,438047.28,99,2.63,110,1,Brute Force
0.806,TCP,30968,53,2524,52.97,165876.28,3131.51,133696.28,511,0.01,146,1,Port Scan
1.199,TCP,44603,443,1514,1402.21,1770597.11,1262.72,2122945.94,65,1.45,16,1,Web Attack
0.549,TCP,30249,8080,29,728.87,38501.33,52.82,21137.23,4,1.21,0,0,Normal
1.544,UDP,57132,8443,36,645.21,15043.76,23.32,23227.56,13,2.78,0,0,Normal
1.131,UDP,50194,8443,18,785.19,12496.39,15.92,14133.42,14,0.32,0,0,Normal
0.672,TCP,33040,25,53,753.38,59418.36,78.87,39929.14,15,5.82,0,0,Normal
3.208,TCP,24893,443,52918,120.86,1993662.56,16495.64,6395669.48,603,0.47,237,1,DDoS
0.921,TCP,64575,80,50,543.94,29529.86,54.29,27197.0,3,1.6,1,0,Normal
1.333,TCP,63699,25,18,587.53,7933.64,13.5,10575.54,3,1.54,0,0,Normal
0.32,UDP,14581,3000,58,1072.11,194319.94,181.25,62182.38,6,1.4,0,0,Normal
1.042,TCP,26589,443,15,838.16,12065.64,14.4,12572.4,11,0.52,0,0,Normal
2.981,TCP,45834,8080,1939,2325.58,1512680.18,650.45,4509299.62,53,1.46,7,1,Web Attack
2.622,TCP,17703,53,19742,109.97,828004.48,7529.37,2171027.74,769,0.02,341,1,DDoS
0.447,TCP,21592,443,31,584.32,40523.31,69.35,18113.92,2,3.72,0,0,Normal
0.021,UDP,34828,22,23,866.91,398778.6,460.0,19938.93,10,0.99,0,0,Normal
2.433,TCP,18904,9001,6191,909.61,2314589.19,2544.6,5631395.51,200,0.82,5,1,Botnet
1.033,DNS,17204,53,23,1310.17,29171.26,22.27,30133.91,2,0.95,2,0,Normal
1.861,TCP,32375,80,1314,1267.92,895242.82,706.07,1666046.88,196,1.14,27,1,Botnet
0.621,TCP,38339,445,512,45.01,37109.69,824.48,23045.12,156,0.03,429,1,Port Scan
1.911,TCP,41287,443,23379,59.99,733912.2,12233.91,1402506.21,122,0.17,121,1,DoS
3.335,TCP,12044,25,74,610.87,13554.54,22.19,45204.38,3,0.59,0,0,Normal
0.65,HTTP,10807,8443,54,494.82,41108.12,83.08,26720.28,4,2.3,0,0,Normal
0.567,HTTP,21363,8080,21,384.61,14244.81,37.04,8076.81,3,4.1,0,0,Normal
2.212,TCP,30752,3389,2935,106.34,141097.6,1326.85,312107.9,46,2.56,46,1,Brute Force
0.758,TCP,11230,3000,35,1024.03,47283.71,46.17,35841.05,3,0.14,0,0,Normal
0.552,TCP,43825,8443,37,663.26,44457.64,67.03,24540.62,7,5.71,0,0,Normal
0.779,TCP,18974,443,5029,65.71,424204.87,6455.71,330455.59,105,0.49,94,1,DoS
5.028,TCP,37176,8443,29,914.93,5277.04,5.77,26532.97,1,2.7,0,0,Normal
0.743,TCP,58772,3306,714,47.74,45876.66,960.97,34086.36,541,0.04,283,1,Port Scan
0.64,ICMP,20684,80,20,510.12,15941.25,31.25,10202.4,2,0.42,0,0,Normal
0.914,TCP,13216,3000,44,338.41,16291.07,48.14,14890.04,9,0.95,0,0,Normal
0.637,TCP,53530,3000,33,414.1,21452.59,51.81,13665.3,7,2.05,0,0,Normal
1.053,TCP,57655,123,55108,75.13,3931874.68,52334.28,4140264.04,501,0.31,341,1,DDoS
0.867,TCP,26887,8080,28,703.32,22713.91,32.3,19692.96,7,2.35,0,0,Normal
2.209,TCP,28124,3389,1077,156.81,76452.86,487.55,168884.37,84,1.15,63,1,Brute Force
0.111,UDP,36154,80,44,208.63,82700.18,396.4,9179.72,11,16.01,0,0,Normal
0.98,TCP,10309,22,37,602.04,22730.08,37.76,22275.48,3,1.98,0,0,Normal
0.563,UDP,37776,80,67,449.97,53548.83,119.01,30147.99,3,0.17,0,0,Normal
0.114,TCP,22323,3306,2000,53.25,934210.53,17543.86,106500.0,429,0.12,357,1,Port Scan
0.413,ICMP,28222,8080,64,665.27,103092.69,154.96,42577.28,11,2.44,0,0,Normal
1.598,TCP,59565,8080,44,236.64,6515.74,27.53,10412.16,13,8.03,0,0,Normal
2.224,HTTP,30487,8443,8,503.28,1810.36,3.6,4026.24,7,1.5,0,0,Normal
0.089,DNS,43078,3000,38,858.95,366742.7,426.97,32640.1,8,3.69,0,0,Normal
2.601,HTTP,58848,80,5130,865.13,1706311.76,1972.32,4438116.9,189,0.79,22,1,Botnet
0.52,TCP,43064,3306,3140,47.02,283928.46,6038.46,147642.8,535,0.04,130,1,Port Scan
0.017,HTTP,37976,80,43,537.48,462232.8,860.0,23111.64,6,0.23,2,0,Normal
1.867,HTTP,53949,25,20,232.5,2490.63,10.71,4650.0,5,3.13,0,0,Normal
0.541,TCP,9100,443,13387,47.87,1184539.17,24744.92,640835.69,246,0.47,135,1,DoS
1.82,TCP,21899,443,6567,1405.02,5069651.84,3608.24,9226766.34,79,2.35,19,1,Botnet
7.247,TCP,25804,3306,1016,161.69,22668.28,140.2,164277.04,35,2.35,45,1,Brute Force
0.844,TCP,14502,8080,43,433.31,22076.22,50.95,18632.33,5,0.35,0,0,Normal
0.317,UDP,63792,443,41,506.34,65488.77,129.34,20759.94,15,5.85,0,0,Normal
0.971,UDP,37156,8080,62,896.59,57248.8,63.85,55588.58,6,1.68,0,0,Normal
0.644,HTTP,50107,443,36,676.86,37836.89,55.9,24366.96,5,0.95,0,0,Normal
0.29,TCP,39058,53,28157,163.15,15840739.83,97093.1,4593814.55,383,0.24,104,1,DDoS
2.906,HTTP,52862,443,31,769.75,8211.37,10.67,23862.25,3,5.97,0,0,Normal
2.278,UDP,39402,6667,1068,916.3,429591.04,468.83,978608.4,72,1.75,7,1,Botnet
1.439,HTTP,1127,443,55,868.78,33205.63,38.22,47782.9,2,0.37,0,0,Normal
0.367,TCP,15207,53,37,948.06,95580.98,100.82,35078.22,14,1.15,0,0,Normal
0.335,UDP,3833,443,58625,111.84,19572000.0,175000.0,6556620.0,514,0.42,270,1,DDoS
2.319,HTTP,38714,8080,843,1375.89,500161.82,363.52,1159875.27,13,0.82,24,1,Web Attack
0.735,TCP,62023,443,30195,77.35,3177664.29,41081.63,2335583.25,280,0.32,145,1,DoS
1.496,TCP,17453,3000,16,840.88,8993.37,10.7,13454.08,8,7.8,0,0,Normal
1.008,TCP,20367,53,21,524.59,10928.96,20.83,11016.39,13,4.3,0,0,Normal
0.205,TCP,61667,3306,1566,31.36,239559.8,7639.02,49109.76,325,0.15,309,1,Port Scan
1.39,TCP,61293,3306,4657,177.54,594822.86,3350.36,826803.78,32,2.65,106,1,Brute Force
1.257,ICMP,26094,80,45,933.18,33407.4,35.8,41993.1,14,1.17,0,0,Normal
1.614,DNS,4323,22,8,590.85,2928.62,4.96,4726.8,9,0.23,0,0,Normal
1.208,UDP,52904,8443,28,858.34,19895.3,23.18,24033.52,5,7.67,0,0,Normal
1.204,TCP,37813,25,39,628.63,20362.6,32.39,24516.57,12,5.58,0,0,Normal
1.629,ICMP,60246,443,29664,50.17,913592.93,18209.94,1488242.88,209,0.06,154,1,DoS
1.636,TCP,51919,80,52,844.09,26829.27,31.78,43892.68,8,0.7,0,0,Normal
1.401,TCP,56955,3389,3817,120.0,326937.9,2724.48,458040.0,31,2.41,83,1,Brute Force
0.186,TCP,34799,3000,40,1006.5,216451.61,215.05,40260.0,11,0.05,0,0,Normal
1.721,UDP,12450,8443,78,562.73,25504.32,45.32,43892.94,5,1.55,0,0,Normal
1.088,TCP,28043,25,62,473.33,26972.85,56.99,29346.46,4,2.02,0,0,Normal
1.372,TCP,52971,3000,34,355.23,8803.08,24.78,12077.82,15,2.82,0,0,Normal
0.01,TCP,50405,8443,34,40.0,27200.0,680.0,1360.0,13,1.07,0,0,Normal
2.118,TCP,42042,8443,19,403.26,3617.54,8.97,7661.94,9,3.16,0,0,Normal
0.212,TCP,48018,445,2824,44.55,593439.62,13320.75,125809.2,339,0.02,219,1,Port Scan
1.812,TCP,45531,8088,4342,906.59,2172413.79,2396.25,3936413.78,106,1.13,29,1,Botnet
0.944,TCP,62458,443,38,801.65,32269.81,40.25,30462.7,5,11.3,0,0,Normal
0.77,TCP,5007,3389,878,47.82,54527.22,1140.26,41985.96,583,0.12,134,1,Port Scan
3.286,HTTP,52522,53,17,627.22,3244.9,5.17,10662.74,14,2.14,0,0,Normal
0.706,HTTP,52212,53,19,724.58,19500.03,26.91,13767.02,12,2.1,0,0,Normal
0.22,HTTP,20398,443,780,2645.67,9380102.73,3545.45,2063622.6,42,1.38,6,1,Web Attack
0.786,TCP,18147,80,21373,75.94,2064968.98,27192.11,1623065.62,273,0.36,118,1,DoS
3.287,TCP,15015,22,3179,144.66,139906.95,967.14,459874.14,87,1.77,97,1,Brute Force
1.992,TCP,63216,8080,22866,70.74,812018.49,11478.92,1617540.84,82,0.18,57,1,DoS
0.141,TCP,23097,445,3350,51.4,1221205.67,23758.87,172190.0,465,0.1,189,1,Port Scan
1.046,HTTP,49602,53,90,158.94,13675.53,86.04,14304.6,1,3.56,0,0,Normal
5.2,TCP,23566,3389,2379,165.84,75871.8,457.5,394533.36,122,2.84,72,1,Brute Force
0.034,HTTP,64432,22,17,1027.85,349469.0,340.0,17473.45,11,0.48,0,0,Normal
0.799,TCP,37887,80,20,443.3,11096.37,25.03,8866.0,11,0.28,0,0,Normal
2.818,TCP,57826,123,24548,131.12,1142205.02,8711.14,3218733.76,619,0.59,318,1,DDoS
3.116,TCP,45912,3306,4416,117.05,165883.44,1417.2,516892.8,145,2.84,114,1,Brute Force
0.048,HTTP,60665,8080,10,832.21,166442.0,200.0,8322.1,15,0.18,0,0,Normal
0.095,UDP,44770,25,5,672.21,35379.47,52.63,3361.05,1,0.86,0,0,Normal
2.046,TCP,21107,22,31,215.69,3268.03,15.15,6686.39,4,0.64,0,0,Normal
1.375,HTTP,16610,53,16,164.42,1913.25,11.64,2630.72,7,6.57,0,0,Normal
7.618,TCP,62939,21,4989,151.78,99400.16,654.9,757230.42,65,3.92,99,1,Brute Force
1.075,TCP,57964,3000,37,829.06,28535.09,34.42,30675.22,14,2.31,0,0,Normal
0.989,ICMP,28869,80,19922,75.56,1522048.86,20143.58,1505306.32,392,0.22,244,1,DoS
0.925,TCP,38622,25,60,808.47,52441.3,64.86,48508.2,3,0.77,1,0,Normal
4.714,TCP,50393,22,16,658.21,2234.06,3.39,10531.36,13,3.6,0,0,Normal
0.909,UDP,8541,443,16,740.77,13038.86,17.6,11852.32,1,4.85,0,0,Normal
0.424,UDP,63384,8080,23,164.3,8912.5,54.25,3778.9,6,0.45,0,0,Normal
3.232,UDP,61502,123,40938,93.14,1179754.12,12666.46,3812965.32,248,0.19,162,1,DDoS
1.323,TCP,46327,6667,6623,558.28,2794775.84,5006.05,3697488.44,69,0.43,35,1,Botnet
0.608,UDP,26476,25,34,660.75,36949.84,55.92,22465.5,3,3.09,0,0,Normal
3.291,TCP,58707,53,42809,101.39,1318871.01,13007.9,4340404.51,734,0.05,342,1,DDoS
1.413,TCP,19362,443,12,491.52,4174.27,8.49,5898.24,1,0.73,1,0,Normal
0.572,TCP,46000,443,30,627.5,32910.84,52.45,18825.0,10,1.65,0,0,Normal
1.405,TCP,42401,80,11609,65.41,540458.85,8262.63,759344.69,208,0.2,191,1,DoS
1.039,TCP,35600,22,35,419.4,14128.01,33.69,14679.0,10,0.08,0,0,Normal
1.301,TCP,10312,443,25,459.21,8824.17,19.22,11480.25,5,0.2,0,0,Normal
1.733,TCP,54905,443,22732,59.96,786503.59,13117.14,1363010.72,230,0.45,39,1,DoS
1.46,TCP,37997,443,56,859.03,32949.1,38.36,48105.68,1,3.58,0,0,Normal
0.93,HTTP,27199,8080,22,468.08,11072.86,23.66,10297.76,4,1.39,2,0,Normal
0.473,TCP,49964,25,38,587.33,47185.07,80.34,22318.54,12,2.46,0,0,Normal
1.635,ICMP,37280,8443,11,89.05,599.11,6.73,979.55,14,8.15,0,0,Normal
0.064,UDP,12845,25,31,197.43,95630.16,484.38,6120.33,3,0.05,0,0,Normal
1.015,TCP,24669,25,24,380.34,8993.26,23.65,9128.16,4,1.14,1,0,Normal
0.548,TCP,43303,53,50869,100.2,9301229.56,92826.64,5097073.8,829,0.76,450,1,DDoS
0.438,TCP,38513,80,17043,114.01,4436238.42,38910.96,1943072.43,697,0.13,400,1,DDoS
2.147,HTTP,17928,3000,24,516.68,5775.65,11.18,12400.32,5,0.32,0,0,Normal
1.394,UDP,12441,80,29142,87.86,1836740.4,20905.31,2560416.12,784,0.02,151,1,DDoS
1.031,TCP,35447,443,12391,61.6,740335.21,12018.43,763285.6,311,0.26,68,1,DoS
0.714,TCP,35907,8080,92,667.24,85974.9,128.85,61386.08,13,1.26,0,0,Normal
0.572,TCP,58015,8443,29,301.41,15281.28,50.7,8740.89,7,1.3,0,0,Normal
0.811,TCP,51793,443,767,50.24,47514.28,945.75,38534.08,489,0.14,412,1,Port Scan
0.503,TCP,51483,25,21,342.92,14316.74,41.75,7201.32,14,4.23,0,0,Normal
1.602,TCP,42079,53,15,481.3,4506.55,9.36,7219.5,2,1.75,0,0,Normal
1.104,UDP,53926,8443,34,560.15,17251.0,30.8,19045.1,14,0.6,0,0,Normal
0.241,TCP,35280,8443,11,261.57,11938.88,45.64,2877.27,14,1.56,0,0,Normal
0.679,UDP,19100,8443,24,313.56,11083.12,35.35,7525.44,9,3.51,1,0,Normal
0.619,TCP,23171,3000,61,794.01,78246.54,98.55,48434.61,15,0.97,0,0,Normal
0.668,TCP,12657,25,31,780.94,36241.23,46.41,24209.14,15,1.33,0,0,Normal
0.632,HTTP,45128,3000,15,753.3,17878.96,23.73,11299.5,3,0.44,0,0,Normal
0.298,UDP,55390,443,71,471.23,112272.92,238.26,33457.33,8,1.51,0,0,Normal
0.946,UDP,29136,22,20,798.61,16883.93,21.14,15972.2,13,0.45,0,0,Normal
2.627,UDP,24825,53,27230,92.17,955382.22,10365.44,2509789.1,695,0.78,149,1,DDoS
0.876,TCP,31714,80,23894,61.56,1679126.3,27276.26,1470914.64,332,0.17,59,1,DoS
0.637,TCP,47605,443,40,781.07,49046.78,62.79,31242.8,1,0.31,0,0,Normal
0.277,TCP,18138,443,23633,85.43,7288690.22,85317.69,2018967.19,361,0.22,64,1,DoS
0.011,HTTP,20411,8080,29,505.06,292934.8,580.0,14646.74,10,0.75,0,0,Normal
1.011,UDP,61493,25,48,275.24,13067.77,47.48,13211.52,13,4.47,0,0,Normal
2.445,UDP,53739,443,36,104.71,1541.74,14.72,3769.56,14,0.2,0,0,Normal
1.682,TCP,48228,8080,54,591.67,18995.35,32.1,31950.18,5,3.54,0,0,Normal
0.315,UDP,20754,25,37,227.85,26763.33,117.46,8430.45,2,0.12,0,0,Normal
0.143,HTTP,5033,22,14,496.79,48636.78,97.9,6955.06,14,8.35,0,0,Normal
0.793,TCP,31983,443,16,106.74,2153.64,20.18,1707.84,11,0.84,0,0,Normal
0.637,TCP,48156,123,49451,112.44,8728839.0,77631.08,5560270.44,612,0.78,428,1,DDoS
0.398,TCP,7739,53,32610,72.97,5978773.12,81934.67,2379551.7,662,0.7,433,1,DDoS
1.422,TCP,52709,80,14657,73.37,756247.6,10307.31,1075384.09,268,0.41,117,1,DoS
1.799,TCP,14096,80,33,363.2,6662.37,18.34,11985.6,6,0.16,1,0,Normal
0.612,TCP,17733,25,16,507.31,13263.01,26.14,8116.96,7,0.92,0,0,Normal
0.583,TCP,13248,22,3202,50.02,274723.91,5492.28,160164.04,280,0.05,336,1,Port Scan
3.258,UDP,21615,53,39121,96.38,1157299.56,12007.67,3770481.98,375,0.06,183,1,DDoS
1.821,ICMP,26607,8443,52,285.36,8148.67,28.56,14838.72,14,5.23,1,0,Normal
0.437,TCP,28103,445,2432,41.96,233516.52,5565.22,102046.72,434,0.02,393,1,Port Scan
2.37,TCP,4723,22,30,252.74,3199.24,12.66,7582.2,4,2.91,0,0,Normal
0.827,HTTP,36214,8080,29,623.38,21859.76,35.07,18078.02,8,2.79,0,0,Normal
0.194,TCP,60155,8443,16,948.01,78186.39,82.47,15168.16,8,4.01,0,0,Normal
0.112,TCP,2252,3000,24,640.42,137232.86,214.29,15370.08,15,3.81,0,0,Normal
0.513,TCP,7403,8443,96,620.51,116118.83,187.13,59568.96,6,3.13,2,0,Normal
0.97,HTTP,49715,8443,40,559.7,23080.41,41.24,22388.0,11,0.08,0,0,Normal
0.652,DNS,16218,8443,33,358.75,18157.59,50.61,11838.75,11,2.48,0,0,Normal
1.898,TCP,57839,80,11210,73.39,433457.27,5906.22,822701.9,145,0.49,152,1,DoS
0.688,TCP,39891,443,13,596.03,11262.19,18.9,7748.39,1,1.74,0,0,Normal
0.134,TCP,59685,80,25,448.47,83669.78,186.57,11211.75,3,1.81,0,0,Normal
0.396,TCP,47442,3306,1680,44.56,189042.42,4242.42,74860.8,452,0.11,445,1,Port Scan
1.586,TCP,37980,8443,11,40.0,277.43,6.94,440.0,11,2.34,0,0,Normal
0.652,UDP,25684,3000,16,614.9,15089.57,24.54,9838.4,12,3.41,0,0,Normal
0.158,UDP,2114,8080,25,866.43,137093.35,158.23,21660.75,6,2.64,0,0,Normal
4.908,TCP,39450,8443,52,459.81,4871.66,10.59,23910.12,14,7.59,1,0,Normal
0.318,UDP,62093,25,81,210.99,53742.74,254.72,17090.19,6,0.68,0,0,Normal
0.418,UDP,34537,443,21079,131.04,6608115.22,50428.23,2762192.16,258,0.14,393,1,DDoS
7.919,TCP,26078,22,3614,156.5,71422.02,456.37,565591.0,85,2.16,51,1,Brute Force
0.718,HTTP,65129,22,31,674.37,29116.25,43.18,20905.47,10,0.52,0,0,Normal
0.275,TCP,38023,23,958,39.75,138474.55,3483.64,38080.5,523,0.1,104,1,Port Scan
1.144,TCP,38815,443,26651,135.79,3163408.47,23296.33,3618939.29,621,0.73,167,1,DDoS
6.013,TCP,47617,22,1011,120.93,20332.65,168.14,122260.23,30,2.02,42,1,Brute Force
0.252,UDP,2501,22,25,908.96,90174.6,99.21,22724.0,14,0.94,1,0,Normal
4.009,TCP,18868,21,3362,175.43,147117.9,838.61,589795.66,102,3.96,106,1,Brute Force
0.101,UDP,51585,8080,33,993.06,324465.15,326.73,32770.98,3,3.27,0,0,Normal
1.315,UDP,40712,22,79,200.55,12048.25,60.08,15843.45,10,5.93,0,0,Normal
0.905,DNS,65252,25,11,311.35,3784.36,12.15,3424.85,7,7.0,0,0,Normal
1.359,UDP,27579,443,34850,69.14,1773016.19,25643.86,2409529.0,348,0.03,134,1,DoS
0.016,HTTP,5183,80,21,512.46,215233.2,420.0,10761.66,9,0.1,0,0,Normal
3.126,TCP,9827,53,22248,197.59,1406264.34,7117.08,4395982.32,827,0.09,114,1,DDoS
0.566,HTTP,21920,443,49,217.1,18794.88,86.57,10637.9,4,3.48,0,0,Normal
0.468,TCP,48757,25,24,74.88,3840.0,51.28,1797.12,12,0.4,0,0,Normal
2.649,UDP,51014,25,40,441.32,6663.95,15.1,17652.8,9,0.05,0,0,Normal
1.717,TCP,64389,8443,25,713.62,10390.51,14.56,17840.5,9,1.73,0,0,Normal
0.474,TCP,61791,53,36,57.53,4369.37,75.95,2071.08,8,1.35,0,0,Normal
3.313,DNS,14262,53,28,883.89,7470.24,8.45,24748.92,1,4.85,0,0,Normal
0.193,ICMP,64017,53,20,698.63,72396.89,103.63,13972.6,2,1.63,0,0,Normal
1.511,UDP,56932,80,28,414.59,7682.67,18.53,11608.52,10,1.42,0,0,Normal
0.102,TCP,16271,53,36,75.17,26530.59,352.94,2706.12,14,0.11,0,0,Normal
1.793,TCP,5173,123,43206,142.52,3434310.72,24097.04,6157719.12,420,0.41,181,1,DDoS
0.297,TCP,46509,8443,94,298.02,94322.83,316.5,28013.88,13,0.27,2,0,Normal
0.642,UDP,54981,80,49224,120.8,9262085.98,76672.9,5946259.2,249,0.01,113,1,DDoS
2.016,HTTP,41108,8088,5461,1608.26,4356501.91,2708.83,8782707.86,187,1.29,11,1,Botnet
0.612,TCP,37462,443,3667,47.45,284312.34,5991.83,173999.15,172,0.14,462,1,Port Scan
0.138,TCP,6232,443,46,628.21,209403.33,333.33,28897.66,12,2.55,0,0,Normal
0.046,UDP,2782,53,50,333.93,333930.0,1000.0,16696.5,4,3.98,0,0,Normal
5.248,TCP,45777,3389,3559,190.59,129251.11,678.16,678309.81,146,2.92,55,1,Brute Force
1.529,TCP,63987,8443,15,1216.73,11936.53,9.81,18250.95,15,6.32,1,0,Normal
1.321,ICMP,8886,443,8,381.28,2309.04,6.06,3050.24,14,1.45,0,0,Normal
0.077,TCP,38465,21,2016,47.34,1239447.27,26181.82,95437.44,479,0.11,315,1,Port Scan
3.858,UDP,14534,3000,51,466.67,6169.04,13.22,23800.17,4,0.59,0,0,Normal
3.224,TCP,45527,8080,9,581.74,1623.96,2.79,5235.66,15,0.52,0,0,Normal
1.48,TCP,59024,6667,7248,1155.72,5659904.43,4897.3,8376658.56,115,2.4,16,1,Botnet
1.111,TCP,46666,53,26,327.54,7665.2,23.4,8516.04,10,6.0,0,0,Normal
0.512,TCP,49178,21,2291,48.84,218539.92,4474.61,111892.44,215,0.14,118,1,Port Scan
0.342,TCP,2430,80,62,969.49,175755.5,181.29,60108.38,15,0.32,0,0,Normal
0.102,TCP,2092,53,47,521.3,240206.86,460.78,24501.1,15,1.57,0,0,Normal
2.782,TCP,26119,80,57025,158.7,3253007.73,20497.84,9049867.5,805,0.3,348,1,DDoS
0.635,DNS,15631,8443,18,622.41,17643.12,28.35,11203.38,6,0.69,0,0,Normal
0.395,TCP,52161,80,63,393.17,62708.13,159.49,24769.71,8,0.69,0,0,Normal
1.065,UDP,8855,8080,20,782.87,14701.78,18.78,15657.4,2,7.78,0,0,Normal
0.237,HTTP,28117,8443,24,1081.14,109482.53,101.27,25947.36,15,1.4,0,0,Normal
0.495,TCP,5263,443,23136,71.63,3347942.79,46739.39,1657231.68,91,0.21,129,1,DoS
0.212,HTTP,11845,25,38,761.85,136558.02,179.25,28950.3,9,0.27,0,0,Normal
0.173,TCP,61293,80,18,205.1,21339.88,104.05,3691.8,14,0.82,0,0,Normal
0.793,UDP,51726,25,41,427.93,22125.01,51.7,17545.13,8,0.54,0,0,Normal
2.964,UDP,10032,53,37034,127.29,1590437.87,12494.6,4714057.86,604,0.65,325,1,DDoS
2.688,DNS,50685,22,21,847.77,6623.2,7.81,17803.17,2,0.41,0,0,Normal
1.253,UDP,9661,443,12,787.02,7537.3,9.58,9444.24,14,0.24,0,0,Normal
0.763,TCP,15865,8443,32,530.35,22242.73,41.94,16971.2,7,4.73,0,0,Normal
1.307,TCP,14904,22,86,668.46,43984.36,65.8,57487.56,12,0.63,0,0,Normal
0.079,UDP,10131,3000,38,343.93,165434.68,481.01,13069.34,3,4.61,0,0,Normal
0.68,UDP,55034,22,24,1029.82,36346.59,35.29,24715.68,15,0.9,0,0,Normal
1.744,UDP,19600,443,19,401.12,4370.0,10.89,7621.28,4,1.48,0,0,Normal
3.108,TCP,23275,123,39134,102.73,1293512.17,12591.38,4020235.82,572,0.27,242,1,DDoS
2.428,UDP,46304,443,40226,142.96,2368496.28,16567.55,5750708.96,541,0.29,450,1,DDoS
0.196,UDP,53322,443,70,554.21,197932.14,357.14,38794.7,8,1.69,0,0,Normal
0.819,TCP,33604,80,27861,60.82,2068993.92,34018.32,1694506.02,301,0.37,183,1,DoS
1.473,HTTP,43723,25,24,369.82,6025.58,16.29,8875.68,9,7.35,0,0,Normal
2.27,UDP,17270,22,52,1024.2,23461.85,22.91,53258.4,2,1.15,0,0,Normal
0.503,TCP,11726,80,47,1185.1,110734.99,93.44,55699.7,5,1.78,0,0,Normal
0.321,UDP,15717,80,26719,38.26,3184638.44,83236.76,1022268.94,398,0.18,236,1,DDoS
0.177,TCP,27796,3000,45,614.01,156104.24,254.24,27630.45,12,2.29,0,0,Normal
0.36,TCP,43185,443,34,163.89,15478.5,94.44,5572.26,15,3.02,0,0,Normal
1.537,TCP,49714,8443,14,874.58,7966.25,9.11,12244.12,9,1.73,0,0,Normal
1.749,TCP,46633,80,25216,74.03,1067318.74,14417.38,1866740.48,93,0.11,219,1,DoS
4.556,TCP,18312,22,3168,223.08,155117.96,695.35,706717.44,97,2.62,111,1,Brute Force
1.845,TCP,52035,53,23429,167.63,2128673.86,12698.64,3927403.27,580,0.53,225,1,DDoS
1.508,TCP,49968,80,30,888.75,17680.7,19.89,26662.5,5,0.08,0,0,Normal
7.661,TCP,63533,3306,3511,93.75,42965.18,458.3,329156.25,116,1.94,117,1,Brute Force
3.087,TCP,35405,443,40095,181.15,2352837.46,12988.34,7263209.25,341,0.27,438,1,DDoS
0.57,TCP,65336,443,29,390.4,19862.46,50.88,11321.6,7,3.15,0,0,Normal
0.57,HTTP,51574,8443,26,610.53,27848.74,45.61,15873.78,6,11.97,0,0,Normal
2.457,TCP,55805,8443,63,377.02,9667.18,25.64,23752.26,6,5.36,0,0,Normal
0.721,UDP,65452,443,50,469.56,32563.11,69.35,23478.0,12,1.39,0,0,Normal
1.132,UDP,35023,22,44,318.4,12375.97,38.87,14009.6,8,2.96,0,0,Normal
0.834,TCP,19948,21,2923,42.22,147972.49,3504.8,123409.06,520,0.04,220,1,Port Scan
0.6,HTTP,30248,80,41,596.64,40770.4,68.33,24462.24,12,1.1,0,0,Normal
0.274,TCP,35616,25,40,379.08,55340.15,145.99,15163.2,5,0.24,0,0,Normal
1.657,HTTP,47677,22,38,328.96,7544.04,22.93,12500.48,4,5.71,0,0,Normal
2.109,UDP,15064,123,59381,151.45,4264225.91,28156.0,8993252.45,534,0.8,150,1,DDoS
2.098,HTTP,21402,25,65,693.42,21483.46,30.98,45072.3,14,1.34,0,0,Normal
1.269,UDP,9299,3000,31,489.92,11968.1,24.43,15187.52,2,3.2,0,0,Normal
2.144,TCP,15352,22,23,418.71,4491.76,10.73,9630.33,9,0.91,0,0,Normal
1.548,HTTP,38400,8443,52,292.6,9828.94,33.59,15215.2,14,8.55,0,0,Normal
0.962,HTTP,15926,22,21,959.51,20945.64,21.83,20149.71,1,7.14,0,0,Normal
2.78,TCP,29766,3000,8,546.62,1573.01,2.88,4372.96,3,0.28,0,0,Normal
0.154,TCP,12473,80,49,630.42,200588.18,318.18,30890.58,14,1.41,0,0,Normal
1.731,TCP,36087,8080,35,772.32,15615.94,20.22,27031.2,2,0.15,0,0,Normal
0.414,UDP,10059,443,38,799.91,73421.69,91.79,30396.58,8,1.73,0,0,Normal
1.119,TCP,51654,8080,18600,67.32,1118991.96,16621.98,1252152.0,318,0.45,53,1,DoS
2.039,HTTP,22829,8443,62,370.52,11266.42,30.41,22972.24,15,2.08,0,0,Normal
0.098,TCP,54281,3000,9,722.1,66315.31,91.84,6498.9,14,4.73,0,0,Normal
0.298,TCP,61129,53,63,648.98,137200.47,211.41,40885.74,6,1.47,0,0,Normal
1.192,TCP,18250,22,22,408.4,7537.58,18.46,8984.8,5,0.18,0,0,Normal
6.249,TCP,28605,3306,2727,176.7,77110.08,436.39,481860.9,89,1.07,75,1,Brute Force
2.596,TCP,45358,8080,30,173.48,2004.78,11.56,5204.4,13,5.17,1,0,Normal
0.683,HTTP,33927,8080,32,202.51,9488.02,46.85,6480.32,13,3.97,0,0,Normal
1.791,TCP,19360,443,19026,59.59,633031.46,10623.12,1133759.34,342,0.18,177,1,DoS
6.081,TCP,12559,22,3670,263.14,158810.03,603.52,965723.8,106,2.67,107,1,Brute Force
0.536,TCP,4866,53,35,280.56,18320.15,65.3,9819.6,7,0.61,0,0,Normal
4.48,DNS,3435,25,42,527.77,4947.84,9.37,22166.34,8,0.52,0,0,Normal
1.145,UDP,50158,3000,17,575.45,8543.8,14.85,9782.65,7,4.55,0,0,Normal
1.345,TCP,6095,3000,82,60.31,3676.89,60.97,4945.42,14,2.98,0,0,Normal
2.014,DNS,9699,8443,43,402.61,8595.94,21.35,17312.23,15,2.08,0,0,Normal
0.201,TCP,23295,53,59,516.96,151744.48,293.53,30500.64,15,5.27,0,0,Normal
2.291,TCP,16270,443,23436,126.89,1298033.19,10229.59,2973794.04,686,0.42,448,1,DDoS
1.979,TCP,10995,53,16423,99.57,826295.15,8298.64,1635238.11,385,0.74,311,1,DDoS
0.669,UDP,27460,8443,66,741.03,73106.1,98.65,48907.98,8,1.3,0,0,Normal
7.849,TCP,16409,22,3812,200.25,97254.81,485.67,763353.0,139,1.38,65,1,Brute Force
3.813,UDP,63732,25,19,874.98,4359.98,4.98,16624.62,11,0.9,0,0,Normal
1.061,TCP,64026,80,33980,62.53,2002610.18,32026.39,2124769.4,388,0.47,212,1,DoS
3.698,HTTP,32219,53,39,539.92,5694.13,10.55,21056.88,4,6.68,0,0,Normal
0.945,UDP,50326,80,20229,50.87,1088940.98,21406.35,1029049.23,239,0.45,137,1,DoS
4.493,UDP,49978,443,1878,930.96,389125.95,417.98,1748342.88,169,1.36,26,1,Botnet
1.607,UDP,39645,53,63,489.92,19206.57,39.2,30864.96,8,0.64,0,0,Normal
2.541,TCP,37426,80,33980,171.25,2290072.81,13372.69,5819075.0,703,0.35,400,1,DDoS
0.158,TCP,63159,80,77,208.97,101839.81,487.34,16090.69,15,0.47,0,0,Normal
0.055,HTTP,43257,8443,45,430.07,351875.45,818.18,19353.15,13,2.93,0,0,Normal
2.863,TCP,22397,25,11,349.29,1342.02,3.84,3842.19,9,0.41,0,0,Normal
0.765,TCP,52407,8443,32,690.92,28901.23,41.83,22109.44,11,7.11,0,0,Normal
1.433,TCP,1437,23,3903,183.53,499872.71,2723.66,716317.59,115,3.12,65,1,Brute Force
3.389,TCP,54355,8080,51,282.33,4248.7,15.05,14398.83,1,1.11,0,0,Normal
1.8,UDP,6146,25,14,296.82,2308.6,7.78,4155.48,15,4.95,0,0,Normal
0.669,TCP,20002,443,58,807.35,69994.47,86.7,46826.3,11,0.28,0,0,Normal
0.056,TCP,44360,22,18,154.18,49557.86,321.43,2775.24,13,4.41,0,0,Normal
1.031,TCP,32548,80,27532,57.37,1532018.27,26704.17,1579510.84,175,0.26,57,1,DoS
2.273,UDP,60670,53,6,459.75,1213.59,2.64,2758.5,11,2.16,0,0,Normal
0.934,TCP,16002,443,19598,61.87,1298210.13,20982.87,1212528.26,267,0.49,96,1,DoS
3.983,HTTP,51296,25,10,632.87,1588.93,2.51,6328.7,4,3.04,0,0,Normal
0.804,TCP,33619,25,26,397.02,12838.96,32.34,10322.52,5,2.29,0,0,Normal
0.833,TCP,59796,110,3144,44.89,169428.76,3774.31,141134.16,161,0.09,454,1,Port Scan
3.281,TCP,2145,443,28973,120.21,1061519.15,8830.54,3482844.33,575,0.29,259,1,DDoS
3.329,UDP,29196,123,40812,77.28,947417.05,12259.54,3153951.36,777,0.41,366,1,DDoS
3.157,TCP,59494,53,11,439.86,1532.61,3.48,4838.46,9,6.55,0,0,Normal
0.698,TCP,2304,3306,3472,58.35,290245.27,4974.21,202591.2,173,0.09,323,1,Port Scan
0.555,HTTP,6531,443,797,1819.49,2612853.21,1436.04,1450133.53,18,0.42,3,1,Web Attack
4.292,UDP,63808,53,41,906.75,8661.87,9.55,37176.75,10,1.14,0,0,Normal
0.244,UDP,62635,22,33,482.22,65218.28,135.25,15913.26,2,0.67,0,0,Normal
0.678,TCP,64200,53,16,913.32,21553.27,23.6,14613.12,13,2.15,0,0,Normal
0.837,ICMP,24219,8080,20102,60.42,1451090.61,24016.73,1214562.84,375,0.17,213,1,DoS
2.409,UDP,55510,53,56041,97.38,2265368.44,23263.18,5457272.58,497,0.78,100,1,DDoS
0.397,UDP,38823,25,60,634.88,95951.64,151.13,38092.8,11,1.95,0,0,Normal
0.749,UDP,25644,53,8,600.11,6409.72,10.68,4800.88,13,2.67,0,0,Normal
3.841,TCP,61845,80,2643,611.87,421029.01,688.1,1617172.41,167,0.87,33,1,Botnet
0.533,TCP,54208,22,33,535.24,33138.69,61.91,17662.92,3,7.08,0,0,Normal
0.866,HTTP,5938,80,49,108.85,6158.95,56.58,5333.65,2,0.1,0,0,Normal
1.246,TCP,10948,8443,26,409.46,8544.11,20.87,10645.96,12,1.32,0,0,Normal
3.144,TCP,35927,22,24,198.21,1513.05,7.63,4757.04,9,12.23,0,0,Normal
4.193,TCP,36673,9001,6074,467.14,676701.25,1448.6,2837408.36,88,2.2,11,1,Botnet
3.268,HTTP,19303,3000,87,302.6,8055.75,26.62,26326.2,4,10.47,0,0,Normal
0.848,TCP,64583,53,2662,49.56,155576.32,3139.15,131928.72,545,0.13,469,1,Port Scan
4.05,TCP,43926,53,54,494.24,6589.87,13.33,26688.96,10,7.36,0,0,Normal
0.069,TCP,54184,3306,3190,56.38,2606553.62,46231.88,179852.2,285,0.15,469,1,Port Scan
0.901,TCP,23520,443,52,429.84,24807.64,57.71,22351.68,5,2.44,0,0,Normal
1.234,UDP,28409,80,15255,46.04,569157.37,12362.24,702340.2,84,0.18,191,1,DoS
0.267,TCP,37465,3000,79,696.48,206074.61,295.88,55021.92,2,2.92,0,0,Normal
0.745,TCP,62765,3000,70,447.44,42041.34,93.96,31320.8,10,10.12,0,0,Normal
0.699,TCP,54269,3306,2514,46.81,168355.28,3596.57,117680.34,175,0.07,140,1,Port Scan
0.01,TCP,4514,8443,20,712.07,284828.0,400.0,14241.4,9,1.15,0,0,Normal
1.536,UDP,62600,80,51208,103.33,3444871.51,33338.54,5291322.64,773,0.38,443,1,DDoS
5.013,TCP,7029,22,2520,130.83,65767.32,502.69,329691.6,100,3.29,83,1,Brute Force
0.235,HTTP,3466,8443,41,591.58,103211.83,174.47,24254.78,14,2.02,0,0,Normal
0.548,UDP,30758,8443,76,338.26,46911.97,138.69,25707.76,2,1.49,0,0,Normal
0.906,TCP,49551,80,25,699.14,19291.94,27.59,17478.5,12,0.42,0,0,Normal
3.85,TCP,56606,443,43,875.24,9775.41,11.17,37635.32,6,0.1,0,0,Normal
1.882,UDP,60906,80,116,118.98,7333.52,61.64,13801.68,5,2.71,0,0,Normal
0.611,TCP,59450,8080,33755,65.92,3641783.31,55245.5,2225129.6,99,0.14,239,1,DoS
3.27,HTTP,37486,80,21,479.83,3081.48,6.42,10076.43,10,0.74,1,0,Normal
0.561,HTTP,6949,53,25,477.8,21292.34,44.56,11945.0,13,1.33,0,0,Normal
0.529,DNS,5886,8080,62,583.57,68395.73,117.2,36181.34,3,2.09,0,0,Normal
4.265,ICMP,63019,8443,40,477.13,4474.84,9.38,19085.2,10,0.71,0,0,Normal
2.706,TCP,22630,443,66,940.38,22936.1,24.39,62065.08,9,1.83,0,0,Normal
0.68,TCP,34471,3000,13,497.64,9513.71,19.12,6469.32,13,1.15,0,0,Normal
1.112,HTTP,39060,80,21,351.71,6642.01,18.88,7385.91,14,0.7,1,0,Normal
0.109,UDP,48696,443,35,749.46,240652.29,321.1,26231.1,15,6.01,0,0,Normal
1.879,TCP,31677,123,56485,173.35,5211109.5,30061.2,9791674.75,759,0.5,373,1,DDoS
1.064,UDP,15589,8080,88,244.28,20203.61,82.71,21496.64,4,0.23,0,0,Normal
7.491,TCP,6821,21,1188,177.28,28114.89,158.59,210608.64,48,2.56,57,1,Brute Force
1.688,UDP,31259,443,31,673.69,12372.27,18.36,20884.39,2,5.62,0,0,Normal
4.547,TCP,46916,21,3968,115.35,100661.71,872.66,457708.8,134,2.9,44,1,Brute Force
0.36,UDP,46094,443,11056,50.64,1555210.67,30711.11,559875.84,376,0.21,91,1,DoS
1.9,TCP,9383,25,15,507.94,4010.05,7.89,7619.1,1,1.78,0,0,Normal
0.758,TCP,50111,53,48811,125.12,8057034.72,64394.46,6107232.32,799,0.45,200,1,DDoS
0.017,UDP,56982,8080,45,457.72,411948.0,900.0,20597.4,7,0.75,0,0,Normal
1.219,UDP,6996,8443,90,545.13,40247.5,73.83,49061.7,3,0.92,0,0,Normal
0.045,UDP,40158,80,53,855.63,906967.8,1060.0,45348.39,1,4.65,0,0,Normal
0.215,UDP,44845,443,28,485.31,63203.16,130.23,13588.68,4,8.96,0,0,Normal
0.128,DNS,27022,8080,18,310.71,43693.59,140.62,5592.78,1,9.83,0,0,Normal
2.457,TCP,28384,80,34,459.64,6360.5,13.84,15627.76,5,2.43,0,0,Normal
0.421,HTTP,10241,8080,38,569.29,51384.85,90.26,21633.02,12,5.53,0,0,Normal
2.109,TCP,39056,80,54,740.55,18961.45,25.6,39989.7,8,1.35,0,0,Normal
1.276,UDP,59172,80,22050,133.71,2310584.25,17280.56,2948305.5,345,0.69,435,1,DDoS
0.019,HTTP,35815,53,17,592.6,201484.0,340.0,10074.2,6,3.52,0,0,Normal
3.636,HTTP,11956,53,31,386.08,3291.66,8.53,11968.48,9,3.22,0,0,Normal
0.963,TCP,19661,3000,14,733.62,10665.3,14.54,10270.68,3,0.47,0,0,Normal
2.105,TCP,37287,443,1123,2122.82,1132506.82,533.49,2383926.86,63,0.49,9,1,Web Attack
1.218,DNS,42967,22,32,800.88,21041.18,26.27,25628.16,11,3.12,0,0,Normal
0.602,UDP,16084,25,20,135.52,4502.33,33.22,2710.4,4,1.4,0,0,Normal
0.669,TCP,41975,53,62,419.06,38836.65,92.68,25981.72,10,2.88,0,0,Normal
0.142,TCP,49352,80,11356,49.68,3973000.56,79971.83,564166.08,156,0.26,168,1,DoS
0.397,TCP,61050,443,4,768.41,7742.17,10.08,3073.64,7,2.36,0,0,Normal
1.538,TCP,53455,8080,26,976.89,16514.4,16.91,25399.14,14,0.09,0,0,Normal
2.777,TCP,48276,80,32,964.74,11116.92,11.52,30871.68,7,0.98,0,0,Normal
0.335,TCP,30323,80,24370,59.92,4358956.42,72746.27,1460250.4,155,0.5,215,1,DoS
0.859,HTTP,24740,443,70,851.87,69418.98,81.49,59630.9,6,0.38,0,0,Normal
1.858,TCP,43245,80,21556,57.65,668839.29,11601.72,1242703.4,310,0.18,81,1,DoS
1.495,DNS,43614,8080,21,267.39,3755.98,14.05,5615.19,8,2.62,0,0,Normal
1.274,TCP,27239,3000,40,210.85,6620.09,31.4,8434.0,15,8.94,1,0,Normal
3.377,TCP,53765,443,44321,78.31,1027769.47,13124.37,3470777.51,795,0.24,282,1,DDoS
1.007,HTTP,64532,443,38,661.66,24968.3,37.74,25143.08,8,8.86,0,0,Normal
1.396,HTTP,3012,80,35,414.02,10380.16,25.07,14490.7,15,1.48,0,0,Normal
1.318,TCP,48337,443,34,807.39,20827.97,25.8,27451.26,11,0.44,0,0,Normal
1.062,UDP,24568,443,63,945.37,56081.27,59.32,59558.31,12,3.95,0,0,Normal
0.819,TCP,44412,25,62,560.39,42422.69,75.7,34744.18,5,0.74,0,0,Normal
3.716,TCP,6570,3306,4638,244.27,304877.36,1248.12,1132924.26,103,3.88,112,1,Brute Force
1.24,UDP,4240,8080,16,965.93,12463.61,12.9,15454.88,4,3.54,0,0,Normal
4.574,UDP,53762,80,41,521.2,4671.88,8.96,21369.2,3,2.84,0,0,Normal
1.415,TCP,39440,25,63,676.74,30130.47,44.52,42634.62,6,1.83,0,0,Normal
1.91,UDP,56404,8080,23116,50.04,605614.99,12102.62,1156724.64,300,0.31,84,1,DoS
1.179,UDP,55355,53,43,333.68,12169.84,36.47,14348.24,7,5.14,0,0,Normal
2.557,ICMP,35149,22,34,665.01,8842.53,13.3,22610.34,7,0.79,0,0,Normal
0.494,TCP,22028,25,1065,58.58,126290.89,2155.87,62387.7,479,0.11,405,1,Port Scan
0.577,TCP,5176,1433,2830,45.4,222672.44,4904.68,128482.0,354,0.12,212,1,Port Scan
0.332,HTTP,54339,22,32,424.05,40872.29,96.39,13569.6,13,0.06,0,0,Normal
1.973,HTTP,25981,443,2388,1890.41,2288038.05,1210.34,4514299.08,78,1.86,2,1,Web Attack
0.131,TCP,47945,8443,46,334.86,117584.43,351.15,15403.56,6,1.29,0,0,Normal
2.798,HTTP,27637,25,19,787.58,5348.11,6.79,14964.02,8,5.57,0,0,Normal
0.528,UDP,50478,443,25,526.37,24922.82,47.35,13159.25,14,0.16,0,0,Normal
0.399,TCP,6693,25,35,853.04,74828.07,87.72,29856.4,13,1.43,1,0,Normal
3.86,TCP,36627,25,61,382.02,6037.1,15.8,23303.22,1,1.43,0,0,Normal
0.868,DNS,61122,80,1891,975.28,2124717.14,2178.57,1844254.48,68,2.49,10,1,Botnet
1.172,HTTP,53859,443,1643,379.82,532460.97,1401.88,624044.26,11,0.82,12,1,Web Attack
0.594,DNS,61831,53,59,548.96,54526.33,99.33,32388.64,3,3.92,0,0,Normal
1.952,TCP,27278,443,58599,116.11,3485619.82,30019.98,6803929.89,316,0.72,440,1,DDoS
0.102,TCP,9575,8080,47,828.86,381925.69,460.78,38956.42,12,5.03,0,0,Normal
1.67,HTTP,35825,22,12,260.76,1873.72,7.19,3129.12,1,1.66,0,0,Normal
0.481,UDP,45531,8080,53,392.44,43241.83,110.19,20799.32,3,0.73,0,0,Normal
3.97,HTTP,47873,9001,1746,924.91,406774.02,439.8,1614892.86,77,1.86,16,1,Botnet
0.044,UDP,34741,8080,45,421.6,379440.0,900.0,18972.0,6,0.75,2,0,Normal
0.915,UDP,63818,8443,26,428.15,12166.01,28.42,11131.9,7,0.93,1,0,Normal
0.867,TCP,57237,8080,12269,82.13,1162229.49,14151.1,1007652.97,154,0.09,82,1,DoS
0.526,TCP,56888,3000,20,512.75,19496.2,38.02,10255.0,13,5.32,0,0,Normal
1.071,HTTP,10094,25,9,569.61,4786.64,8.4,5126.49,1,2.92,0,0,Normal
1.391,TCP,55356,53,26,681.07,12730.28,18.69,17707.82,13,0.82,1,0,Normal
0.815,TCP,40015,443,3256,43.28,172907.58,3995.09,140919.68,175,0.02,281,1,Port Scan
1.936,HTTP,63519,8080,1435,2375.22,1760558.21,741.22,3408440.7,34,0.9,21,1,Web Attack
2.202,UDP,27790,80,33446,143.18,2174749.45,15188.92,4788798.28,546,0.78,197,1,DDoS
0.3,HTTP,5285,53,25,807.56,67296.67,83.33,20189.0,1,4.4,0,0,Normal
1.095,UDP,43092,25,28,812.53,20777.02,25.57,22750.84,8,0.12,0,0,Normal
1.699,TCP,41602,22,20,493.81,5812.95,11.77,9876.2,11,2.71,0,0,Normal
1.088,TCP,23783,8443,15,747.96,10311.95,13.79,11219.4,14,18.35,0,0,Normal
0.499,UDP,8799,443,46481,162.21,15109585.19,93148.3,7539683.01,482,0.58,177,1,DDoS
1.79,TCP,33107,8080,34686,65.25,1264391.9,19377.65,2263261.5,135,0.07,151,1,DoS
1.013,UDP,65522,443,38,347.77,13045.67,37.51,13215.26,1,0.38,0,0,Normal
0.175,TCP,36410,8080,12,546.93,37503.77,68.57,6563.16,4,0.98,0,0,Normal
0.919,TCP,18092,9001,3120,855.31,2903772.8,3394.99,2668567.2,67,1.35,16,1,Botnet
0.725,UDP,14903,80,8642,62.66,746907.2,11920.0,541507.72,158,0.21,136,1,DoS
0.898,TCP,52052,443,9589,83.25,888957.96,10678.17,798284.25,137,0.4,170,1,DoS
2.707,HTTP,40647,8080,207,2530.28,193486.5,76.47,523767.96,42,0.98,14,1,Web Attack
0.189,TCP,54725,25,56,851.53,252305.19,296.3,47685.68,9,6.93,0,0,Normal
2.712,TCP,45758,25,23,693.39,5880.52,8.48,15947.97,2,1.01,2,0,Normal
0.257,TCP,53386,8080,22732,68.21,6033267.39,88451.36,1550549.72,173,0.42,190,1,DoS
0.071,TCP,40352,80,28,502.44,198145.35,394.37,14068.32,4,1.42,0,0,Normal
3.12,TCP,20655,123,46116,73.59,1087716.81,14780.77,3393676.44,293,0.06,411,1,DDoS
2.113,TCP,47375,8443,55,703.16,18302.79,26.03,38673.8,15,3.21,0,0,Normal
2.63,HTTP,31185,80,66,77.57,1946.62,25.1,5119.62,2,0.52,0,0,Normal
4.452,UDP,48770,22,56,124.96,1571.82,12.58,6997.76,9,2.33,0,0,Normal
0.01,UDP,50959,53,8,379.42,60707.2,160.0,3035.36,9,0.52,0,0,Normal
4.706,UDP,31385,6667,6821,1018.88,1476791.43,1449.43,6949780.48,144,2.48,16,1,Botnet
3.309,UDP,48831,80,45448,96.53,1325807.02,13734.66,4387095.44,610,0.39,316,1,DDoS
0.041,TCP,13722,53,47,66.14,62171.6,940.0,3108.58,2,1.59,0,0,Normal
1.148,HTTP,15575,3000,24,272.44,5695.61,20.91,6538.56,15,2.02,0,0,Normal
0.708,TCP,45706,53,13,40.0,734.46,18.36,520.0,3,3.96,0,0,Normal
1.566,TCP,19132,443,23806,60.41,918340.01,15201.79,1438120.46,95,0.02,38,1,DoS
0.148,UDP,12815,8080,6,898.11,36409.86,40.54,5388.66,9,2.32,0,0,Normal
0.529,TCP,16280,443,41,109.24,8466.62,77.5,4478.84,7,4.05,0,0,Normal
3.48,TCP,57173,443,41,313.49,3693.42,11.78,12853.09,15,7.86,0,0,Normal
0.74,TCP,25569,80,23574,63.44,2020992.65,31856.76,1495534.56,352,0.2,74,1,DoS
1.426,TCP,13223,80,19595,111.45,1531460.55,13741.23,2183862.75,533,0.72,173,1,DDoS
0.554,TCP,63088,445,3162,47.97,273792.67,5707.58,151681.14,509,0.1,498,1,Port Scan
1.828,HTTP,34280,3000,45,404.05,9946.53,24.62,18182.25,9,2.87,0,0,Normal
2.538,TCP,2456,53,12,449.03,2123.07,4.73,5388.36,13,1.15,0,0,Normal
0.988,TCP,23215,53,50,592.42,29980.77,50.61,29621.0,5,2.3,0,0,Normal
2.176,TCP,44855,80,3706,438.88,747467.5,1703.12,1626489.28,126,1.29,11,1,Botnet
0.145,DNS,32994,8443,29,392.15,78430.0,200.0,11372.35,15,7.68,0,0,Normal
0.081,TCP,59393,22,49,743.92,450025.68,604.94,36452.08,1,0.05,0,0,Normal
0.056,TCP,32198,3000,37,704.84,465697.86,660.71,26079.08,7,1.93,0,0,Normal
2.814,HTTP,45116,25,71,925.59,23353.55,25.23,65716.89,4,1.26,0,0,Normal
0.15,TCP,37173,8080,11730,63.73,4983686.0,78200.0,747552.9,254,0.47,60,1,DoS
0.266,UDP,20018,53,80,540.92,162682.71,300.75,43273.6,13,1.73,0,0,Normal
0.878,HTTP,5688,22,52,679.41,40238.41,59.23,35329.32,15,0.22,0,0,Normal
0.154,DNS,34968,3000,24,411.59,64143.9,155.84,9878.16,1,1.75,0,0,Normal
0.257,TCP,3411,3389,2684,54.9,573352.53,10443.58,147351.6,195,0.08,473,1,Port Scan
0.654,UDP,17249,80,20226,72.87,2253621.74,30926.61,1473868.62,251,0.18,73,1,DoS
2.401,HTTP,50246,8080,540,1272.05,286092.04,224.91,686907.0,68,1.19,20,1,Web Attack
0.76,TCP,19053,21,2178,41.64,119331.47,2865.79,90691.92,385,0.13,187,1,Port Scan
3.048,UDP,37703,443,16420,107.0,576423.88,5387.14,1756940.0,674,0.78,280,1,DDoS
0.593,TCP,38825,443,23692,66.53,2658058.62,39952.78,1576228.76,705,0.67,99,1,DDoS
0.24,TCP,52288,53,38421,120.68,19319359.5,160087.5,4636646.28,464,0.15,287,1,DDoS
3.433,TCP,15802,3389,1865,168.07,91305.14,543.26,313450.55,59,1.35,79,1,Brute Force
0.057,UDP,3628,443,29,1018.0,517929.82,508.77,29522.0,7,1.69,0,0,Normal
0.267,HTTP,28197,8443,10,221.46,8294.38,37.45,2214.6,1,0.13,0,0,Normal
2.303,TCP,7490,22,3553,377.12,581809.54,1542.77,1339907.36,92,2.1,40,1,Brute Force
0.285,TCP,65020,443,24,605.56,50994.53,84.21,14533.44,12,6.19,0,0,Normal
0.115,TCP,17765,8080,3305,45.54,1308780.0,28739.13,150509.7,425,0.04,476,1,Port Scan
0.761,UDP,7390,22,38,439.72,21957.11,49.93,16709.36,4,0.8,0,0,Normal
2.193,ICMP,13270,22,89,573.09,23258.1,40.58,51005.01,5,2.08,0,0,Normal
0.107,UDP,65090,443,67,871.15,545486.45,626.17,58367.05,12,0.05,1,0,Normal
0.423,TCP,14148,80,5666,54.2,725998.11,13394.8,307097.2,299,0.18,50,1,DoS
0.283,TCP,49909,8080,37,406.58,53157.1,130.74,15043.46,6,0.09,0,0,Normal
1.889,TCP,31319,443,31,395.79,6495.23,16.41,12269.49,6,0.36,0,0,Normal
0.267,HTTP,5547,3000,27,700.8,70867.42,101.12,18921.6,1,0.15,0,0,Normal
0.074,TCP,63446,3306,3787,50.56,2587442.16,51175.68,191470.72,451,0.02,294,1,Port Scan
0.476,TCP,62732,443,3349,32.65,229716.07,7035.71,109344.85,556,0.11,495,1,Port Scan
0.41,TCP,17344,8080,11619,60.07,1702325.2,28339.02,697953.33,143,0.46,210,1,DoS
1.979,TCP,22913,53,46817,187.07,4425495.8,23656.9,8758056.19,434,0.34,107,1,DDoS
0.645,TCP,47738,8080,27023,62.1,2601749.3,41896.12,1678128.3,375,0.45,206,1,DoS
0.646,TCP,37702,80,15901,64.32,1583207.93,24614.55,1022752.32,198,0.43,81,1,DoS
0.611,UDP,26059,25,12,881.05,17303.76,19.64,10572.6,2,2.97,0,0,Normal
1.851,TCP,26535,443,21800,62.92,741035.12,11777.42,1371656.0,133,0.21,236,1,DoS
3.274,TCP,40266,443,4945,732.98,1107081.89,1510.38,3624586.1,189,0.6,26,1,Botnet
0.234,TCP,59334,8443,33,618.69,87251.15,141.03,20416.77,3,5.17,0,0,Normal
0.649,TCP,10002,80,28909,69.37,3090011.29,44543.91,2005417.33,290,0.4,41,1,DoS
0.221,TCP,14827,3000,27,710.49,86801.95,122.17,19183.23,10,0.25,0,0,Normal
0.306,TCP,24696,80,1357,53.74,238317.58,4434.64,72925.18,411,0.02,260,1,Port Scan
1.858,UDP,45803,443,6758,58.5,212778.79,3637.24,395343.0,166,0.02,231,1,DoS
0.051,TCP,17497,53,3542,42.56,2955833.73,69450.98,150747.52,427,0.1,357,1,Port Scan
2.534,TCP,37832,443,48,40.0,757.7,18.94,1920.0,6,0.95,0,0,Normal
0.07,TCP,52461,8443,37,323.98,171246.57,528.57,11987.26,8,0.67,0,0,Normal
0.329,UDP,35370,22,40,394.1,47914.89,121.58,15764.0,10,2.4,0,0,Normal
0.314,UDP,17607,25,68,639.39,138466.62,216.56,43478.52,11,1.13,0,0,Normal
2.972,TCP,23119,80,17872,89.27,536821.48,6013.46,1595433.44,790,0.24,420,1,DDoS
1.155,TCP,19827,22,45,633.08,24665.45,38.96,28488.6,7,1.84,0,0,Normal
4.235,ICMP,50335,22,41,250.86,2428.63,9.68,10285.26,7,1.48,0,0,Normal
0.309,TCP,40072,23,3086,55.28,552084.4,9987.06,170594.08,150,0.07,327,1,Port Scan
0.01,TCP,40608,8080,58,451.8,524088.0,1160.0,26204.4,14,0.35,1,0,Normal
0.043,ICMP,53287,22,53,40.0,42400.0,1060.0,2120.0,10,5.95,0,0,Normal
0.455,TCP,8621,8443,19,387.35,16175.05,41.76,7359.65,14,2.46,0,0,Normal
2.551,UDP,21226,80,58778,86.48,1992599.55,23041.16,5083121.44,579,0.43,306,1,DDoS
0.503,TCP,33025,80,27,615.3,33028.03,53.68,16613.1,4,0.8,0,0,Normal
1.261,UDP,16153,80,30575,57.09,1384240.09,24246.63,1745526.75,103,0.15,217,1,DoS
0.362,UDP,52325,25,76,867.83,182196.35,209.94,65955.08,11,1.14,0,0,Normal
2.373,HTTP,19977,53,34,724.49,10380.39,14.33,24632.66,1,0.67,0,0,Normal
3.029,TCP,19351,25,11,867.53,3150.49,3.63,9542.83,9,1.5,0,0,Normal
0.55,ICMP,48188,25,70,898.08,114301.09,127.27,62865.6,9,0.24,0,0,Normal
0.348,TCP,17488,443,16313,58.31,2733365.03,46876.44,951211.03,690,0.6,255,1,DDoS
1.224,TCP,30471,123,29845,103.56,2525121.08,24383.17,3090748.2,482,0.16,126,1,DDoS
0.978,TCP,7308,8080,32023,55.91,1830680.91,32743.35,1790405.93,296,0.45,82,1,DoS
0.775,TCP,30695,25,16,471.89,9742.25,20.65,7550.24,4,8.86,0,0,Normal
0.227,HTTP,49997,22,32,506.89,71455.86,140.97,16220.48,3,0.8,0,0,Normal
1.072,UDP,48498,443,30115,130.98,3679536.1,28092.35,3944462.7,732,0.52,390,1,DDoS
6.851,UDP,51988,53,50,870.08,6350.02,7.3,43504.0,1,0.13,0,0,Normal
2.136,TCP,18180,443,43,185.31,3730.49,20.13,7968.33,1,1.61,0,0,Normal
6.392,TCP,12771,21,2648,154.26,63904.96,414.27,408480.48,74,3.82,39,1,Brute Force
0.083,UDP,50112,80,35,841.95,355039.16,421.69,29468.25,6,0.38,0,0,Normal
1.996,HTTP,43057,53,32,786.47,12608.74,16.03,25167.04,11,0.93,0,0,Normal
0.994,TCP,15203,443,34187,62.44,2147521.41,34393.36,2134636.28,249,0.05,55,1,DoS
2.172,TCP,30968,23,2700,93.23,115893.65,1243.09,251721.0,75,2.29,75,1,Brute Force
0.909,TCP,31304,443,21,1004.52,23206.73,23.1,21094.92,13,4.35,0,0,Normal
0.363,TCP,2512,123,46670,52.54,6754936.09,128567.49,2452041.8,840,0.13,348,1,DDoS
0.958,DNS,35700,80,35,566.81,20708.09,36.53,19838.35,1,4.56,0,0,Normal
0.432,UDP,53033,443,22,237.02,12070.46,50.93,5214.44,10,0.68,0,0,Normal
0.778,TCP,41648,80,3660,24.04,113093.06,4704.37,87986.4,330,0.12,140,1,Port Scan
2.585,UDP,19816,53,27,705.63,7370.22,10.44,19052.01,2,0.3,0,0,Normal
0.996,TCP,49498,53,56,573.36,32237.11,56.22,32108.16,4,3.26,0,0,Normal
0.284,UDP,62405,25,24,764.15,64576.06,84.51,18339.6,15,3.35,0,0,Normal
1.364,ICMP,17759,80,11,466.49,3762.02,8.06,5131.39,3,0.96,0,0,Normal
0.057,TCP,3251,443,85,407.06,607019.3,1491.23,34600.1,4,0.3,0,0,Normal
0.632,UDP,7676,22,52,322.12,26503.54,82.28,16750.24,13,4.9,0,0,Normal
2.586,TCP,15242,80,34,336.34,4422.1,13.15,11435.56,6,1.32,0,0,Normal
1.441,TCP,48143,3000,18,59.34,741.24,12.49,1068.12,9,0.75,0,0,Normal
0.022,TCP,51010,22,36,598.96,431251.2,720.0,21562.56,11,0.8,0,0,Normal
2.047,UDP,39429,443,48,368.94,8651.26,23.45,17709.12,6,5.02,0,0,Normal
0.418,TCP,20304,443,2698,48.32,311883.64,6454.55,130367.36,222,0.15,293,1,Port Scan
1.776,TCP,14078,443,9437,86.08,457396.94,5313.63,812336.96,106,0.26,139,1,DoS
1.094,TCP,63400,443,15,904.46,12401.19,13.71,13566.9,13,2.47,1,0,Normal
0.864,UDP,63640,80,36827,78.4,3341709.26,42623.84,2887236.8,352,0.49,190,1,DDoS
0.343,TCP,63989,443,34894,68.33,6951332.42,101731.78,2384307.02,122,0.21,148,1,DoS
0.687,DNS,62583,80,54,229.76,18059.74,78.6,12407.04,1,2.16,0,0,Normal
0.277,TCP,12456,53,53,491.34,94010.9,191.34,26041.02,6,1.77,0,0,Normal
0.038,TCP,16444,3000,33,720.83,475747.8,660.0,23787.39,10,6.45,0,0,Normal
3.794,TCP,42071,8443,22,306.89,1779.54,5.8,6751.58,7,3.31,0,0,Normal
0.872,UDP,61002,25,23,512.66,13522.0,26.38,11791.18,5,5.84,0,0,Normal
0.403,TCP,10931,443,29,842.09,60597.05,71.96,24420.61,12,4.33,0,0,Normal
1.33,UDP,37962,443,64,391.89,18857.86,48.12,25080.96,1,0.4,0,0,Normal
0.414,TCP,44698,3389,3032,46.49,340477.49,7323.67,140957.68,574,0.05,133,1,Port Scan
2.869,TCP,54466,53,45,301.84,4734.33,15.68,13582.8,14,5.66,0,0,Normal
0.37,UDP,16104,22,54,490.1,71528.11,145.95,26465.4,1,3.96,0,0,Normal
0.833,HTTP,15479,443,14,334.74,5625.88,16.81,4686.36,13,2.95,0,0,Normal
0.492,UDP,33323,80,91,618.16,114334.47,184.96,56252.56,7,1.81,0,0,Normal
0.284,TCP,32509,3000,30,448.83,47411.62,105.63,13464.9,14,2.09,0,0,Normal
0.218,UDP,4463,22,20,432.51,39679.82,91.74,8650.2,8,0.16,0,0,Normal
0.594,HTTP,52106,53,68,208.45,23862.96,114.48,14174.6,9,0.41,0,0,Normal
1.199,TCP,29980,8443,10,438.31,3655.63,8.34,4383.1,9,2.79,0,0,Normal
1.738,UDP,39449,443,54698,148.64,4677969.34,31471.81,8130310.72,274,0.55,201,1,DDoS
2.101,HTTP,56559,8080,2245,2377.56,2540515.09,1068.54,5337622.2,36,1.22,3,1,Web Attack
4.791,TCP,44595,3000,73,40.0,609.48,15.24,2920.0,6,3.35,0,0,Normal
0.076,TCP,19498,8080,33,766.71,332913.55,434.21,25301.43,12,9.06,0,0,Normal
0.022,UDP,35689,8080,43,579.8,498628.0,860.0,24931.4,12,3.53,0,0,Normal
0.979,UDP,25907,8443,19,281.81,5469.24,19.41,5354.39,14,1.47,0,0,Normal
1.61,TCP,30151,80,16117,119.05,1191757.05,10010.56,1918728.85,750,0.06,337,1,DDoS
0.398,UDP,47800,443,70,545.17,95884.17,175.88,38161.9,13,0.05,0,0,Normal
0.394,UDP,60731,22,32,447.67,36358.98,81.22,14325.44,6,1.57,0,0,Normal
0.395,TCP,25054,8080,17431,76.56,3378524.96,44129.11,1334517.36,300,0.35,35,1,DoS
0.942,TCP,26030,8443,27,40.0,1146.5,28.66,1080.0,9,5.08,0,0,Normal
0.244,UDP,55451,53,40,437.83,71775.41,163.93,17513.2,12,4.18,0,0,Normal
4.146,HTTP,12702,80,1976,1033.69,492660.74,476.6,2042571.44,121,1.72,12,1,Botnet
0.912,TCP,65338,443,17669,71.36,1382521.75,19373.9,1260859.84,114,0.49,120,1,DoS
2.304,HTTP,9251,53,29,646.07,8131.96,12.59,18736.03,1,0.97,0,0,Normal
0.241,TCP,52842,8443,47,832.33,162321.62,195.02,39119.51,1,2.03,0,0,Normal
0.557,UDP,15372,8080,30,509.84,27459.96,53.86,15295.2,11,3.67,0,0,Normal
1.276,HTTP,12116,53,17,577.37,7692.23,13.32,9815.29,12,0.83,0,0,Normal
0.24,UDP,49002,3000,96,465.86,186344.0,400.0,44722.56,9,0.51,0,0,Normal
1.396,UDP,5699,80,18189,64.43,839482.29,13029.37,1171917.27,209,0.11,145,1,DoS
1.455,TCP,22115,22,21,783.5,11308.25,14.43,16453.5,12,5.91,0,0,Normal
0.754,TCP,20148,8080,24,763.07,24288.7,31.83,18313.68,8,6.32,0,0,Normal
1.118,TCP,48788,80,20,862.4,15427.55,17.89,17248.0,12,6.61,1,0,Normal
7.733,TCP,22573,21,4009,156.58,81175.38,518.43,627729.22,54,1.62,28,1,Brute Force
0.814,TCP,3070,80,1409,1412.19,2444441.9,1730.96,1989775.71,36,0.32,15,1,Web Attack
0.38,TCP,9140,3000,23,376.11,22764.55,60.53,8650.53,1,3.27,0,0,Normal
3.039,UDP,28311,80,27,1038.24,9224.24,8.88,28032.48,2,3.91,0,0,Normal
1.828,TCP,53756,443,59,471.86,15229.62,32.28,27839.74,12,1.82,1,0,Normal
0.01,TCP,5200,25,52,680.13,707335.2,1040.0,35366.76,12,2.08,0,0,Normal
2.785,HTTP,13276,8080,28,785.17,7893.99,10.05,21984.76,6,8.61,0,0,Normal
0.911,HTTP,56071,8443,53,649.51,37787.08,58.18,34424.03,3,4.18,0,0,Normal
0.038,TCP,1497,53,74,630.05,932474.0,1480.0,46623.7,15,4.59,0,0,Normal
6.158,TCP,45257,22,2783,199.24,90043.02,451.93,554484.92,88,2.64,68,1,Brute Force
6.001,TCP,65229,3389,3042,175.08,88750.77,506.92,532593.36,117,3.24,64,1,Brute Force
2.9,UDP,48539,80,32823,125.33,1418519.51,11318.28,4113706.59,384,0.47,308,1,DDoS
0.678,DNS,19624,22,61,1010.5,90915.19,89.97,61640.5,4,0.8,0,0,Normal
1.382,TCP,39155,25,69,615.97,30753.93,49.93,42501.93,15,2.3,0,0,Normal
2.562,HTTP,60737,443,1270,1745.45,865230.87,495.71,2216721.5,59,0.96,11,1,Web Attack
1.462,TCP,46782,8080,13990,75.38,721317.51,9569.08,1054566.2,331,0.09,74,1,DoS
0.912,HTTP,26422,8443,41,262.46,11799.19,44.96,10760.86,13,1.19,1,0,Normal
3.091,TCP,31374,3389,2081,196.98,132615.78,673.24,409915.38,45,3.34,79,1,Brute Force
0.082,TCP,32973,80,48,991.63,580466.34,585.37,47598.24,2,0.33,0,0,Normal
0.275,TCP,33977,443,51,516.96,95872.58,185.45,26364.96,5,1.22,0,0,Normal
2.822,UDP,42141,9001,2666,834.43,788302.76,944.72,2224590.38,76,0.64,31,1,Botnet
0.788,TCP,32908,443,11,730.51,10197.47,13.96,8035.61,4,0.88,0,0,Normal
0.664,TCP,29597,22,18,323.27,8763.34,27.11,5818.86,8,1.49,0,0,Normal
3.981,TCP,15208,23,2171,134.15,73157.41,545.34,291239.65,115,2.74,42,1,Brute Force
2.544,HTTP,63825,25,48,651.85,12299.06,18.87,31288.8,2,0.85,0,0,Normal
0.765,TCP,30590,80,1883,51.71,127280.95,2461.44,97369.93,588,0.14,389,1,Port Scan
1.334,HTTP,22752,443,68,431.41,21990.91,50.97,29335.88,1,11.6,1,0,Normal
3.432,TCP,38143,3306,3486,139.17,141359.74,1015.73,485146.62,90,1.82,52,1,Brute Force
0.115,TCP,50896,443,35,553.58,168480.87,304.35,19375.3,7,0.22,0,0,Normal
0.173,HTTP,43685,22,38,711.62,156309.6,219.65,27041.56,3,1.29,0,0,Normal
1.999,UDP,4929,8080,22692,75.57,857846.14,11351.68,1714834.44,314,0.42,164,1,DoS
0.43,ICMP,34016,80,23,399.92,21391.07,53.49,9198.16,4,7.99,0,0,Normal
0.323,TCP,41225,22,3866,58.88,704737.09,11969.04,227630.08,263,0.02,434,1,Port Scan
0.629,TCP,14130,443,37,862.64,50743.53,58.82,31917.68,8,3.77,0,0,Normal
2.594,TCP,48133,80,24101,86.56,804233.83,9291.06,2086182.56,641,0.67,298,1,DDoS
3.005,UDP,53637,3000,34,311.52,3524.69,11.31,10591.68,13,0.1,0,0,Normal
0.981,TCP,61611,8080,53,510.02,27554.6,54.03,27031.06,13,1.7,1,0,Normal
2.863,TCP,52420,8080,2257,3127.97,2465884.84,788.33,7059828.29,16,0.4,5,1,Web Attack
0.431,UDP,37203,3000,38,466.51,41130.81,88.17,17727.38,7,2.11,0,0,Normal
6.538,TCP,60559,22,2056,168.77,53072.98,314.47,346991.12,55,0.82,40,1,Brute Force
0.844,UDP,5800,8080,48,579.55,32960.19,56.87,27818.4,9,0.32,0,0,Normal
0.777,TCP,53858,8080,19731,63.62,1615554.98,25393.82,1255286.22,205,0.02,87,1,DoS
0.57,TCP,46679,443,26476,55.27,2567243.02,46449.12,1463328.52,396,0.41,203,1,DoS
4.956,TCP,50716,80,3952,998.29,796053.69,797.42,3945242.08,112,1.52,21,1,Botnet
1.537,HTTP,49222,22,100,584.05,37999.35,65.06,58405.0,9,1.58,0,0,Normal
0.318,DNS,61376,443,54,614.76,104393.21,169.81,33197.04,1,10.22,0,0,Normal
0.717,TCP,54591,8080,797,57.93,64393.6,1111.58,46170.21,292,0.13,268,1,Port Scan
0.389,HTTP,52518,25,46,346.62,40988.48,118.25,15944.52,14,1.3,0,0,Normal
1.246,TCP,45350,22,53,404.23,17194.37,42.54,21424.19,8,4.69,0,0,Normal
0.723,TCP,38712,22,9,842.52,10487.8,12.45,7582.68,11,2.23,0,0,Normal
1.645,HTTP,62027,3000,37,908.46,20433.45,22.49,33613.02,11,0.05,0,0,Normal
1.433,UDP,17587,22,24,534.9,8958.55,16.75,12837.6,2,0.18,0,0,Normal
1.412,TCP,51718,53,32,654.23,14826.74,22.66,20935.36,10,2.78,0,0,Normal
7.511,TCP,40650,3389,3875,247.15,127507.16,515.91,957706.25,121,3.22,53,1,Brute Force
0.691,DNS,5904,53,20,56.13,1624.6,28.94,1122.6,3,6.75,0,0,Normal
0.152,UDP,51589,80,15,644.58,63609.87,98.68,9668.7,2,4.95,0,0,Normal
3.46,TCP,19253,53,32,657.4,6080.0,9.25,21036.8,10,0.5,0,0,Normal
0.688,HTTP,40759,22,82,792.96,94509.77,119.19,65022.72,13,4.02,0,0,Normal
0.397,UDP,6594,443,15,496.26,18750.38,37.78,7443.9,3,3.05,0,0,Normal
2.579,HTTP,43773,22,47,40.0,728.96,18.22,1880.0,9,6.52,0,0,Normal
0.398,UDP,38670,8443,16,213.43,8580.1,40.2,3414.88,9,10.66,0,0,Normal
1.812,UDP,18928,123,33759,186.18,3468681.36,18630.79,6285250.62,338,0.66,447,1,DDoS
3.474,TCP,39203,443,1168,863.03,290160.92,336.21,1008019.04,79,0.77,10,1,Botnet
0.097,UDP,3216,80,33,305.9,104069.07,340.21,10094.7,10,9.57,0,0,Normal
2.428,UDP,13217,3000,48,920.81,18203.82,19.77,44198.88,5,4.75,0,0,Normal
0.027,UDP,57421,53,29,379.65,220197.0,580.0,11009.85,2,0.36,0,0,Normal
1.613,TCP,44717,22,2880,258.46,461478.49,1785.49,744364.8,76,3.76,93,1,Brute Force
0.84,TCP,50535,443,53104,105.96,6698690.29,63219.05,5626899.84,409,0.46,445,1,DDoS
0.231,TCP,45040,8080,8531,63.94,2361351.26,36930.74,545472.14,380,0.46,107,1,DoS
0.743,TCP,62029,3000,51,114.26,7842.88,68.64,5827.26,2,1.32,0,0,Normal
0.821,TCP,18187,110,2482,66.08,199769.26,3023.14,164010.56,177,0.12,372,1,Port Scan
3.163,TCP,22278,23,1670,107.57,56794.78,527.98,179641.9,126,1.93,58,1,Brute Force
0.595,TCP,27578,443,10178,60.45,1034050.59,17105.88,615260.1,368,0.25,61,1,DoS
1.451,TCP,62897,22,2550,227.18,399248.1,1757.41,579309.0,63,2.86,56,1,Brute Force
0.829,TCP,59599,25,2891,52.73,183887.13,3487.33,152442.43,319,0.15,217,1,Port Scan
0.287,TCP,32621,443,21819,61.38,4666377.07,76024.39,1339250.22,207,0.09,31,1,DoS
1.674,TCP,58550,8080,8947,63.06,337035.73,5344.68,564197.82,263,0.19,151,1,DoS
6.772,TCP,53194,23,3988,148.59,87503.98,588.9,592576.92,81,1.72,100,1,Brute Force
1.823,TCP,62302,22,70,309.56,11886.56,38.4,21669.2,11,0.78,0,0,Normal
0.495,HTTP,9612,8443,17,58.41,2006.0,34.34,992.97,3,2.37,0,0,Normal
1.66,HTTP,45038,3000,28,234.03,3947.49,16.87,6552.84,11,0.73,0,0,Normal
0.747,TCP,19544,80,23,645.16,19864.36,30.79,14838.68,6,0.82,0,0,Normal
1.333,HTTP,44261,443,22,775.42,12797.63,16.5,17059.24,2,4.81,0,0,Normal
0.027,ICMP,11525,8080,27,260.35,140589.0,540.0,7029.45,15,4.46,0,0,Normal
0.35,ICMP,33450,3000,47,426.45,57266.14,134.29,20043.15,5,0.66,0,0,Normal
7.85,TCP,44384,22,4071,205.32,106478.69,518.6,835857.72,49,0.57,64,1,Brute Force
0.015,TCP,5078,3000,18,542.27,195217.2,360.0,9760.86,2,1.51,0,0,Normal
3.497,TCP,60458,8443,52,443.43,6593.75,14.87,23058.36,1,3.05,0,0,Normal
0.488,HTTP,4722,8443,35,619.96,44464.34,71.72,21698.6,7,2.5,0,0,Normal
2.135,TCP,30524,21,3400,90.01,143341.45,1592.51,306034.0,143,2.27,36,1,Brute Force
1.39,UDP,11119,443,7854,70.29,397163.78,5650.36,552057.66,322,0.22,37,1,DoS
0.169,UDP,17197,8443,50,216.03,63914.2,295.86,10801.5,7,2.03,0,0,Normal
0.419,TCP,4179,21,1092,44.71,116523.44,2606.21,48823.32,351,0.08,247,1,Port Scan
1.949,TCP,9811,80,5168,52.59,139448.5,2651.62,271785.12,384,0.49,163,1,DoS
0.335,HTTP,45511,443,1133,2333.92,7893526.45,3382.09,2644331.36,23,1.98,20,1,Web Attack
0.118,HTTP,49712,8080,55,606.24,282569.49,466.1,33343.2,4,10.05,0,0,Normal
1.198,TCP,35542,80,8412,51.62,362460.3,7021.7,434227.44,381,0.24,163,1,DoS
0.803,TCP,43127,80,57,450.61,31986.01,70.98,25684.77,10,0.86,0,0,Normal
1.193,ICMP,20517,8443,31,307.43,7988.54,25.98,9530.33,10,5.91,0,0,Normal
0.199,UDP,2888,443,57,845.47,242169.8,286.43,48191.79,13,1.33,0,0,Normal
1.239,TCP,40912,8443,24,513.24,9941.69,19.37,12317.76,1,5.82,0,0,Normal
0.074,UDP,55046,8443,20,656.1,177324.32,270.27,13122.0,10,1.99,0,0,Normal
0.75,UDP,17913,8080,31987,49.63,2116686.41,42649.33,1587514.81,241,0.17,211,1,DoS
2.749,TCP,64210,443,36651,129.03,1720290.48,13332.48,4729078.53,791,0.76,356,1,DDoS
1.17,TCP,61744,3000,107,1010.85,92445.26,91.45,108160.95,5,3.24,0,0,Normal
0.95,TCP,52675,3000,105,598.66,66167.68,110.53,62859.3,14,0.3,0,0,Normal
0.771,TCP,19428,443,29809,54.82,2119493.36,38662.78,1634129.38,254,0.01,107,1,DoS
1.773,UDP,15190,3000,25,249.6,3519.46,14.1,6240.0,12,0.84,0,0,Normal
0.708,TCP,48763,80,14794,69.51,1452444.83,20895.48,1028330.94,152,0.34,236,1,DoS
2.369,TCP,9610,3389,4842,83.06,169766.37,2043.9,402176.52,56,1.31,52,1,Brute Force
0.761,TCP,5438,25,44,312.18,18049.83,57.82,13735.92,2,0.35,0,0,Normal
0.251,HTTP,53386,3000,17,805.41,54549.68,67.73,13691.97,14,0.88,0,0,Normal
1.433,TCP,7246,80,16042,65.38,731909.25,11194.7,1048825.96,145,0.34,181,1,DoS
3.157,TCP,43873,25,59,499.65,9337.77,18.69,29479.35,14,9.69,0,0,Normal
0.036,TCP,27047,80,77,1303.68,2007667.2,1540.0,100383.36,12,1.11,0,0,Normal
0.878,UDP,16085,8443,56,538.16,34324.56,63.78,30136.96,7,0.93,0,0,Normal
0.037,UDP,10749,3000,57,687.12,783316.8,1140.0,39165.84,11,5.22,0,0,Normal
0.756,UDP,8722,53,16,645.6,13663.49,21.16,10329.6,8,0.66,1,0,Normal
3.699,TCP,46203,443,47,287.11,3648.06,12.71,13494.17,15,5.52,0,0,Normal
0.895,UDP,59117,25,28,734.88,22990.66,31.28,20576.64,5,1.62,0,0,Normal
0.747,UDP,57563,22,16,638.72,13680.75,21.42,10219.52,8,0.9,0,0,Normal
0.948,TCP,61446,25,38,179.01,7175.51,40.08,6802.38,9,2.99,0,0,Normal
0.163,TCP,28770,443,16,460.32,45184.79,98.16,7365.12,11,0.59,0,0,Normal
2.399,TCP,40517,22,2479,158.44,163723.53,1033.35,392772.76,110,1.87,73,1,Brute Force
1.146,TCP,60677,22,61,656.86,34963.75,53.23,40068.46,11,2.51,0,0,Normal
1.675,TCP,64377,8080,32715,64.38,1257427.88,19531.34,2106191.7,296,0.32,198,1,DoS
5.817,HTTP,30416,53,21,1119.42,4041.23,3.61,23507.82,2,14.18,0,0,Normal
5.687,TCP,41514,80,46,957.1,7741.62,8.09,44026.6,11,0.21,0,0,Normal
0.571,HTTP,1542,443,1097,1608.76,3090735.06,1921.19,1764809.72,40,0.46,8,1,Web Attack
2.339,DNS,52332,22,29,95.17,1179.96,12.4,2759.93,12,2.18,0,0,Normal
0.722,TCP,31011,80,3778,54.53,285338.42,5232.69,206014.34,331,0.03,366,1,Port Scan
1.287,TCP,19610,22,43,981.32,32786.92,33.41,42196.76,9,0.47,0,0,Normal
0.811,HTTP,25551,80,45,98.1,5443.28,55.49,4414.5,8,0.07,0,0,Normal
2.841,ICMP,64462,8443,18,953.24,6039.54,6.34,17158.32,8,4.47,0,0,Normal
0.518,TCP,30208,443,23243,63.88,2866337.53,44870.66,1484762.84,125,0.32,141,1,DoS
1.366,ICMP,24071,53,75,335.12,18399.71,54.9,25134.0,10,2.56,1,0,Normal
0.671,HTTP,63850,8443,16,648.95,15474.22,23.85,10383.2,3,1.42,0,0,Normal
0.652,TCP,42555,445,3214,49.53,244155.55,4929.45,159189.42,323,0.03,116,1,Port Scan
0.45,TCP,40412,1433,1002,55.26,123045.6,2226.67,55370.52,159,0.03,172,1,Port Scan
0.343,UDP,52394,53,56,492.21,80360.82,163.27,27563.76,12,3.78,0,0,Normal
0.172,TCP,32210,80,20,651.05,75703.49,116.28,13021.0,15,0.28,0,0,Normal
0.066,DNS,23185,443,70,463.91,492025.76,1060.61,32473.7,7,4.93,0,0,Normal
1.028,TCP,55398,3000,29,633.31,17865.75,28.21,18365.99,2,3.58,0,0,Normal
2.265,TCP,20750,21,1881,165.43,137383.59,830.46,311173.83,143,3.61,64,1,Brute Force
1.048,UDP,36398,80,50,698.36,33318.7,47.71,34918.0,11,0.34,0,0,Normal
0.061,HTTP,35532,443,24,556.65,219009.84,393.44,13359.6,9,5.41,0,0,Normal
1.754,TCP,18973,53,20,824.31,9399.2,11.4,16486.2,13,4.55,0,0,Normal
1.408,UDP,35190,8080,6,709.32,3022.67,4.26,4255.92,13,2.42,0,0,Normal
0.847,UDP,46930,3000,52,555.71,34116.79,61.39,28896.92,4,7.5,0,0,Normal
0.126,UDP,16272,443,65,468.23,241547.22,515.87,30434.95,11,0.7,0,0,Normal
0.551,HTTP,56020,8080,81,450.09,66165.68,147.01,36457.29,13,2.25,0,0,Normal
1.054,UDP,54897,443,20662,67.13,1315977.29,19603.42,1387040.06,229,0.11,191,1,DoS
0.068,HTTP,12941,3000,45,296.97,196524.26,661.76,13363.65,4,1.93,0,0,Normal
0.518,UDP,50038,443,62,420.35,50312.16,119.69,26061.7,10,0.59,0,0,Normal
1.278,ICMP,10588,8080,33790,62.33,1647989.59,26439.75,2106130.7,367,0.25,99,1,DoS
0.353,ICMP,2423,8443,20,597.73,33865.72,56.66,11954.6,6,0.14,0,0,Normal
0.01,TCP,65071,25,14,669.7,187516.0,280.0,9375.8,5,0.46,0,0,Normal
4.092,TCP,25235,22,99,814.25,19699.6,24.19,80610.75,1,2.19,0,0,Normal
2.371,TCP,46633,23,4058,218.0,373110.08,1711.51,884644.0,58,2.77,66,1,Brute Force
0.049,TCP,10442,80,24,427.03,204974.4,480.0,10248.72,3,1.36,0,0,Normal
0.277,TCP,45275,80,39206,94.89,13430531.91,141537.91,3720257.34,337,0.18,266,1,DDoS
1.773,TCP,46991,443,12,830.86,5623.42,6.77,9970.32,11,3.74,0,0,Normal
0.888,HTTP,53550,8080,31,462.53,16146.88,34.91,14338.43,8,1.25,0,0,Normal
0.692,ICMP,56498,22,28,621.83,25160.75,40.46,17411.24,1,1.49,0,0,Normal
0.54,UDP,17655,25,53,456.76,44830.15,98.15,24208.28,10,0.14,0,0,Normal
1.21,TCP,18431,8443,31,433.58,11108.25,25.62,13440.98,3,1.75,0,0,Normal
1.426,ICMP,51934,443,13,71.72,653.83,9.12,932.36,15,2.95,0,0,Normal
1.783,DNS,33806,22,37,930.73,19314.08,20.75,34437.01,6,1.03,0,0,Normal
4.696,TCP,12931,3389,3999,248.01,211199.32,851.58,991791.99,45,2.52,43,1,Brute Force
1.42,TCP,29773,3000,35,778.52,19188.87,24.65,27248.2,14,1.25,0,0,Normal
0.451,UDP,54906,8080,25440,64.72,3650724.61,56407.98,1646476.8,340,0.44,91,1,DoS
3.431,TCP,13018,443,2010,1026.64,601441.68,585.84,2063546.4,118,1.57,9,1,Botnet
1.422,UDP,49682,80,27,182.38,3462.91,18.99,4924.26,9,1.96,0,0,Normal
0.51,HTTP,25643,25,46,790.45,71295.49,90.2,36360.7,15,0.23,0,0,Normal
0.542,UDP,26240,8443,33,131.62,8013.76,60.89,4343.46,10,0.84,2,0,Normal
3.063,HTTP,32510,6667,7881,1149.63,2957960.83,2572.97,9060234.03,120,0.41,38,1,Botnet
3.268,UDP,37039,123,48326,87.08,1287707.49,14787.64,4208228.08,519,0.17,339,1,DDoS
0.871,TCP,55402,23,2091,37.49,90001.83,2400.69,78391.59,286,0.12,419,1,Port Scan
1.694,HTTP,28155,22,16,604.51,5709.66,9.45,9672.16,9,8.71,0,0,Normal
0.263,TCP,15633,3000,63,794.72,190370.19,239.54,50067.36,6,2.3,0,0,Normal
6.769,TCP,41131,22,3763,143.71,79890.79,555.92,540780.73,80,1.45,97,1,Brute Force
0.071,HTTP,53126,8080,17,971.09,232514.51,239.44,16508.53,1,1.36,0,0,Normal
0.68,UDP,31193,443,34,279.29,13964.5,50.0,9495.86,15,1.03,0,0,Normal
1.015,TCP,15478,443,27536,54.78,1486130.13,27129.06,1508422.08,148,0.46,34,1,DoS
0.516,TCP,61359,8443,34,324.05,21352.13,65.89,11017.7,11,1.92,0,0,Normal
2.622,TCP,61124,21,860,197.04,64627.92,327.99,169454.4,95,2.79,36,1,Brute Force
1.889,HTTP,11679,8080,682,2236.94,807619.42,361.04,1525593.08,60,1.26,20,1,Web Attack
3.489,UDP,23077,53,57541,137.0,2259420.18,16492.12,7883117.0,255,0.48,135,1,DDoS
4.211,TCP,12629,21,3269,244.28,189634.6,776.3,798551.32,66,1.31,72,1,Brute Force
2.069,TCP,37332,8080,7,398.04,1346.68,3.38,2786.28,8,4.4,0,0,Normal
3.172,TCP,46545,443,39824,179.96,2259371.7,12554.85,7166727.04,551,0.21,351,1,DDoS
0.376,TCP,12046,1433,2802,50.0,372606.38,7452.13,140100.0,162,0.02,307,1,Port Scan
4.338,TCP,40079,3389,4466,199.41,205293.93,1029.51,890565.06,71,0.65,72,1,Brute Force
0.949,DNS,59665,80,84,559.98,49566.2,88.51,47038.32,4,0.49,0,0,Normal
0.143,UDP,29205,22,36,495.82,124821.82,251.75,17849.52,9,0.15,1,0,Normal
1.551,TCP,12461,23,1536,178.14,176417.18,990.33,273623.04,114,1.41,32,1,Brute Force
1.127,TCP,6241,53,44849,121.52,4835892.17,39795.03,5450050.48,391,0.71,352,1,DDoS
1.124,TCP,49963,8443,21,339.85,6349.51,18.68,7136.85,13,0.15,0,0,Normal
1.217,UDP,62732,80,14929,63.94,784355.18,12267.05,954560.26,390,0.24,184,1,DoS
5.283,TCP,14517,22,3605,163.8,111773.42,682.38,590499.0,118,2.72,72,1,Brute Force
0.257,HTTP,34704,8080,17,435.57,28812.02,66.15,7404.69,13,5.93,1,0,Normal
1.274,ICMP,30937,80,13272,49.8,518795.6,10417.58,660945.6,225,0.03,115,1,DoS
0.822,TCP,62159,8080,24,605.95,17691.97,29.2,14542.8,14,1.71,0,0,Normal
0.765,TCP,19564,8080,58,643.57,48793.54,75.82,37327.06,10,4.25,0,0,Normal
1.02,TCP,31433,8443,10,249.3,2444.12,9.8,2493.0,8,2.77,0,0,Normal
0.291,UDP,47693,8080,14,746.76,35926.6,48.11,10454.64,10,2.08,0,0,Normal
1.051,TCP,32664,8080,16511,41.7,655098.67,15709.8,688508.7,183,0.19,84,1,DoS
0.526,HTTP,60063,443,60,546.79,62371.48,114.07,32807.4,7,0.22,0,0,Normal
2.287,TCP,37806,80,39848,93.33,1626153.84,17423.7,3719013.84,541,0.47,181,1,DDoS
1.357,UDP,39302,3000,34,443.77,11118.78,25.06,15088.18,4,4.67,0,0,Normal
0.324,TCP,4323,3389,3886,37.39,448449.2,11993.83,145297.54,545,0.02,273,1,Port Scan
1.523,TCP,22896,443,87,577.33,32979.46,57.12,50227.71,12,1.57,0,0,Normal
2.32,TCP,42736,3000,55,622.57,14759.2,23.71,34241.35,3,3.42,0,0,Normal
0.99,UDP,26950,80,17,245.78,4220.46,17.17,4178.26,9,4.14,0,0,Normal
0.599,DNS,60457,53,26,993.87,43139.6,43.41,25840.62,4,3.09,0,0,Normal
1.152,TCP,57249,443,13847,57.39,689825.81,12019.97,794679.33,144,0.08,236,1,DoS
0.835,TCP,55867,8080,29085,51.37,1789337.07,34832.34,1494096.45,116,0.04,242,1,DoS
3.244,ICMP,55046,53,26,492.8,3949.69,8.01,12812.8,14,4.52,0,0,Normal
1.34,HTTP,46704,80,45,378.34,12705.45,33.58,17025.3,2,1.07,0,0,Normal
1.438,TCP,4693,53,20020,149.6,2082748.26,13922.11,2994992.0,282,0.34,230,1,DDoS
0.184,TCP,2528,8080,11631,44.16,2791440.0,63211.96,513624.96,379,0.36,111,1,DoS
0.463,TCP,18504,8080,20569,61.09,2713952.94,44425.49,1256560.21,261,0.34,245,1,DoS
0.98,UDP,24173,80,9406,77.0,739042.86,9597.96,724262.0,278,0.18,236,1,DoS
0.277,ICMP,56768,443,14183,55.75,2854520.76,51202.17,790702.25,212,0.24,177,1,DoS
0.332,HTTP,64189,3000,27,198.61,16152.02,81.33,5362.47,7,1.77,0,0,Normal
2.807,UDP,38454,80,17,833.67,5048.95,6.06,14172.39,1,1.1,1,0,Normal
7.302,TCP,26277,3389,2787,204.33,77987.91,381.68,569467.71,85,3.5,40,1,Brute Force
0.173,HTTP,12933,80,34,399.51,78516.42,196.53,13583.34,5,2.86,0,0,Normal
2.698,TCP,64504,443,59163,108.77,2385159.2,21928.47,6435159.51,613,0.43,381,1,DDoS
1.567,TCP,47731,25,45,186.36,5351.75,28.72,8386.2,3,6.04,0,0,Normal
1.993,UDP,36059,443,30728,70.32,1084191.15,15417.96,2160792.96,341,0.04,61,1,DoS
1.66,UDP,55696,443,38,524.44,12005.25,22.89,19928.72,8,0.99,0,0,Normal
0.139,UDP,17330,22,20,271.49,39063.31,143.88,5429.8,12,5.21,0,0,Normal
0.864,TCP,33668,443,20,429.09,9932.64,23.15,8581.8,15,6.89,0,0,Normal
1.558,DNS,57863,3000,55,820.98,28981.96,35.3,45153.9,3,6.17,0,0,Normal
0.656,ICMP,28674,443,25806,67.02,2636460.55,39338.41,1729518.12,286,0.46,32,1,DoS
0.721,HTTP,32475,8080,271,1969.99,740453.94,375.87,533867.29,70,1.77,8,1,Web Attack
1.343,HTTP,10765,53,4,504.04,1501.24,2.98,2016.16,6,0.42,0,0,Normal
6.77,TCP,51436,3389,4883,154.08,111133.33,721.27,752372.64,127,0.56,75,1,Brute Force
2.28,HTTP,14837,8080,34,737.23,10993.78,14.91,25065.82,15,3.79,0,0,Normal
0.651,HTTP,22777,25,54,320.2,26560.37,82.95,17290.8,2,0.74,0,0,Normal
0.125,TCP,4169,25,36,482.18,138867.84,288.0,17358.48,2,1.47,0,0,Normal
1.962,HTTP,40927,8443,51,412.2,10714.68,25.99,21022.2,2,0.2,0,0,Normal
0.226,TCP,52672,8080,12,573.53,30452.92,53.1,6882.36,6,1.28,0,0,Normal
1.544,TCP,32291,8080,97,298.82,18773.02,62.82,28985.54,3,3.7,0,0,Normal
0.702,TCP,47830,21,1234,40.91,71913.02,1757.83,50482.94,485,0.11,377,1,Port Scan
3.134,TCP,48059,6667,2244,1067.04,764019.71,716.02,2394437.76,81,0.28,13,1,Botnet
1.86,TCP,28123,8080,6893,60.78,225245.45,3705.91,418956.54,265,0.32,87,1,DoS
1.736,TCP,56390,123,53924,99.46,3089447.6,31062.21,5363281.04,569,0.68,206,1,DDoS
1.48,TCP,2410,53,9,886.96,5393.68,6.08,7982.64,3,0.87,0,0,Normal
1.561,TCP,32201,3000,73,40.0,1870.6,46.76,2920.0,10,1.18,0,0,Normal
0.599,TCP,56980,22,28,496.64,23215.23,46.74,13905.92,14,3.99,0,0,Normal
1.516,HTTP,55346,8080,2415,2573.76,4100020.05,1593.01,6215630.4,17,0.74,2,1,Web Attack
0.158,HTTP,9651,443,60,776.61,294915.19,379.75,46596.6,7,2.82,0,0,Normal
0.383,TCP,27395,25,64,614.85,102742.56,167.1,39350.4,9,20.43,0,0,Normal
2.319,UDP,60840,443,44936,167.27,3241243.95,19377.32,7516444.72,617,0.43,103,1,DDoS
2.501,TCP,14041,22,31,582.89,7224.95,12.4,18069.59,13,0.2,0,0,Normal
0.16,ICMP,28718,22,105,787.47,516777.19,656.25,82684.35,5,0.26,0,0,Normal
2.511,UDP,11127,123,53838,74.9,1605920.43,21440.86,4032466.2,492,0.15,355,1,DDoS
0.436,TCP,56004,1433,2109,38.55,186472.36,4837.16,81301.95,173,0.12,282,1,Port Scan
0.376,UDP,51487,8443,35,718.89,66917.95,93.09,25161.15,4,1.15,0,0,Normal
0.995,TCP,29040,8443,38,461.45,17623.22,38.19,17535.1,6,0.99,0,0,Normal
0.449,TCP,15618,443,39,709.3,61609.58,86.86,27662.7,7,2.05,2,0,Normal
2.546,TCP,53748,3000,29,432.31,4924.19,11.39,12536.99,6,2.3,0,0,Normal
0.78,TCP,47717,8080,29,322.87,12004.14,37.18,9363.23,9,2.01,0,0,Normal
1.286,UDP,39982,53,23,314.31,5621.41,17.88,7229.13,2,1.21,0,0,Normal
5.539,HTTP,63417,8080,24,295.3,1279.51,4.33,7087.2,6,0.61,0,0,Normal
0.655,TCP,8839,443,28,739.07,31593.83,42.75,20693.96,8,0.05,0,0,Normal
0.244,TCP,39308,53,25,525.54,53846.31,102.46,13138.5,10,2.33,0,0,Normal
0.889,TCP,62857,25,41,438.63,20229.28,46.12,17983.83,11,2.13,0,0,Normal
2.908,UDP,26491,3000,67,444.63,10244.23,23.04,29790.21,9,4.63,0,0,Normal
2.134,TCP,45260,8080,16,129.66,972.15,7.5,2074.56,7,1.72,0,0,Normal
0.919,UDP,39947,53,49,134.82,7188.44,53.32,6606.18,1,2.06,0,0,Normal
0.146,HTTP,23246,8080,23,40.0,6301.37,157.53,920.0,13,0.32,0,0,Normal
0.868,TCP,3897,25,26,892.51,26734.17,29.95,23205.26,15,0.21,0,0,Normal
2.112,ICMP,18816,8443,76,733.84,26407.12,35.98,55771.84,2,4.5,0,0,Normal
0.065,TCP,28249,3000,25,913.12,351200.0,384.62,22828.0,10,4.75,0,0,Normal
0.968,ICMP,49213,80,78,278.06,22405.66,80.58,21688.68,6,2.73,0,0,Normal
0.9,UDP,55047,8443,50,678.67,37703.89,55.56,33933.5,12,0.93,0,0,Normal
2.052,UDP,16256,80,21,1258.47,12879.08,10.23,26427.87,13,6.87,0,0,Normal
2.223,HTTP,10831,6667,6661,824.36,2470113.34,2996.4,5491061.96,68,1.28,29,1,Botnet
0.463,UDP,45354,80,62,449.94,60251.14,133.91,27896.28,12,6.62,0,0,Normal
0.662,TCP,62170,80,10,568.84,8592.75,15.11,5688.4,11,1.13,0,0,Normal
1.89,TCP,2166,123,55755,63.66,1877970.0,29500.0,3549363.3,386,0.19,258,1,DDoS
2.355,UDP,12237,22,15,326.81,2081.59,6.37,4902.15,1,3.2,0,0,Normal
0.218,UDP,2137,8080,7629,61.93,2167265.92,34995.41,472463.97,349,0.22,77,1,DoS
1.446,UDP,58030,3000,8,704.77,3899.14,5.53,5638.16,9,3.64,0,0,Normal
0.703,TCP,44783,80,43368,133.06,8208458.15,61689.9,5770546.08,524,0.02,168,1,DDoS
0.325,UDP,60705,22,55,84.24,14256.0,169.23,4633.2,2,4.05,0,0,Normal
0.058,TCP,49690,80,39,416.96,280369.66,672.41,16261.44,14,0.65,0,0,Normal
1.116,TCP,46468,8443,61,472.44,25823.33,54.66,28818.84,10,5.53,0,0,Normal
0.182,TCP,22857,80,46,217.34,54932.09,252.75,9997.64,2,6.71,0,0,Normal
0.042,UDP,29302,8443,95,518.76,985644.0,1900.0,49282.2,6,0.87,0,0,Normal
1.142,UDP,63911,25,39,633.73,21642.27,34.15,24715.47,3,1.12,0,0,Normal
2.79,TCP,11876,123,58932,141.96,2998561.55,21122.58,8365986.72,812,0.5,441,1,DDoS
1.508,UDP,35731,80,23211,52.79,812538.92,15391.91,1225308.69,380,0.15,146,1,DoS
0.29,UDP,22750,8443,20,700.31,48297.24,68.97,14006.2,6,0.61,1,0,Normal
0.883,TCP,24064,22,4,986.46,4468.67,4.53,3945.84,10,0.28,0,0,Normal
3.381,TCP,41153,80,51,650.18,9807.51,15.08,33159.18,7,0.11,0,0,Normal
0.192,UDP,39082,8080,73,299.93,114035.89,380.21,21894.89,10,1.37,0,0,Normal
0.995,UDP,40465,443,35,290.67,10224.57,35.18,10173.45,1,3.93,0,0,Normal
1.253,ICMP,50158,443,52,309.34,12837.73,41.5,16085.68,4,2.8,0,0,Normal
1.562,HTTP,51642,80,1226,2229.52,1749930.55,784.89,2733391.52,48,1.33,16,1,Web Attack
2.641,TCP,15708,80,25,905.97,8576.01,9.47,22649.25,7,7.09,0,0,Normal
0.149,TCP,59939,80,42,409.07,115308.32,281.88,17180.94,15,0.27,0,0,Normal
0.609,TCP,21338,443,22,258.58,9341.15,36.12,5688.76,7,4.36,1,0,Normal
2.148,UDP,41005,443,56,380.92,9930.88,26.07,21331.52,4,8.52,0,0,Normal
0.876,TCP,21676,8080,3539,57.13,230802.59,4039.95,202183.07,287,0.13,457,1,Port Scan
0.256,TCP,37009,80,62,619.75,150095.7,242.19,38424.5,14,4.13,0,0,Normal
1.819,TCP,48156,53,45670,114.46,2873770.31,25107.2,5227388.2,719,0.77,229,1,DDoS
4.536,TCP,54487,443,2690,901.96,534892.5,593.03,2426272.4,152,1.82,32,1,Botnet
0.559,TCP,24398,443,10,530.47,9489.62,17.89,5304.7,1,1.2,0,0,Normal
1.48,TCP,12069,80,32451,61.12,1340138.59,21926.35,1983405.12,379,0.16,195,1,DoS
3.167,UDP,25264,3000,35,107.73,1190.57,11.05,3770.55,7,4.1,0,0,Normal
4.725,UDP,59423,6667,3178,603.19,405701.13,672.59,1916937.82,127,0.36,25,1,Botnet
1.222,HTTP,32952,53,75,596.75,36625.41,61.37,44756.25,12,2.4,0,0,Normal
1.838,UDP,23144,80,32861,86.03,1538102.19,17878.67,2827031.83,336,0.5,226,1,DoS
4.005,TCP,30118,443,36,190.43,1711.73,8.99,6855.48,10,3.94,0,0,Normal
2.459,UDP,25189,443,26,577.0,6100.85,10.57,15002.0,13,3.48,0,0,Normal
0.875,TCP,34753,23,3232,52.02,192147.02,3693.71,168128.64,392,0.07,203,1,Port Scan
0.568,TCP,21963,22,2866,49.04,247444.79,5045.77,140548.64,322,0.11,209,1,Port Scan
2.753,TCP,28913,80,45350,98.04,1615006.9,16472.94,4446114.0,518,0.24,249,1,DDoS
0.291,ICMP,18107,53,50,1110.98,190890.03,171.82,55549.0,11,4.42,0,0,Normal
0.197,TCP,55759,53,17,324.63,28013.76,86.29,5518.71,3,1.14,0,0,Normal
1.99,TCP,2744,80,28204,65.17,923645.57,14172.86,1838054.68,386,0.37,42,1,DoS
1.297,ICMP,14771,443,30295,62.79,1466633.04,23357.75,1902223.05,97,0.03,123,1,DoS
4.93,HTTP,2328,443,4193,912.67,776232.31,850.51,3826825.31,96,0.91,32,1,Botnet
0.599,DNS,60694,8080,59,382.17,37642.79,98.5,22548.03,15,2.95,0,0,Normal
2.052,TCP,30968,8443,23,282.56,3167.1,11.21,6498.88,12,2.41,0,0,Normal
2.776,HTTP,65085,8080,1525,1938.84,1065104.83,549.35,2956731.0,51,0.62,17,1,Web Attack
0.39,TCP,4308,110,3712,60.35,574408.21,9517.95,224019.2,334,0.06,329,1,Port Scan
0.322,TCP,55030,25,23,499.94,35710.0,71.43,11498.62,8,2.04,0,0,Normal
2.461,TCP,5477,80,13,429.41,2268.32,5.28,5582.33,7,1.63,0,0,Normal
3.762,UDP,26711,53,20,874.7,4650.19,5.32,17494.0,10,1.08,0,0,Normal
2.044,DNS,27078,22,72,355.16,12510.53,35.23,25571.52,12,1.04,0,0,Normal
0.162,TCP,15188,80,9077,71.58,4010689.26,56030.86,649731.66,261,0.17,79,1,DoS
1.185,DNS,40750,22,29,882.54,21598.03,24.47,25593.66,12,1.77,0,0,Normal
2.569,TCP,8001,443,15,362.34,2115.65,5.84,5435.1,4,0.52,0,0,Normal
0.1,TCP,1933,22,48,520.58,249878.4,480.0,24987.84,2,0.23,0,0,Normal
0.601,HTTP,35197,25,21,624.16,21809.25,34.94,13107.36,8,18.6,0,0,Normal
0.399,TCP,57508,25,763,40.88,78174.04,1912.28,31191.44,160,0.12,101,1,Port Scan
0.528,UDP,23207,8443,68,903.8,116398.48,128.79,61458.4,3,0.66,0,0,Normal
0.263,TCP,54372,3000,85,526.76,170245.63,323.19,44774.6,2,2.05,0,0,Normal
1.036,TCP,8659,8080,25641,75.12,1859220.0,24750.0,1926151.92,145,0.46,139,1,DoS
0.519,TCP,49039,22,22,593.93,25176.22,42.39,13066.46,12,3.16,0,0,Normal
0.763,TCP,20301,443,78,513.38,52481.83,102.23,40043.64,9,2.22,0,0,Normal
0.596,TCP,21449,8443,73,349.65,42826.26,122.48,25524.45,9,0.14,1,0,Normal
0.595,TCP,17958,25,19,595.07,19002.24,31.93,11306.33,11,2.29,0,0,Normal
0.162,TCP,1823,25,3291,46.14,937325.56,20314.81,151846.74,503,0.06,396,1,Port Scan
0.594,TCP,37530,25,3717,32.79,205185.91,6257.58,121880.43,235,0.03,174,1,Port Scan
0.08,HTTP,52031,80,11,691.18,95037.25,137.5,7602.98,15,0.93,0,0,Normal
0.361,HTTP,54134,3000,18,361.89,18044.38,49.86,6514.02,9,0.69,0,0,Normal
0.299,TCP,48940,23,2673,58.45,522531.27,8939.8,156236.85,533,0.07,368,1,Port Scan
0.649,TCP,10094,25,66,949.58,96567.46,101.69,62672.28,6,0.05,0,0,Normal
0.31,HTTP,39553,8443,100,506.28,163316.13,322.58,50628.0,11,1.2,0,0,Normal
0.464,TCP,8261,3000,20,549.31,23677.16,43.1,10986.2,3,6.34,1,0,Normal
0.454,TCP,51192,3000,27,762.41,45341.56,59.47,20585.07,12,1.42,0,0,Normal
0.233,HTTP,38851,8443,13,777.5,43379.83,55.79,10107.5,8,4.13,2,0,Normal
0.678,UDP,5104,22,58,331.1,28324.19,85.55,19203.8,14,2.6,0,0,Normal
0.814,HTTP,10199,443,65,534.5,42681.2,79.85,34742.5,10,4.91,0,0,Normal
0.893,UDP,47949,8443,10,409.43,4584.88,11.2,4094.3,4,0.38,0,0,Normal
0.22,TCP,57243,8080,1361,45.33,280427.86,6186.36,61694.13,508,0.09,424,1,Port Scan
1.792,UDP,59686,25,33,107.73,1983.87,18.42,3555.09,12,0.36,0,0,Normal
0.866,UDP,23322,25,24,577.73,16010.99,27.71,13865.52,3,0.47,0,0,Normal
0.403,TCP,60301,22,58,262.21,37737.42,143.92,15208.18,1,3.54,0,0,Normal
2.731,UDP,28025,22,29,712.29,7563.68,10.62,20656.41,1,1.46,0,0,Normal
0.651,TCP,39488,3000,19,558.89,16311.69,29.19,10618.91,7,2.74,0,0,Normal
0.905,TCP,24428,3000,64,662.87,46876.99,70.72,42423.68,5,2.02,0,0,Normal
2.921,TCP,33308,443,45,236.55,3644.21,15.41,10644.75,2,3.3,0,0,Normal
6.912,UDP,51465,25,21,706.74,2147.21,3.04,14841.54,3,0.53,2,0,Normal
0.074,UDP,60857,8080,77,637.62,663469.46,1040.54,49096.74,1,0.77,0,0,Normal
1.674,TCP,23499,80,24561,67.23,986401.45,14672.04,1651236.03,380,0.23,65,1,DoS
1.214,UDP,62972,25,18,550.06,8155.75,14.83,9901.08,5,1.63,0,0,Normal
0.201,UDP,49045,8080,26446,52.53,6911484.48,131572.14,1389208.38,236,0.28,226,1,DoS
0.742,UDP,15151,443,26020,67.24,2357931.0,35067.39,1749584.8,155,0.42,145,1,DoS
2.322,UDP,34331,8443,66,530.16,15069.15,28.42,34990.56,5,6.19,0,0,Normal
0.704,TCP,19491,22,4,410.81,2334.15,5.68,1643.24,2,2.39,0,0,Normal
0.847,HTTP,14734,6667,7383,690.2,6016229.75,8716.65,5095746.6,193,0.85,25,1,Botnet
0.564,TCP,14112,8080,33,304.83,17835.8,58.51,10059.39,6,5.46,0,0,Normal
2.652,TCP,38870,8443,79,501.5,14939.1,29.79,39618.5,10,2.78,0,0,Normal
0.602,TCP,46815,3389,1717,46.21,131798.29,2852.16,79342.57,295,0.04,132,1,Port Scan
0.207,TCP,39052,3000,6,497.67,14425.22,28.99,2986.02,12,0.35,0,0,Normal
1.69,TCP,31144,443,26498,76.9,1205737.4,15679.29,2037696.2,395,0.47,216,1,DoS
1.746,TCP,6211,123,53042,181.34,5508955.49,30379.15,9618636.28,210,0.24,184,1,DDoS
5.584,TCP,23144,3389,1125,124.9,25163.41,201.47,140512.5,77,0.7,108,1,Brute Force
0.269,HTTP,15362,8080,50,788.85,146626.39,185.87,39442.5,7,1.22,1,0,Normal
1.286,HTTP,17596,25,29,690.71,15575.89,22.55,20030.59,9,0.71,1,0,Normal
1.624,ICMP,30466,80,28522,63.41,1113657.65,17562.81,1808580.02,283,0.04,30,1,DoS
0.657,TCP,29664,53,30,909.54,41531.51,45.66,27286.2,7,13.33,0,0,Normal
0.626,TCP,23117,25,26,313.25,13010.38,41.53,8144.5,4,5.58,0,0,Normal
0.609,TCP,10974,443,4788,1002.91,7884947.59,7862.07,4801933.08,84,1.81,9,1,Botnet
0.46,TCP,34955,25,23,721.28,36064.0,50.0,16589.44,7,0.51,0,0,Normal
2.991,TCP,3915,80,28304,79.56,752880.72,9463.06,2251866.24,321,0.73,343,1,DDoS
0.852,TCP,32802,8443,10,505.63,5934.62,11.74,5056.3,6,2.32,1,0,Normal
0.764,TCP,14792,23,805,33.38,35171.34,1053.66,26870.9,414,0.06,363,1,Port Scan
0.912,TCP,24320,22,29,331.97,10556.06,31.8,9627.13,12,0.81,1,0,Normal
0.301,UDP,3873,25,18,481.57,28798.21,59.8,8668.26,3,0.22,0,0,Normal
1.026,TCP,28535,23,4902,135.18,645860.0,4777.78,662652.36,31,2.94,89,1,Brute Force
1.502,TCP,11807,25,23,822.25,12591.05,15.31,18911.75,15,0.21,0,0,Normal
3.899,TCP,19700,53,25,601.9,3859.32,6.41,15047.5,8,4.66,0,0,Normal
0.968,TCP,62589,8080,68,768.2,53964.46,70.25,52237.6,8,5.15,0,0,Normal
0.727,TCP,29107,8080,31314,49.62,2137277.41,43072.9,1553800.68,381,0.06,152,1,DoS
1.801,TCP,12627,443,25560,46.06,653688.84,14192.12,1177293.6,87,0.37,151,1,DoS
0.201,UDP,2800,443,52,387.04,100129.75,258.71,20126.08,11,1.03,0,0,Normal
3.261,TCP,6875,80,23,365.51,2577.96,7.05,8406.73,10,1.21,2,0,Normal
1.324,UDP,26110,25,31,726.59,17012.3,23.41,22524.29,12,3.34,0,0,Normal
6.725,TCP,4685,21,1830,239.81,65256.85,272.12,438852.3,81,3.2,96,1,Brute Force
0.873,TCP,36194,23,2840,44.06,143333.79,3253.15,125130.4,470,0.07,217,1,Port Scan
0.565,TCP,48755,25,22,739.75,28804.42,38.94,16274.5,10,2.89,0,0,Normal
0.335,TCP,16337,80,49,570.9,83504.78,146.27,27974.1,7,3.0,0,0,Normal
0.123,TCP,65184,443,1537,52.34,654037.24,12495.93,80446.58,372,0.03,119,1,Port Scan
1.578,TCP,45332,443,17763,47.86,538743.46,11256.65,850137.18,222,0.09,97,1,DoS
0.168,TCP,37108,22,776,37.92,175154.29,4619.05,29425.92,523,0.08,401,1,Port Scan
0.078,HTTP,24838,8443,61,412.12,322298.97,782.05,25139.32,12,5.68,1,0,Normal
0.126,UDP,32144,80,28,620.13,137806.67,222.22,17363.64,2,3.02,0,0,Normal
3.609,HTTP,19567,8080,12,585.38,1946.4,3.33,7024.56,13,0.78,0,0,Normal
1.125,TCP,13267,3000,20,471.18,8376.53,17.78,9423.6,12,0.64,0,0,Normal
1.165,TCP,46151,8080,28061,56.31,1356321.81,24086.7,1580114.91,397,0.38,119,1,DoS
2.456,TCP,14107,443,38,808.1,12503.18,15.47,30707.8,14,2.57,0,0,Normal
0.273,UDP,52356,443,30961,134.19,15218522.31,113410.26,4154656.59,848,0.74,174,1,DDoS
2.036,UDP,62228,3000,15,745.85,5494.97,7.37,11187.75,11,4.11,0,0,Normal
4.468,DNS,52362,3000,8,596.61,1068.24,1.79,4772.88,3,0.79,0,0,Normal
0.191,TCP,8927,8443,54,454.94,128621.78,282.72,24566.76,12,0.22,0,0,Normal
0.231,UDP,10703,22,5,565.99,12250.87,21.65,2829.95,2,1.15,0,0,Normal
2.214,TCP,44323,443,52,683.53,16054.0,23.49,35543.56,11,5.49,0,0,Normal
2.166,ICMP,31524,3000,13,721.72,4331.65,6.0,9382.36,4,0.07,1,0,Normal
0.256,UDP,56824,80,28,40.0,4375.0,109.38,1120.0,2,0.32,1,0,Normal
1.841,UDP,47798,8080,11230,46.43,283220.48,6099.95,521408.9,351,0.25,181,1,DoS
3.257,UDP,12481,53,38448,184.32,2175847.52,11804.73,7086735.36,330,0.79,143,1,DDoS
0.767,UDP,30780,8443,31,170.25,6881.03,40.42,5277.75,15,1.85,0,0,Normal
0.605,TCP,38249,3389,1100,53.03,96418.18,1818.18,58333.0,202,0.07,177,1,Port Scan
1.074,TCP,54790,8443,36,984.14,32987.93,33.52,35429.04,1,3.2,1,0,Normal
1.378,TCP,14039,8080,76,604.58,33344.03,55.15,45948.08,7,3.77,0,0,Normal
0.803,UDP,26714,25,27,496.87,16706.71,33.62,13415.49,14,0.48,0,0,Normal
0.745,TCP,36478,80,57,775.57,59338.91,76.51,44207.49,11,8.47,0,0,Normal
0.654,UDP,43681,8443,49,242.49,18168.21,74.92,11882.01,15,3.73,0,0,Normal
0.829,TCP,61391,3389,3474,40.14,168210.33,4190.59,139446.36,472,0.12,252,1,Port Scan
2.122,UDP,41544,8443,35,665.31,10973.54,16.49,23285.85,3,0.05,0,0,Normal
0.01,TCP,49586,8443,17,378.94,128839.6,340.0,6441.98,6,3.25,0,0,Normal
0.314,TCP,42357,22,17,719.84,38972.23,54.14,12237.28,2,3.39,0,0,Normal
0.658,TCP,63646,53,46035,43.71,3058039.29,69962.01,2012189.85,797,0.38,339,1,DDoS
1.131,UDP,30340,80,54,346.37,16537.56,47.75,18703.98,8,0.05,1,0,Normal
0.672,TCP,11926,143,3746,45.05,251126.93,5574.4,168757.3,236,0.03,115,1,Port Scan
0.681,TCP,32332,80,24,928.85,32734.8,35.24,22292.4,15,0.93,0,0,Normal
2.159,TCP,57299,80,48,502.37,11168.95,22.23,24113.76,4,0.24,0,0,Normal
0.448,TCP,26320,3389,3705,37.12,306985.71,8270.09,137529.6,468,0.05,390,1,Port Scan
0.508,ICMP,58267,25,44,598.96,51878.43,86.61,26354.24,12,2.36,0,0,Normal
0.387,TCP,27453,25,3725,49.61,477512.27,9625.32,184797.25,500,0.11,193,1,Port Scan
0.34,TCP,64065,3000,46,416.96,56412.24,135.29,19180.16,11,2.37,0,0,Normal
0.312,UDP,10167,80,14399,52.4,2418293.59,46150.64,754507.6,282,0.26,50,1,DoS
1.322,HTTP,61417,8080,38,354.5,10189.86,28.74,13471.0,6,2.21,0,0,Normal
0.698,HTTP,46918,8443,65,704.17,65574.57,93.12,45771.05,8,2.25,0,0,Normal
0.789,UDP,21445,22,48,560.57,34103.12,60.84,26907.36,15,2.29,0,0,Normal
2.445,TCP,50188,53,32,684.41,8957.51,13.09,21901.12,5,0.5,0,0,Normal
2.693,HTTP,55888,443,5440,914.25,1846832.53,2020.05,4973520.0,50,1.53,29,1,Botnet
0.753,UDP,15851,25,47,319.94,19969.69,62.42,15037.18,10,1.11,0,0,Normal
1.129,UDP,44714,443,51,202.53,9148.83,45.17,10329.03,12,0.58,0,0,Normal
1.795,TCP,14847,53,31166,72.87,1265218.06,17362.67,2271066.42,796,0.44,371,1,DDoS
1.335,UDP,55549,80,53035,177.27,7042332.92,39726.59,9401514.45,607,0.08,320,1,DDoS
1.735,TCP,18267,443,28302,140.84,2297437.28,16312.39,3986053.68,853,0.34,297,1,DDoS
1.474,TCP,59442,53,34914,76.65,1815575.37,23686.57,2676158.1,514,0.29,215,1,DDoS
0.85,TCP,1355,21,2637,59.66,185086.38,3102.35,157323.42,195,0.06,348,1,Port Scan
0.928,DNS,44317,443,22,623.07,14771.06,23.71,13707.54,6,3.67,0,0,Normal
0.568,TCP,47866,1433,3677,38.33,248132.76,6473.59,140939.41,249,0.14,116,1,Port Scan
1.204,DNS,7378,53,40,691.69,22979.73,33.22,27667.6,10,0.99,0,0,Normal
1.091,TCP,43513,8080,10762,48.98,483155.6,9864.34,527122.76,334,0.14,30,1,DoS
0.582,HTTP,13790,3000,30,667.9,34427.84,51.55,20037.0,1,0.78,0,0,Normal
0.334,TCP,3673,80,16223,76.37,3709432.66,48571.86,1238950.51,238,0.43,114,1,DoS
0.343,TCP,39827,22,42,567.89,69537.55,122.45,23851.38,2,3.59,0,0,Normal
0.667,TCP,24178,25,33,545.68,26997.66,49.48,18007.44,4,0.78,1,0,Normal
0.561,TCP,24851,25,41,405.06,29603.32,73.08,16607.46,6,0.08,0,0,Normal
2.076,TCP,62846,3000,37,102.34,1823.98,17.82,3786.58,13,0.28,0,0,Normal
0.636,TCP,22554,3389,2578,48.14,195133.52,4053.46,124104.92,301,0.11,460,1,Port Scan
0.13,TCP,39998,25,3593,63.97,1768032.38,27638.46,229844.21,214,0.09,111,1,Port Scan
0.512,TCP,4987,110,1685,54.87,180578.03,3291.02,92455.95,591,0.06,239,1,Port Scan
2.705,TCP,43115,25,16,755.14,4466.63,5.91,12082.24,13,2.93,0,0,Normal
0.309,TCP,5079,22,8,905.05,23431.72,25.89,7240.4,14,5.8,0,0,Normal
1.189,TCP,52261,22,44,633.81,23454.7,37.01,27887.64,9,8.37,0,0,Normal
1.814,UDP,1080,80,49,418.08,11293.23,27.01,20485.92,11,7.28,0,0,Normal
4.469,DNS,51510,8443,23,131.38,676.16,5.15,3021.74,4,0.06,0,0,Normal
0.118,UDP,20908,22,19,541.45,87182.63,161.02,10287.55,5,0.68,0,0,Normal
0.012,TCP,47322,443,28,444.34,248830.4,560.0,12441.52,12,10.82,0,0,Normal
0.764,TCP,52469,53,59508,145.4,11325213.61,77890.05,8652463.2,380,0.58,131,1,DDoS
0.54,TCP,25615,53,27,197.19,9859.5,50.0,5324.13,10,2.3,0,0,Normal
0.706,TCP,54402,80,17965,74.57,1897521.32,25446.18,1339650.05,92,0.34,34,1,DoS
1.395,TCP,16672,8080,33029,70.21,1662341.28,23676.7,2318966.09,237,0.07,141,1,DoS
0.186,UDP,58091,3000,44,739.13,174847.96,236.56,32521.72,3,0.69,0,0,Normal
3.424,TCP,35556,8443,62,540.78,9792.16,18.11,33528.36,15,1.27,0,0,Normal
0.115,TCP,41210,8080,62,363.94,196211.13,539.13,22564.28,8,1.75,1,0,Normal
1.264,TCP,38700,443,12,860.96,8173.67,9.49,10331.52,3,1.59,1,0,Normal
0.209,TCP,45347,8443,28,656.04,87890.53,133.97,18369.12,14,1.03,0,0,Normal
1.384,HTTP,23560,25,76,554.84,30468.09,54.91,42167.84,8,0.4,0,0,Normal
3.67,TCP,4889,53,38,40.0,414.17,10.35,1520.0,13,2.09,0,0,Normal
0.51,TCP,40351,22,2261,49.49,219405.67,4433.33,111896.89,269,0.05,151,1,Port Scan
1.288,TCP,55758,443,18263,201.44,2856287.83,14179.35,3678898.72,415,0.54,372,1,DDoS
0.509,TCP,48675,443,37,897.68,65253.75,72.69,33214.16,2,2.09,0,0,Normal
0.496,TCP,12919,3000,39,947.7,74516.73,78.63,36960.3,3,1.96,0,0,Normal
0.835,HTTP,37256,8443,30,142.38,5115.45,35.93,4271.4,4,3.48,0,0,Normal
0.343,TCP,9029,3000,73,762.56,162294.11,212.83,55666.88,2,0.46,0,0,Normal
0.651,UDP,3791,3000,20,556.24,17088.79,30.72,11124.8,13,1.76,0,0,Normal
1.353,TCP,40633,443,5528,54.97,224592.88,4085.74,303874.16,275,0.13,126,1,DoS
0.854,TCP,49220,25,17,701.38,13961.9,19.91,11923.46,1,0.5,0,0,Normal
0.091,UDP,2726,3000,28,852.31,262249.23,307.69,23864.68,9,2.3,0,0,Normal
0.38,UDP,2944,25,29,745.02,56856.79,76.32,21605.58,1,0.13,0,0,Normal
3.185,TCP,32057,21,3812,170.65,204244.21,1196.86,650517.8,79,1.43,33,1,Brute Force
1.567,ICMP,20577,53,67,734.1,31387.81,42.76,49184.7,2,1.42,0,0,Normal
0.884,TCP,14803,8080,2969,43.96,147643.94,3358.6,130517.24,423,0.06,285,1,Port Scan
0.377,TCP,16435,8080,46,765.96,93459.31,122.02,35234.16,6,3.11,0,0,Normal
1.556,TCP,61963,3389,2669,163.61,280639.52,1715.3,436675.09,40,3.25,98,1,Brute Force
0.226,UDP,3650,53,9,615.12,24495.93,39.82,5536.08,11,0.31,0,0,Normal
0.435,ICMP,40611,25,26,263.16,15729.1,59.77,6842.16,14,0.46,0,0,Normal
1.699,TCP,46169,53,69,655.63,26626.53,40.61,45238.47,5,0.13,0,0,Normal
0.682,UDP,27249,443,46,957.16,64559.18,67.45,44029.36,6,1.45,0,0,Normal
2.136,ICMP,57435,8080,62,616.29,17888.57,29.03,38209.98,7,4.42,0,0,Normal
2.052,TCP,14195,53,84,637.7,26104.68,40.94,53566.8,4,1.59,0,0,Normal
2.667,TCP,37383,21,1786,175.0,117191.6,669.67,312550.0,64,3.99,111,1,Brute Force
6.02,TCP,42941,53,54,679.14,6091.95,8.97,36673.56,15,2.84,0,0,Normal
0.842,ICMP,29625,443,45,558.57,29852.32,53.44,25135.65,15,0.08,1,0,Normal
7.517,TCP,10335,22,3264,161.61,70173.61,434.22,527495.04,40,3.66,72,1,Brute Force
3.129,TCP,28245,53,33231,75.32,799922.95,10620.33,2502958.92,701,0.04,161,1,DDoS
0.661,TCP,36341,110,1521,33.53,77154.51,2301.06,50999.13,500,0.11,186,1,Port Scan
0.16,UDP,2461,8443,22,1000.24,137533.0,137.5,22005.28,5,1.69,0,0,Normal
0.958,TCP,53593,22,24,597.56,14970.19,25.05,14341.44,7,3.03,0,0,Normal
0.314,TCP,23715,25,15,564.98,26989.49,47.77,8474.7,9,1.26,0,0,Normal
1.374,TCP,7753,80,33,702.63,16875.39,24.02,23186.79,10,1.54,0,0,Normal
3.328,TCP,1247,22,3847,124.84,144308.74,1155.95,480259.48,65,1.59,32,1,Brute Force
4.592,HTTP,21042,25,44,416.6,3991.81,9.58,18330.4,7,3.28,0,0,Normal
1.322,DNS,63924,8080,69,344.28,17969.23,52.19,23755.32,13,1.2,0,0,Normal
0.245,HTTP,41559,8080,50,592.84,120987.76,204.08,29642.0,10,0.55,0,0,Normal
2.179,TCP,21834,80,38,485.84,8472.66,17.44,18461.92,9,1.16,0,0,Normal
0.227,TCP,41913,22,22,322.91,31295.24,96.92,7104.02,4,0.57,0,0,Normal
0.87,UDP,2713,53,94,515.1,55654.48,108.05,48419.4,1,0.08,0,0,Normal
3.909,TCP,58922,22,1102,248.92,70173.92,281.91,274309.84,90,3.32,63,1,Brute Force
0.185,ICMP,53835,22,21,817.2,92763.24,113.51,17161.2,15,2.09,0,0,Normal
1.09,UDP,44305,3000,12,770.09,8478.06,11.01,9241.08,5,0.75,0,0,Normal
1.745,HTTP,35968,80,38,632.23,13767.76,21.78,24024.74,11,5.74,0,0,Normal
0.123,TCP,21190,80,1755,52.11,743520.73,14268.29,91453.05,588,0.07,148,1,Port Scan
0.673,ICMP,41756,8443,25,483.54,17962.11,37.15,12088.5,14,0.68,0,0,Normal
3.491,TCP,50128,443,50409,105.74,1526854.1,14439.7,5330247.66,516,0.23,367,1,DDoS
1.262,TCP,40052,53,28877,87.88,2010864.31,22881.93,2537710.76,654,0.32,86,1,DDoS
0.534,TCP,19925,80,42,523.86,41202.47,78.65,22002.12,9,5.03,0,0,Normal
1.912,UDP,12778,8080,49,208.51,5343.61,25.63,10216.99,1,4.47,1,0,Normal
3.086,UDP,40068,443,23,682.16,5084.15,7.45,15689.68,6,2.57,0,0,Normal
0.547,TCP,34010,22,801,49.27,72148.57,1464.35,39465.27,363,0.14,271,1,Port Scan
2.935,TCP,56352,23,1010,228.76,78721.5,344.12,231047.6,53,2.16,39,1,Brute Force
0.53,TCP,53999,8443,11,872.02,18098.53,20.75,9592.22,2,2.73,0,0,Normal
1.362,HTTP,2947,8080,54,436.12,17291.1,39.65,23550.48,13,5.4,0,0,Normal
0.59,DNS,55795,53,53,549.27,49341.2,89.83,29111.31,1,1.7,0,0,Normal
1.284,UDP,46597,3000,32,499.08,12438.13,24.92,15970.56,11,0.71,0,0,Normal
0.121,TCP,60333,443,64,871.02,460704.79,528.93,55745.28,12,0.94,0,0,Normal
0.853,UDP,6300,8443,67,632.72,49697.82,78.55,42392.24,1,7.67,0,0,Normal
0.328,UDP,61879,22,36,40.0,4390.24,109.76,1440.0,10,3.26,0,0,Normal
0.536,UDP,28276,3000,50,427.95,39920.71,93.28,21397.5,13,3.89,0,0,Normal
2.141,UDP,7591,53,35,522.79,8546.31,16.35,18297.65,15,5.33,0,0,Normal
1.679,TCP,52828,8080,22669,76.24,1029353.52,13501.49,1728284.56,288,0.04,195,1,DoS
0.225,TCP,3087,80,6282,74.97,2093162.4,27920.0,470961.54,184,0.21,123,1,DoS
0.341,TCP,56322,3000,20,770.81,45208.8,58.65,15416.2,8,5.56,0,0,Normal
1.782,TCP,26892,80,16977,48.29,460055.74,9526.94,819819.33,191,0.06,100,1,DoS
0.174,TCP,50030,22,2913,46.07,771275.34,16741.38,134201.91,183,0.12,315,1,Port Scan
1.524,TCP,56551,80,27726,65.01,1182721.3,18192.91,1802467.26,289,0.08,212,1,DoS
0.038,TCP,25548,80,20,353.88,141552.0,400.0,7077.6,13,6.6,0,0,Normal
0.663,TCP,60293,8080,10927,60.49,996944.54,16481.15,660974.23,210,0.32,131,1,DoS
0.01,TCP,45948,8080,77,704.92,1085576.8,1540.0,54278.84,13,2.83,0,0,Normal
2.479,HTTP,7559,6667,4576,796.29,1469876.18,1845.91,3643823.04,61,1.6,10,1,Botnet
0.687,TCP,33995,23,755,58.15,63905.75,1098.98,43903.25,436,0.1,412,1,Port Scan
0.172,TCP,39908,80,11254,57.87,3786447.56,65430.23,651268.98,331,0.04,38,1,DoS
1.073,TCP,24972,8443,20,434.86,8105.5,18.64,8697.2,11,1.34,0,0,Normal
0.369,TCP,23656,23,3176,54.86,472182.55,8607.05,174235.36,292,0.01,230,1,Port Scan
2.119,TCP,36116,25,15,506.88,3588.11,7.08,7603.2,13,0.26,0,0,Normal
4.813,TCP,59108,80,1267,910.08,239574.35,263.25,1153071.36,100,2.33,40,1,Botnet
0.917,TCP,13970,443,17,427.11,7918.07,18.54,7260.87,9,1.75,0,0,Normal
1.652,UDP,17817,8080,7,631.73,2676.82,4.24,4422.11,3,1.21,0,0,Normal
0.759,TCP,6759,443,36,477.49,22647.75,47.43,17189.64,1,3.66,0,0,Normal
1.568,UDP,51065,443,13,637.87,5288.46,8.29,8292.31,3,0.94,0,0,Normal
3.732,TCP,25945,21,3655,119.76,117289.07,979.37,437722.8,58,1.54,50,1,Brute Force
3.081,HTTP,2971,443,63,513.29,10495.71,20.45,32337.27,12,1.38,0,0,Normal
6.258,TCP,47307,3000,38,147.62,896.38,6.07,5609.56,11,2.04,0,0,Normal
1.888,HTTP,56541,8080,34,693.02,12480.23,18.01,23562.68,2,3.54,0,0,Normal
0.563,TCP,7920,8080,3355,50.92,303439.79,5959.15,170836.6,433,0.05,277,1,Port Scan
1.248,DNS,50270,22,54,460.22,19913.37,43.27,24851.88,6,0.94,0,0,Normal
1.344,TCP,34986,80,38,958.65,27104.69,28.27,36428.7,8,7.91,0,0,Normal
0.435,HTTP,50756,25,47,318.06,34365.1,108.05,14948.82,10,6.73,0,0,Normal
0.09,UDP,37292,53,27,683.64,205092.0,300.0,18458.28,8,6.87,0,0,Normal
0.277,DNS,43628,53,11,738.17,29313.61,39.71,8119.87,9,4.57,0,0,Normal
2.156,TCP,40527,443,23,657.98,7019.27,10.67,15133.54,15,3.66,2,0,Normal
2.271,TCP,51943,443,6933,748.62,2285417.2,3052.84,5190182.46,40,2.32,9,1,Botnet
1.036,TCP,35020,80,32031,68.34,2112932.95,30917.95,2188998.54,221,0.44,114,1,DoS
5.326,TCP,13245,3306,3668,228.38,157284.61,688.7,837697.84,122,1.07,105,1,Brute Force
0.807,TCP,62864,445,532,48.51,31979.33,659.23,25807.32,338,0.03,171,1,Port Scan
1.744,TCP,17119,443,6304,79.08,285848.81,3614.68,498520.32,90,0.48,55,1,DoS
1.367,TCP,65378,123,17864,78.8,1029760.94,13068.03,1407683.2,692,0.42,444,1,DDoS
1.998,ICMP,37183,8080,10868,50.64,275453.21,5439.44,550355.52,154,0.44,58,1,DoS
0.653,UDP,42361,80,9,879.58,12122.85,13.78,7916.22,7,2.19,0,0,Normal
0.668,TCP,63961,443,1003,45.55,68393.19,1501.5,45686.65,412,0.13,438,1,Port Scan
0.384,TCP,4693,22,12,743.66,23239.38,31.25,8923.92,7,2.85,0,0,Normal
0.637,TCP,25584,53,30,469.73,22122.29,47.1,14091.9,10,13.96,0,0,Normal
0.633,TCP,21392,443,68,40.0,4297.0,107.42,2720.0,11,3.73,0,0,Normal
1.446,ICMP,9288,80,14909,64.43,664306.27,10310.51,960586.87,117,0.26,102,1,DoS
2.722,HTTP,52068,443,50,460.02,8450.04,18.37,23001.0,14,0.38,0,0,Normal
1.177,UDP,13208,22,32,575.43,15644.66,27.19,18413.76,3,4.88,0,0,Normal
0.687,TCP,46759,53,32,702.38,32716.39,46.58,22476.16,13,3.2,0,0,Normal
5.034,TCP,57244,25,42,723.84,6039.19,8.34,30401.28,1,1.94,0,0,Normal
0.127,TCP,65318,8080,3219,63.13,1600121.81,25346.46,203215.47,486,0.06,144,1,Port Scan
5.999,UDP,14426,8443,14,149.18,348.14,2.33,2088.52,15,6.27,0,0,Normal
1.255,HTTP,26696,80,19,720.09,10901.76,15.14,13681.71,6,2.39,0,0,Normal
0.385,HTTP,21912,8443,30,893.21,69600.78,77.92,26796.3,7,1.42,0,0,Normal
1.032,TCP,10939,22,3486,199.06,672406.16,3377.91,693923.16,116,1.77,90,1,Brute Force
0.323,HTTP,43299,8080,18,575.07,32047.24,55.73,10351.26,8,1.9,0,0,Normal
0.041,UDP,59148,25,14,385.7,107996.0,280.0,5399.8,7,0.19,0,0,Normal
0.186,TCP,13999,443,11054,68.45,4067990.86,59430.11,756646.3,190,0.38,64,1,DoS
0.496,TCP,15985,53,18,379.57,13774.72,36.29,6832.26,13,0.25,0,0,Normal
2.217,UDP,19724,22,13,64.66,379.15,5.86,840.58,2,0.12,0,0,Normal
1.281,UDP,9837,25,33,809.05,20842.04,25.76,26698.65,12,6.28,0,0,Normal
1.889,HTTP,11648,53,28,463.2,6865.85,14.82,12969.6,3,0.3,0,0,Normal
0.66,TCP,40904,22,31,520.98,24470.27,46.97,16150.38,12,0.57,0,0,Normal
0.806,TCP,15758,3000,26,637.44,20562.58,32.26,16573.44,14,4.38,0,0,Normal
0.796,HTTP,59621,25,41,442.79,22807.02,51.51,18154.39,3,4.12,0,0,Normal
0.406,UDP,31814,3000,48,444.3,52528.08,118.23,21326.4,9,2.83,0,0,Normal
0.228,TCP,49817,8080,25139,60.55,6676168.64,110258.77,1522166.45,170,0.24,227,1,DoS
1.917,TCP,5781,8080,12994,69.39,470346.2,6778.3,901653.66,164,0.39,93,1,DoS
0.038,HTTP,35611,80,16,917.67,293654.4,320.0,14682.72,10,1.1,0,0,Normal
0.491,TCP,49060,8080,29,40.0,2362.53,59.06,1160.0,15,0.82,0,0,Normal
0.681,TCP,28117,8080,2890,44.75,189908.22,4243.76,129327.5,525,0.12,145,1,Port Scan
1.082,UDP,21817,53,77,779.33,55460.64,71.16,60008.41,12,1.4,1,0,Normal
3.402,UDP,32996,8443,12,935.92,3301.31,3.53,11231.04,11,2.06,0,0,Normal
1.68,UDP,52196,80,30578,63.46,1155047.55,18201.19,1940479.88,339,0.37,143,1,DoS
1.637,TCP,24079,22,24,1030.22,15104.02,14.66,24725.28,6,1.96,0,0,Normal
0.588,ICMP,37021,25,17,645.43,18660.39,28.91,10972.31,12,1.48,0,0,Normal
0.299,UDP,18800,3000,28,260.4,24385.28,93.65,7291.2,13,3.1,0,0,Normal
0.243,UDP,2559,25,23,139.98,13249.14,94.65,3219.54,5,1.86,0,0,Normal
0.663,HTTP,36990,3000,33,154.39,7684.57,49.77,5094.87,10,1.32,0,0,Normal
1.821,TCP,47018,443,22,858.13,10367.3,12.08,18878.86,10,7.09,0,0,Normal
0.967,TCP,31226,80,17306,60.1,1075584.9,17896.59,1040090.6,310,0.04,87,1,DoS
1.647,TCP,2119,22,38,700.02,16151.04,23.07,26600.76,12,1.06,0,0,Normal
0.713,TCP,42576,25,3252,42.94,195849.76,4561.01,139640.88,175,0.03,241,1,Port Scan
1.118,TCP,12630,8080,20,564.83,10104.29,17.89,11296.6,2,2.96,0,0,Normal
3.228,DNS,18724,3000,34,670.25,7059.63,10.53,22788.5,8,3.07,0,0,Normal
1.781,TCP,64837,8080,20417,63.48,727721.03,11463.78,1296071.16,290,0.29,178,1,DoS
1.193,UDP,41582,22,59,686.75,33963.33,49.46,40518.25,3,0.18,0,0,Normal
0.666,UDP,24448,22,43,667.51,43097.49,64.56,28702.93,3,0.64,0,0,Normal
4.295,TCP,4445,25,52,303.03,3668.81,12.11,15757.56,14,0.76,0,0,Normal
0.87,HTTP,6561,80,49,499.7,28144.02,56.32,24485.3,5,4.85,0,0,Normal
0.717,TCP,60158,3389,3047,34.07,144785.62,4249.65,103811.29,316,0.13,154,1,Port Scan
0.563,TCP,49540,22,1521,37.61,101607.12,2701.6,57204.81,413,0.14,135,1,Port Scan
2.399,UDP,7146,53,53,416.17,9194.25,22.09,22057.01,10,3.37,1,0,Normal
3.689,HTTP,46973,80,3913,1154.65,1224761.57,1060.72,4518145.45,142,1.37,19,1,Botnet
0.355,TCP,62438,3306,1316,54.07,200439.77,3707.04,71156.12,506,0.06,176,1,Port Scan
0.885,DNS,6296,3000,82,658.74,61035.8,92.66,54016.68,13,3.23,0,0,Normal
4.175,TCP,23011,3389,3456,121.02,100178.47,827.78,418245.12,76,2.11,55,1,Brute Force
0.085,TCP,31030,53,23,40.0,10823.53,270.59,920.0,14,2.67,0,0,Normal
3.069,TCP,37613,443,49199,176.0,2821448.03,16030.95,8659024.0,333,0.77,156,1,DDoS
1.486,UDP,9832,80,37,416.96,10381.91,24.9,15427.52,5,3.77,0,0,Normal
2.393,UDP,39485,8443,71,1020.19,30268.91,29.67,72433.49,5,3.86,0,0,Normal
1.129,TCP,36103,53,15643,99.7,1381405.76,13855.62,1559607.1,793,0.24,276,1,DDoS
1.966,TCP,29850,8080,25570,62.5,812881.49,13006.1,1598125.0,216,0.2,66,1,DoS
3.403,UDP,20562,53,53303,17.3,270979.11,15663.53,922141.9,824,0.26,342,1,DDoS
2.206,UDP,17486,123,40596,127.98,2355156.88,18402.54,5195476.08,261,0.8,83,1,DDoS
3.381,TCP,53289,23,1627,230.77,111050.81,481.22,375462.79,63,1.65,59,1,Brute Force
2.713,UDP,63443,80,21,641.65,4966.7,7.74,13474.65,3,9.21,0,0,Normal
0.621,TCP,17118,25,28,213.19,9612.43,45.09,5969.32,8,0.48,0,0,Normal
0.386,TCP,33957,443,42415,133.31,14648558.68,109883.42,5654343.65,472,0.45,353,1,DDoS
1.12,TCP,61986,22,40,713.21,25471.79,35.71,28528.4,11,0.23,0,0,Normal
0.254,TCP,60871,53,17,122.91,8226.26,66.93,2089.47,8,4.15,0,0,Normal
0.038,UDP,7837,3000,34,147.25,100130.0,680.0,5006.5,9,0.26,0,0,Normal
1.96,TCP,25883,53,39,589.96,11739.0,19.9,23008.44,11,0.48,0,0,Normal
1.813,TCP,56693,80,17878,70.45,694707.72,9861.0,1259505.1,226,0.41,92,1,DoS
0.069,UDP,8849,80,18,986.84,257436.52,260.87,17763.12,3,5.4,0,0,Normal
0.378,UDP,11145,53,54,462.88,66125.71,142.86,24995.52,3,1.98,0,0,Normal
0.399,TCP,24714,8080,21770,59.12,3225670.18,54561.4,1287042.4,357,0.44,171,1,DoS
0.481,UDP,61135,53,62,602.43,77652.1,128.9,37350.66,13,6.81,0,0,Normal
0.395,TCP,4336,25,32,498.77,40406.68,81.01,15960.64,8,0.05,0,0,Normal
0.023,DNS,1275,8443,21,863.44,362644.8,420.0,18132.24,13,0.99,0,0,Normal
0.079,TCP,50980,8080,28,151.11,53557.97,354.43,4231.08,12,2.56,0,0,Normal
0.376,TCP,14092,8080,47,391.43,48928.75,125.0,18397.21,1,1.16,0,0,Normal
0.262,UDP,58743,80,6395,61.2,1493793.89,24408.4,391374.0,336,0.26,169,1,DoS
0.742,TCP,7872,443,15923,129.09,2770215.73,21459.57,2055500.07,385,0.49,101,1,DDoS
0.317,TCP,38558,25,67,707.44,149522.02,211.36,47398.48,14,4.54,0,0,Normal
0.568,TCP,18831,8080,38,284.68,19045.49,66.9,10817.84,6,0.99,0,0,Normal
0.657,TCP,30538,25,22,616.78,20653.21,33.49,13569.16,14,2.34,2,0,Normal
1.015,UDP,19689,25,38,268.87,10066.07,37.44,10217.06,5,2.13,0,0,Normal
0.796,TCP,33322,8080,54,40.0,2713.57,67.84,2160.0,15,2.08,0,0,Normal
2.382,HTTP,51644,443,1593,1402.66,938050.96,668.77,2234437.38,78,1.69,22,1,Web Attack
0.59,TCP,9106,23,2999,33.61,170841.34,5083.05,100796.39,424,0.07,333,1,Port Scan
1.244,UDP,34364,443,35,401.02,11282.72,28.14,14035.7,8,3.77,0,0,Normal
5.349,TCP,38292,22,995,139.98,26038.53,186.02,139280.1,132,2.63,47,1,Brute Force
1.545,UDP,25282,22,35,789.6,17887.38,22.65,27636.0,11,2.08,0,0,Normal
1.201,TCP,4276,8443,38,293.56,9288.33,31.64,11155.28,10,3.02,0,0,Normal
1.696,HTTP,16081,53,58,625.72,21398.44,34.2,36291.76,15,0.28,0,0,Normal
2.265,TCP,64424,80,33502,106.43,1574224.22,14791.17,3565617.86,348,0.2,283,1,DDoS
1.989,TCP,11879,80,8335,85.12,356699.45,4190.55,709475.2,192,0.3,101,1,DoS
0.355,UDP,26025,80,50192,173.71,24560147.38,141385.92,8718852.32,559,0.17,138,1,DDoS
0.453,TCP,5137,53,44,545.12,52947.64,97.13,23985.28,11,0.42,0,0,Normal
0.67,TCP,57570,3306,2780,50.24,208458.51,4149.25,139667.2,243,0.11,277,1,Port Scan
1.144,TCP,5204,3000,16,352.83,4934.69,13.99,5645.28,9,1.23,0,0,Normal
2.166,UDP,19630,53,15612,196.85,1418846.81,7207.76,3073222.2,491,0.27,346,1,DDoS
1.197,TCP,22949,80,12949,74.82,809393.63,10817.88,968844.18,101,0.06,65,1,DoS
0.897,DNS,35870,8443,61,580.76,39494.27,68.0,35426.36,14,0.69,0,0,Normal
1.017,UDP,15562,53,19156,65.96,1242408.81,18835.79,1263529.76,233,0.41,207,1,DDoS
0.41,TCP,55432,443,28,787.29,53766.15,68.29,22044.12,11,4.66,0,0,Normal
0.01,ICMP,62400,80,20,606.57,242628.0,400.0,12131.4,13,11.92,0,0,Normal
0.248,TCP,14339,443,6676,70.42,1895660.97,26919.35,470123.92,279,0.14,131,1,DoS
4.416,TCP,43282,3306,1744,164.07,64795.76,394.93,286138.08,58,0.64,96,1,Brute Force
1.862,TCP,48616,22,28,628.58,9452.33,15.04,17600.24,8,2.9,0,0,Normal
1.522,HTTP,59370,80,12,863.21,6805.86,7.88,10358.52,1,1.04,0,0,Normal
1.667,TCP,50158,80,21360,57.38,735235.03,12813.44,1225636.8,241,0.2,250,1,DoS
0.96,UDP,47577,443,15,717.88,11216.88,15.62,10768.2,13,3.28,0,0,Normal
5.265,TCP,56345,23,2342,123.16,54784.56,444.82,288440.72,36,2.95,39,1,Brute Force
2.479,HTTP,37366,443,66,718.3,19123.76,26.62,47407.8,12,1.55,0,0,Normal
0.501,TCP,20988,443,26,501.1,26005.19,51.9,13028.6,15,0.56,0,0,Normal
1.94,TCP,26420,443,47,977.43,23680.01,24.23,45939.21,14,4.73,0,0,Normal
1.097,TCP,20328,3000,31,573.43,16204.49,28.26,17776.33,11,1.03,1,0,Normal
1.624,TCP,27201,8080,69,405.0,17207.51,42.49,27945.0,11,0.34,0,0,Normal
0.567,TCP,10860,25,33,543.57,31636.35,58.2,17937.81,10,1.19,0,0,Normal
0.05,UDP,61504,3000,35,698.08,488656.0,700.0,24432.8,1,4.9,0,0,Normal
5.938,ICMP,54279,80,77,209.58,2717.69,12.97,16137.66,2,4.45,0,0,Normal
0.497,ICMP,61099,80,7011,57.32,808592.6,14106.64,401870.52,397,0.36,204,1,DoS
1.381,TCP,53580,443,30477,63.19,1394526.89,22068.79,1925841.63,92,0.08,201,1,DoS
1.256,TCP,40813,23,3988,252.95,803156.53,3175.16,1008764.6,130,2.94,40,1,Brute Force
0.615,UDP,6104,25,16,727.57,18928.65,26.02,11641.12,2,0.87,0,0,Normal
0.558,TCP,8530,22,1955,45.11,158046.68,3503.58,88190.05,560,0.02,276,1,Port Scan
0.916,HTTP,56673,80,1425,1025.3,1595035.48,1555.68,1461052.5,97,1.36,27,1,Botnet
0.554,HTTP,57835,53,74,721.64,96392.35,133.57,53401.36,2,3.21,0,0,Normal
1.755,HTTP,18752,80,14,904.77,7217.54,7.98,12666.78,2,3.91,0,0,Normal
0.043,UDP,10501,8080,18,341.41,122907.6,360.0,6145.38,11,4.05,2,0,Normal
0.117,DNS,26026,25,25,615.95,131613.25,213.68,15398.75,2,5.93,0,0,Normal
2.255,TCP,11608,3306,3635,278.93,449627.74,1611.97,1013910.55,50,2.52,84,1,Brute Force
0.569,HTTP,25389,8443,12,1063.52,22429.24,21.09,12762.24,1,3.04,0,0,Normal
0.141,HTTP,60453,8080,20,293.57,41641.13,141.84,5871.4,15,1.27,0,0,Normal
0.398,UDP,46890,25,24,895.46,53997.59,60.3,21491.04,12,1.76,0,0,Normal
3.877,TCP,29950,22,4116,253.88,269530.59,1061.65,1044970.08,44,3.61,106,1,Brute Force
1.191,UDP,63660,443,55710,195.82,9159640.81,46775.82,10909132.2,226,0.08,189,1,DDoS
1.776,TCP,13405,443,27487,42.67,660399.94,15476.91,1172870.29,333,0.1,146,1,DoS
0.041,TCP,28356,80,13,569.77,148140.2,260.0,7407.01,8,2.56,0,0,Normal
0.557,ICMP,39754,8080,24141,78.73,3412245.83,43341.11,1900620.93,228,0.16,167,1,DoS
0.55,HTTP,39377,22,19,581.61,20091.98,34.55,11050.59,4,1.15,0,0,Normal
0.25,TCP,36039,3306,3027,39.52,478508.16,12108.0,119627.04,440,0.07,389,1,Port Scan
0.773,TCP,48011,443,23,754.58,22451.93,29.75,17355.34,7,2.93,0,0,Normal
1.188,ICMP,27442,8080,24,367.11,7416.36,20.2,8810.64,9,0.66,0,0,Normal
0.313,UDP,45559,53,36,986.16,113424.15,115.02,35501.76,6,0.22,2,0,Normal
0.323,ICMP,59857,8443,26,401.14,32289.91,80.5,10429.64,12,1.84,0,0,Normal
2.077,TCP,8036,123,26585,51.45,658545.14,12799.71,1367798.25,794,0.11,417,1,DDoS
1.526,TCP,61764,443,5037,60.74,200489.76,3300.79,305947.38,202,0.39,174,1,DoS
6.569,TCP,60246,22,2511,211.83,80972.01,382.25,531905.13,33,3.38,93,1,Brute Force
1.572,TCP,11462,80,30771,62.9,1231231.49,19574.43,1935495.9,359,0.09,238,1,DoS
0.011,TCP,52316,443,81,895.36,1450483.2,1620.0,72524.16,6,0.69,0,0,Normal
0.056,UDP,51007,8443,44,779.82,612715.71,785.71,34312.08,1,0.41,0,0,Normal
0.996,TCP,18165,8080,69,238.79,16542.68,69.28,16476.51,9,0.53,0,0,Normal
0.65,ICMP,43359,8443,92,491.02,69498.22,141.54,45173.84,14,5.19,0,0,Normal
0.726,UDP,52546,53,32,529.74,23349.42,44.08,16951.68,14,0.26,0,0,Normal
0.25,TCP,56766,25,73,581.01,169654.92,292.0,42413.73,4,4.59,0,0,Normal
0.543,TCP,54441,25,47,531.08,45968.25,86.56,24960.76,11,0.64,0,0,Normal
2.333,TCP,33949,22,33,494.59,6995.92,14.14,16321.47,3,5.17,0,0,Normal
0.597,UDP,33515,53,22,155.19,5718.89,36.85,3414.18,3,1.02,0,0,Normal
0.828,ICMP,5233,8443,54,1143.58,74581.3,65.22,61753.32,7,3.42,0,0,Normal
1.102,TCP,47486,8080,47,490.12,20903.48,42.65,23035.64,8,0.39,0,0,Normal
2.75,TCP,13320,9001,5881,1185.07,2534326.06,2138.55,6969396.67,186,0.27,9,1,Botnet
1.612,UDP,19962,8080,5241,56.64,184150.27,3251.24,296850.24,398,0.42,231,1,DoS
0.153,UDP,35121,8080,57,396.2,147603.92,372.55,22583.4,7,0.37,0,0,Normal
0.129,UDP,32283,80,36,387.34,108094.88,279.07,13944.24,6,0.52,0,0,Normal
1.852,TCP,49307,9001,1404,1064.09,806685.94,758.1,1493982.36,142,1.05,23,1,Botnet
7.508,TCP,29507,3389,3812,107.13,54392.59,507.73,408379.56,68,0.55,67,1,Brute Force
0.191,TCP,46862,22,32,669.86,112227.85,167.54,21435.52,7,4.0,0,0,Normal
0.365,TCP,58743,80,3313,50.86,461641.59,9076.71,168499.18,441,0.05,483,1,Port Scan
0.309,TCP,63351,22,3287,38.19,406247.67,10637.54,125530.53,201,0.02,336,1,Port Scan
1.898,TCP,23984,443,20045,166.45,1757897.92,10561.12,3336490.25,577,0.42,215,1,DDoS
2.157,HTTP,36366,80,39,400.84,7247.45,18.08,15632.76,15,1.88,1,0,Normal
1.429,UDP,32031,8080,13,428.15,3895.0,9.1,5565.95,12,1.58,0,0,Normal
0.415,TCP,57994,80,22,40.0,2120.48,53.01,880.0,13,0.56,0,0,Normal
1.238,TCP,2856,80,31,543.79,13616.71,25.04,16857.49,5,0.44,0,0,Normal
1.291,TCP,9867,25,52,791.64,31886.35,40.28,41165.28,11,0.3,0,0,Normal
1.616,UDP,58911,22,19,569.94,6701.03,11.76,10828.86,3,1.52,1,0,Normal
0.211,UDP,17030,25,17,497.77,40104.69,80.57,8462.09,3,1.52,0,0,Normal
1.402,UDP,7031,53,37529,129.89,3476919.98,26768.19,4874641.81,383,0.32,200,1,DDoS
1.438,HTTP,44289,53,16,667.14,7422.98,11.13,10674.24,15,3.19,0,0,Normal
1.629,ICMP,56695,80,22,339.5,4585.02,13.51,7469.0,11,1.33,0,0,Normal
0.556,TCP,24638,443,16172,76.78,2233248.49,29086.33,1241686.16,124,0.06,184,1,DoS
0.868,UDP,61342,8443,7,683.21,5509.76,8.06,4782.47,9,4.41,0,0,Normal
1.477,TCP,52948,443,52516,126.08,4482882.38,35555.86,6621217.28,379,0.31,177,1,DDoS
1.873,UDP,27715,80,29922,83.05,1326760.33,15975.44,2485022.1,167,0.29,238,1,DoS
1.747,UDP,29154,53,18665,161.64,1726966.57,10684.03,3017010.6,512,0.77,414,1,DDoS
0.012,DNS,18607,443,34,619.34,421151.2,680.0,21057.56,6,1.65,0,0,Normal
0.53,TCP,13239,53,40,606.78,45794.72,75.47,24271.2,4,0.73,0,0,Normal
0.467,HTTP,49157,8443,17,720.45,26226.23,36.4,12247.65,9,6.84,0,0,Normal
0.012,TCP,14721,22,114,711.26,1621672.8,2280.0,81083.64,4,1.21,0,0,Normal
0.81,TCP,43841,443,15,400.39,7414.63,18.52,6005.85,9,9.21,0,0,Normal
0.273,TCP,46983,443,33,635.89,76865.82,120.88,20984.37,11,4.72,0,0,Normal
0.062,TCP,56761,23,573,58.6,541577.42,9241.94,33577.8,506,0.1,152,1,Port Scan
0.942,UDP,36535,53,30125,119.15,3810396.76,31979.83,3589393.75,759,0.19,88,1,DDoS
3.333,TCP,8778,443,20,181.73,1090.49,6.0,3634.6,6,0.3,0,0,Normal
3.447,TCP,25687,123,28128,33.63,274425.48,8160.14,945944.64,898,0.36,220,1,DDoS
0.95,UDP,7572,80,29972,99.72,3146113.52,31549.47,2988807.84,581,0.03,337,1,DDoS
0.639,DNS,65140,22,15,576.36,13529.58,23.47,8645.4,7,3.97,0,0,Normal
2.264,TCP,34167,3000,16,284.43,2010.11,7.07,4550.88,6,3.12,0,0,Normal
0.717,UDP,8526,80,75,783.22,81926.78,104.6,58741.5,14,1.61,0,0,Normal
1.169,TCP,37376,443,37,329.64,10433.43,31.65,12196.68,3,2.84,0,0,Normal
1.931,HTTP,59190,3000,7,824.29,2988.1,3.63,5770.03,5,5.01,0,0,Normal
1.082,TCP,24795,25,23,754.14,16030.7,21.26,17345.22,5,3.83,1,0,Normal
0.516,TCP,24613,143,3671,42.0,298802.33,7114.34,154182.0,281,0.14,368,1,Port Scan
2.486,TCP,64534,80,33,970.67,12885.0,13.27,32032.11,6,2.55,1,0,Normal
0.271,HTTP,49582,3000,24,516.04,45700.96,88.56,12384.96,13,1.79,0,0,Normal
3.341,TCP,1779,443,48216,147.08,2122600.8,14431.61,7091609.28,263,0.56,93,1,DDoS
0.73,HTTP,31077,8443,76,769.18,80079.01,104.11,58457.68,3,5.08,0,0,Normal
0.141,UDP,63622,443,41,840.66,244447.23,290.78,34467.06,15,1.95,2,0,Normal
0.767,TCP,17499,22,24,897.15,28072.49,31.29,21531.6,2,1.45,0,0,Normal
0.699,UDP,59733,8080,18,179.38,4619.23,25.75,3228.84,8,3.59,0,0,Normal
0.143,HTTP,23749,3000,53,464.46,172142.52,370.63,24616.38,12,0.2,0,0,Normal
0.901,HTTP,3997,53,29,767.26,24695.38,32.19,22250.54,14,1.46,0,0,Normal
1.343,TCP,42973,80,285,2248.01,477053.5,212.21,640682.85,69,0.7,17,1,Web Attack
0.887,TCP,43199,443,47414,170.47,9112361.42,53454.34,8082664.58,898,0.65,400,1,DDoS
0.858,UDP,46001,3000,39,187.5,8522.73,45.45,7312.5,1,0.19,0,0,Normal
0.482,TCP,54625,3000,23,324.34,15476.8,47.72,7459.82,3,0.28,0,0,Normal
0.415,TCP,48682,3000,26,538.65,33746.75,62.65,14004.9,12,1.75,0,0,Normal
1.137,DNS,61101,80,97,922.95,78738.92,85.31,89526.15,7,0.64,0,0,Normal
2.826,TCP,30912,443,19,504.11,3389.27,6.72,9578.09,5,2.47,0,0,Normal
1.714,TCP,22444,8080,51,40.0,1190.2,29.75,2040.0,13,1.07,0,0,Normal
1.716,ICMP,7078,8080,29102,40.17,681251.36,16959.21,1169027.34,363,0.42,42,1,DoS
0.421,UDP,52183,443,33250,61.18,4831912.11,78978.62,2034235.0,94,0.17,79,1,DoS
1.248,HTTP,38867,80,1053,2144.06,1809050.63,843.75,2257695.18,78,0.31,9,1,Web Attack
1.664,TCP,63017,8080,40,325.92,7834.62,24.04,13036.8,2,1.32,0,0,Normal
0.457,TCP,34620,80,50,933.23,102103.94,109.41,46661.5,15,4.89,0,0,Normal
0.426,ICMP,9579,3000,68,329.92,52663.29,159.62,22434.56,11,0.49,0,0,Normal
0.327,HTTP,32790,443,28,348.8,29866.67,85.63,9766.4,1,0.88,1,0,Normal
0.334,HTTP,62847,25,83,444.06,110350.24,248.5,36856.98,15,1.54,0,0,Normal
0.316,TCP,20608,25,82,554.6,143915.19,259.49,45477.2,14,0.62,2,0,Normal
3.409,TCP,37664,80,3050,722.51,646422.85,894.69,2203655.5,111,0.64,32,1,Botnet
3.358,TCP,19942,53,13,826.27,3198.78,3.87,10741.51,13,0.53,0,0,Normal
0.067,TCP,45128,3389,1488,53.63,1191066.27,22208.96,79801.44,577,0.09,430,1,Port Scan
2.074,HTTP,23920,8080,33,754.44,12004.11,15.91,24896.52,12,3.62,1,0,Normal
0.919,TCP,2588,443,14959,66.42,1081149.92,16277.48,993576.78,329,0.32,80,1,DoS
4.694,HTTP,13630,6667,1288,1156.56,317351.79,274.39,1489649.28,40,2.41,39,1,Botnet
3.65,TCP,60469,443,100,689.18,18881.64,27.4,68918.0,2,0.35,0,0,Normal
2.121,ICMP,48929,22,19,719.84,6448.35,8.96,13676.96,7,0.16,0,0,Normal
0.856,HTTP,34992,8080,405,1964.94,929673.71,473.13,795800.7,24,0.66,20,1,Web Attack
2.095,ICMP,30066,53,30,500.45,7166.35,14.32,15013.5,3,2.39,0,0,Normal
1.025,UDP,57422,3000,21,792.64,16239.45,20.49,16645.44,10,1.86,0,0,Normal
0.915,TCP,17083,443,53,537.01,31105.5,57.92,28461.53,1,3.6,0,0,Normal
0.572,UDP,51292,80,18,212.56,6688.95,31.47,3826.08,2,6.81,0,0,Normal
1.716,HTTP,4689,22,73,634.55,26994.26,42.54,46322.15,14,1.85,0,0,Normal
0.616,HTTP,9910,8443,33,551.09,29522.68,53.57,18185.97,8,4.08,0,0,Normal
3.158,TCP,44685,23,4950,234.79,368021.06,1567.45,1162210.5,148,0.75,115,1,Brute Force
2.005,TCP,56809,443,59,701.03,20628.81,29.43,41360.77,8,0.05,0,0,Normal
0.793,TCP,60151,3000,22,565.61,15691.58,27.74,12443.42,2,1.78,0,0,Normal
4.924,UDP,8089,6667,2562,860.88,447923.35,520.31,2205574.56,92,1.11,5,1,Botnet
0.717,HTTP,37173,25,34,631.11,29927.11,47.42,21457.74,9,1.91,0,0,Normal
0.729,UDP,60278,25,25,40.0,1371.74,34.29,1000.0,13,0.86,0,0,Normal
1.82,TCP,10614,443,22285,47.82,585532.25,12244.51,1065668.7,390,0.31,48,1,DoS
0.011,UDP,8598,3000,19,416.61,158311.8,380.0,7915.59,2,0.73,0,0,Normal
1.583,TCP,41668,8443,77,799.27,38877.95,48.64,61543.79,13,7.56,0,0,Normal
1.768,UDP,39403,80,24279,64.89,891099.72,13732.47,1575464.31,304,0.15,224,1,DoS
7.9,UDP,9484,53,51,322.1,2079.38,6.46,16427.1,4,0.05,0,0,Normal
2.221,TCP,50319,8080,36,805.38,13054.34,16.21,28993.68,6,0.48,0,0,Normal
1.788,TCP,3479,443,32284,58.98,1064938.66,18055.93,1904110.32,327,0.01,231,1,DoS
3.642,TCP,2474,3306,4126,182.73,207013.72,1132.89,753943.98,119,2.35,26,1,Brute Force
3.829,TCP,51799,25,46,138.28,1661.24,12.01,6360.88,8,0.82,0,0,Normal
1.878,HTTP,4184,8080,1284,1309.15,895073.8,683.71,1680948.6,80,0.87,12,1,Web Attack
2.928,TCP,49655,443,38,197.3,2560.59,12.98,7497.4,10,1.84,0,0,Normal
2.316,HTTP,45954,8080,2177,2291.34,2153820.03,939.98,4988247.18,46,1.13,14,1,Web Attack
2.481,TCP,41706,3306,3488,216.2,303952.28,1405.88,754105.6,137,0.64,97,1,Brute Force
3.447,HTTP,33732,80,3014,1453.74,1271126.3,874.38,4381572.36,193,0.75,26,1,Botnet
2.448,TCP,21213,25,51,487.01,10146.04,20.83,24837.51,12,0.85,0,0,Normal
3.348,ICMP,19276,25,34,585.83,5949.29,10.16,19918.22,13,0.95,0,0,Normal
2.7,UDP,15089,53,47519,140.68,2475915.9,17599.63,6684972.92,331,0.08,435,1,DDoS
2.354,TCP,39700,8443,30,543.66,6928.55,12.74,16309.8,11,0.12,0,0,Normal
2.529,UDP,20613,8088,5853,1319.59,3053997.73,2314.35,7723560.27,167,2.13,16,1,Botnet
2.323,UDP,31786,3000,27,961.6,11176.58,11.62,25963.2,8,0.57,0,0,Normal
2.898,TCP,29017,80,47679,122.12,2009164.76,16452.38,5822559.48,706,0.4,362,1,DDoS
0.201,HTTP,59436,22,23,123.78,14163.88,114.43,2846.94,5,0.95,0,0,Normal
2.076,UDP,55584,443,32329,116.23,1810019.11,15572.74,3757599.67,689,0.1,194,1,DDoS
2.594,UDP,48206,8443,20,833.76,6428.37,7.71,16675.2,12,0.2,0,0,Normal
0.197,TCP,26996,3000,21,525.84,56054.01,106.6,11042.64,13,1.93,0,0,Normal
0.949,TCP,44942,53,24861,112.68,2951883.54,26197.05,2801337.48,865,0.69,204,1,DDoS
0.18,TCP,17033,21,1885,54.53,571050.28,10472.22,102789.05,476,0.1,491,1,Port Scan
0.053,UDP,6828,8080,52,681.2,668347.17,981.13,35422.4,4,0.64,0,0,Normal
0.478,HTTP,37167,8443,32,924.19,61870.46,66.95,29574.08,4,1.66,0,0,Normal
1.776,UDP,22142,3000,21,592.49,7005.79,11.82,12442.29,8,2.06,0,0,Normal
0.204,TCP,30442,8443,32,134.6,21113.73,156.86,4307.2,11,10.74,0,0,Normal
0.147,HTTP,46131,22,83,1007.39,568798.44,564.63,83613.37,15,0.22,0,0,Normal
0.156,TCP,10694,80,50,529.82,169814.1,320.51,26491.0,5,1.77,0,0,Normal
2.575,UDP,43304,80,40114,116.84,1820163.01,15578.25,4686919.76,841,0.19,236,1,DDoS
0.569,TCP,9687,25,3015,56.3,298320.74,5298.77,169744.5,575,0.05,385,1,Port Scan
0.125,UDP,52589,8080,49,438.8,172009.6,392.0,21501.2,8,9.03,0,0,Normal
1.153,TCP,64269,8443,62,984.92,52961.87,53.77,61065.04,2,1.32,0,0,Normal
2.133,TCP,65012,3389,2479,105.69,122834.28,1162.21,262005.51,115,1.08,26,1,Brute Force
3.449,TCP,49462,23,3513,153.89,156745.6,1018.56,540615.57,64,0.91,97,1,Brute Force
2.873,TCP,50999,443,42474,49.75,735496.52,14783.85,2113081.5,417,0.1,93,1,DDoS
0.317,TCP,11418,53,13,590.6,24220.19,41.01,7677.8,14,0.43,0,0,Normal
0.519,HTTP,52881,25,14,257.33,6941.46,26.97,3602.62,12,2.35,0,0,Normal
0.829,TCP,59110,21,3721,57.4,257642.22,4488.54,213585.4,358,0.02,229,1,Port Scan
0.844,TCP,27185,25,30,376.78,13392.65,35.55,11303.4,2,0.76,0,0,Normal
0.015,TCP,29211,3000,33,250.2,165132.0,660.0,8256.6,4,0.53,0,0,Normal
1.428,ICMP,40072,25,27,930.68,17596.89,18.91,25128.36,1,1.22,0,0,Normal
0.159,TCP,54593,53,26,551.43,90170.94,163.52,14337.18,3,0.19,0,0,Normal
0.647,UDP,24850,53,37,504.3,28839.41,57.19,18659.1,7,0.91,1,0,Normal
3.402,UDP,19270,53,41878,119.3,1468561.26,12309.82,4996045.4,707,0.18,154,1,DDoS
1.83,HTTP,13987,53,20,754.72,8248.31,10.93,15094.4,7,1.23,0,0,Normal
7.276,TCP,16480,3389,2216,274.57,83623.85,304.56,608447.12,61,1.69,58,1,Brute Force
1.371,TCP,63987,8080,18139,59.97,793432.41,13230.49,1087795.83,288,0.29,229,1,DoS
2.994,ICMP,57529,53,23,493.66,3792.31,7.68,11354.18,7,0.65,0,0,Normal
0.301,TCP,16048,8080,5728,63.91,1216200.93,19029.9,366076.48,165,0.41,98,1,DoS
1.361,HTTP,33965,443,255,1446.78,271071.93,187.36,368928.9,12,0.89,22,1,Web Attack
1.255,TCP,62387,8080,21,428.67,7172.96,16.73,9002.07,8,2.29,1,0,Normal
1.004,UDP,60642,3000,46,638.89,29271.85,45.82,29388.94,2,0.99,0,0,Normal
1.071,UDP,12285,443,9810,58.8,538588.24,9159.66,576828.0,184,0.45,168,1,DoS
2.939,UDP,62244,443,22690,177.27,1368579.89,7720.31,4022256.3,723,0.3,335,1,DDoS
2.409,TCP,64581,25,16,863.78,5737.02,6.64,13820.48,11,3.56,0,0,Normal
1.483,TCP,51057,21,3796,183.15,468804.72,2559.68,695237.4,108,3.44,75,1,Brute Force
2.601,HTTP,12210,8080,932,2596.31,930319.46,358.32,2419760.92,57,0.45,17,1,Web Attack
0.223,TCP,54693,80,24,1208.1,130019.73,107.62,28994.4,10,1.46,0,0,Normal
0.563,UDP,12538,25,36,913.71,58425.51,63.94,32893.56,7,1.8,0,0,Normal
1.3,TCP,2883,3000,25,917.53,17644.81,19.23,22938.25,14,4.2,0,0,Normal
0.01,TCP,31211,8080,57,212.14,241839.6,1140.0,12091.98,3,4.69,0,0,Normal
0.258,TCP,19642,53,42,40.0,6511.63,162.79,1680.0,4,4.92,0,0,Normal
0.7,TCP,28028,443,30,380.72,16316.57,42.86,11421.6,2,1.22,0,0,Normal
0.206,UDP,35443,53,10,450.23,21855.83,48.54,4502.3,3,2.88,0,0,Normal
3.79,TCP,26420,8443,45,950.47,11285.26,11.87,42771.15,1,0.76,0,0,Normal
2.191,UDP,44814,8443,31,1184.67,16761.65,14.15,36724.77,6,1.27,0,0,Normal
3.485,UDP,57932,53,23,611.49,4035.66,6.6,14064.27,2,3.73,0,0,Normal
2.786,TCP,2686,22,17,469.71,2866.14,6.1,7985.07,8,0.97,0,0,Normal
0.138,UDP,58055,8443,15,40.0,4347.83,108.7,600.0,8,2.83,0,0,Normal
0.274,UDP,14340,53,36,40.0,5255.47,131.39,1440.0,9,6.04,0,0,Normal
1.015,HTTP,45624,8080,50,427.37,21052.71,49.26,21368.5,4,2.08,0,0,Normal
0.518,UDP,28800,25,46,144.02,12789.42,88.8,6624.92,3,0.09,1,0,Normal
1.576,TCP,21444,80,28612,55.66,1010497.41,18154.82,1592543.92,346,0.32,47,1,DoS
0.543,TCP,39535,22,3374,43.64,271162.73,6213.63,147241.36,380,0.14,127,1,Port Scan
0.034,TCP,57898,443,55,1096.27,1205897.0,1100.0,60294.85,14,2.04,0,0,Normal
1.041,TCP,54721,443,17958,65.35,1127334.58,17250.72,1173555.3,192,0.19,177,1,DoS
2.024,UDP,18580,8080,50,739.89,18277.92,24.7,36994.5,9,0.23,0,0,Normal
0.577,TCP,8886,8080,7747,75.53,1014091.7,13426.34,585130.91,207,0.36,63,1,DoS
1.206,UDP,1809,8443,7,659.04,3825.27,5.8,4613.28,4,2.36,0,0,Normal
0.201,HTTP,57018,8443,24,708.23,84564.78,119.4,16997.52,6,1.92,1,0,Normal
0.473,TCP,23370,3000,39,504.53,41599.73,82.45,19676.67,13,2.67,0,0,Normal
2.65,HTTP,63307,8080,44,563.79,9361.04,16.6,24806.76,7,0.31,0,0,Normal
0.562,TCP,25020,1433,3914,58.95,410552.14,6964.41,230730.3,164,0.14,218,1,Port Scan
1.254,UDP,38476,53,37,677.72,19996.52,29.51,25075.64,2,0.41,1,0,Normal
0.069,TCP,16995,80,3977,52.64,3034047.54,57637.68,209349.28,517,0.03,199,1,Port Scan
0.841,TCP,36920,22,2175,57.86,149637.93,2586.21,125845.5,568,0.13,251,1,Port Scan
1.795,TCP,56628,8080,31075,43.07,745626.88,17311.98,1338400.25,104,0.5,103,1,DoS
0.786,UDP,38497,8443,63,635.78,50959.47,80.15,40054.14,4,2.83,0,0,Normal
0.429,TCP,21679,8080,32686,82.18,6261388.07,76191.14,2686135.48,194,0.06,145,1,DoS
0.132,HTTP,24700,3000,42,592.44,188503.64,318.18,24882.48,2,0.53,0,0,Normal
0.075,TCP,57323,8443,32,570.08,243234.13,426.67,18242.56,8,2.27,0,0,Normal
0.801,DNS,51435,80,7,598.85,5233.4,8.74,4191.95,4,2.93,0,0,Normal
0.84,TCP,61484,80,5453,64.64,419621.33,6491.67,352481.92,167,0.43,130,1,DoS
5.202,TCP,27289,8443,33,612.07,3882.8,6.34,20198.31,8,12.11,0,0,Normal
3.66,TCP,23875,21,988,161.24,43525.99,269.95,159305.12,82,3.0,109,1,Brute Force
2.195,UDP,10556,80,45089,71.84,1475714.7,20541.69,3239193.76,478,0.45,120,1,DDoS
1.275,HTTP,62563,443,31,498.36,12116.99,24.31,15449.16,12,1.88,0,0,Normal
0.205,TCP,7001,22,15,476.94,34898.05,73.17,7154.1,6,2.04,0,0,Normal
1.625,HTTP,26870,80,1470,1324.65,1198298.77,904.62,1947235.5,33,0.86,4,1,Web Attack
1.185,UDP,27213,8443,48,323.45,13101.77,40.51,15525.6,12,2.21,0,0,Normal
0.781,TCP,12222,8080,10031,65.57,842167.31,12843.79,657732.67,372,0.49,195,1,DoS
0.275,TCP,19643,53,50,41.33,7514.55,181.82,2066.5,14,3.52,0,0,Normal
0.229,ICMP,61713,80,25477,63.98,7117984.54,111253.28,1630018.46,357,0.03,159,1,DoS
0.559,TCP,9425,8080,7367,52.47,691496.4,13178.89,386546.49,174,0.02,238,1,DoS
1.766,UDP,6957,22,34,180.36,3472.39,19.25,6132.24,14,1.32,0,0,Normal
3.179,TCP,18820,23,2936,157.74,145682.49,923.56,463124.64,117,0.7,87,1,Brute Force
1.158,TCP,42276,25,18,491.93,7646.58,15.54,8854.74,14,0.95,0,0,Normal
2.897,TCP,62797,123,44321,104.24,1594760.46,15298.93,4620021.04,839,0.34,373,1,DDoS
0.252,TCP,46950,80,33183,78.47,10332817.5,131678.57,2603870.01,131,0.33,72,1,DoS
1.663,HTTP,31084,80,2233,1702.16,2285582.25,1342.75,3800923.28,60,0.78,14,1,Web Attack
0.711,ICMP,29117,443,29140,58.45,2395545.71,40984.53,1703233.0,103,0.1,162,1,DoS
0.759,TCP,61059,80,25969,55.27,1891049.58,34214.76,1435306.63,80,0.05,46,1,DoS
0.54,TCP,42840,8080,27,591.13,29556.5,50.0,15960.51,1,1.9,0,0,Normal
0.573,TCP,49631,53,25,864.29,37708.99,43.63,21607.25,2,0.34,0,0,Normal
0.593,UDP,52887,8088,1077,601.2,1091892.75,1816.19,647492.4,52,1.97,15,1,Botnet
0.572,TCP,5787,443,14020,69.6,1705930.07,24510.49,975792.0,188,0.34,55,1,DoS
0.419,TCP,33854,53,1205,42.65,122656.92,2875.89,51393.25,505,0.1,448,1,Port Scan
2.026,TCP,50371,3306,4586,215.86,488614.99,2263.57,989933.96,61,3.31,115,1,Brute Force
0.949,HTTP,19045,25,16,479.22,8079.58,16.86,7667.52,8,1.35,0,0,Normal
1.335,HTTP,22380,443,33,237.48,5870.29,24.72,7836.84,13,5.04,0,0,Normal
0.643,TCP,30081,80,29,299.17,13492.89,45.1,8675.93,6,1.34,0,0,Normal
2.659,TCP,32851,123,44081,152.86,2534118.71,16578.04,6738221.66,327,0.74,209,1,DDoS
1.33,DNS,6572,53,28,40.0,842.11,21.05,1120.0,11,0.97,0,0,Normal
5.12,TCP,62238,25,47,589.34,5409.96,9.18,27698.98,3,0.73,0,0,Normal
1.679,TCP,20834,80,7966,59.6,282771.65,4744.49,474773.6,194,0.39,117,1,DoS
0.853,TCP,32079,53,37,673.51,29214.38,43.38,24919.87,1,1.52,0,0,Normal
1.586,DNS,32778,25,29,666.61,12188.96,18.28,19331.69,3,2.64,0,0,Normal
0.581,TCP,34017,80,49,286.32,24147.47,84.34,14029.68,2,6.58,0,0,Normal
1.061,HTTP,62627,80,2062,2007.7,3901863.71,1943.45,4139877.4,58,1.11,6,1,Web Attack
0.645,HTTP,39326,8080,1616,1951.74,4889940.84,2505.43,3154011.84,49,1.78,7,1,Web Attack
1.016,UDP,62514,80,25735,66.61,1687212.94,25329.72,1714208.35,102,0.13,151,1,DoS
1.757,UDP,23886,3000,67,412.08,15713.92,38.13,27609.36,14,1.01,0,0,Normal
0.176,UDP,41771,25,43,729.08,178127.5,244.32,31350.44,15,1.49,1,0,Normal
1.257,TCP,11532,25,80,480.78,30598.57,63.64,38462.4,9,1.17,0,0,Normal
0.262,TCP,63841,8443,69,649.16,170961.98,263.36,44792.04,3,0.29,0,0,Normal
0.239,TCP,41426,3000,20,595.12,49800.84,83.68,11902.4,9,13.13,0,0,Normal
2.841,HTTP,45819,25,31,670.15,7312.44,10.91,20774.65,5,3.78,0,0,Normal
0.897,TCP,5403,8080,24637,81.75,2245345.32,27466.0,2014074.75,174,0.24,179,1,DoS
1.586,TCP,3446,8080,69,878.97,38240.18,43.51,60648.93,7,0.28,0,0,Normal
0.256,HTTP,23135,8443,11,492.65,21168.55,42.97,5419.15,11,1.02,0,0,Normal
4.326,TCP,55403,3389,2094,238.11,115257.13,484.05,498602.34,78,2.64,29,1,Brute Force
1.715,HTTP,20819,53,56,825.43,26952.82,32.65,46224.08,5,2.59,0,0,Normal
0.216,TCP,47069,3000,14,345.42,22388.33,64.81,4835.88,8,3.08,0,0,Normal
0.44,HTTP,63761,22,21,475.08,22674.27,47.73,9976.68,13,3.66,0,0,Normal
0.284,TCP,46283,445,3261,39.55,454128.7,11482.39,128972.55,181,0.13,256,1,Port Scan
2.188,TCP,29244,53,44,668.0,13433.27,20.11,29392.0,5,1.96,0,0,Normal
1.547,TCP,16876,53,21,389.82,5291.67,13.57,8186.22,8,2.35,0,0,Normal
0.097,UDP,46128,443,25,696.54,179520.62,257.73,17413.5,7,0.46,0,0,Normal
1.141,TCP,49059,80,46,375.99,15158.23,40.32,17295.54,14,4.24,0,0,Normal
2.465,HTTP,7558,3000,27,341.61,3741.77,10.95,9223.47,1,0.44,0,0,Normal
0.387,TCP,47589,25,2915,48.58,365919.12,7532.3,141610.7,508,0.15,105,1,Port Scan
0.598,UDP,6792,3000,31,650.87,33740.75,51.84,20176.97,8,0.29,0,0,Normal
0.527,TCP,15377,8080,2034,33.96,131071.42,3859.58,69074.64,217,0.05,166,1,Port Scan
3.63,TCP,28069,8443,34,632.96,5928.55,9.37,21520.64,9,1.44,0,0,Normal
0.183,TCP,7119,8443,19,264.11,27421.26,103.83,5018.09,11,0.26,0,0,Normal
2.8,TCP,11458,80,16542,87.86,519064.33,5907.86,1453380.12,602,0.05,427,1,DDoS
0.061,TCP,38054,8080,10,40.0,6557.38,163.93,400.0,7,2.12,0,0,Normal
1.681,UDP,16499,8443,58,797.74,27524.64,34.5,46268.92,4,3.22,0,0,Normal
1.678,TCP,8274,25,28,277.24,4626.17,16.69,7762.72,3,1.1,0,0,Normal
0.41,TCP,49040,443,20,561.62,27396.1,48.78,11232.4,11,0.48,0,0,Normal
0.031,HTTP,59985,80,63,393.98,496414.8,1260.0,24820.74,13,0.76,0,0,Normal
0.93,UDP,61129,8080,13071,67.11,943220.23,14054.84,877194.81,248,0.35,145,1,DoS
0.24,ICMP,26195,8443,65,862.88,233696.67,270.83,56087.2,15,3.48,0,0,Normal
3.283,TCP,29202,23,2664,209.91,170332.09,811.45,559200.24,117,1.58,66,1,Brute Force
1.719,TCP,59346,53,68,268.41,10617.73,39.56,18251.88,11,1.29,0,0,Normal
0.724,HTTP,58876,6667,6857,618.89,5861503.77,9470.99,4243728.73,94,0.35,35,1,Botnet
0.109,UDP,23642,8080,10,235.66,21620.18,91.74,2356.6,9,3.21,0,0,Normal
1.619,TCP,15242,22,131,398.17,32217.58,80.91,52160.27,10,2.43,0,0,Normal
1.419,UDP,26030,25,30,738.03,15603.17,21.14,22140.9,14,0.84,0,0,Normal
1.116,TCP,21437,8080,28321,54.75,1389403.9,25377.24,1550574.75,357,0.29,249,1,DoS
0.529,TCP,34350,445,3291,52.74,328104.61,6221.17,173567.34,395,0.09,188,1,Port Scan
6.986,TCP,11654,3389,3224,53.71,24786.87,461.49,173161.04,102,3.36,35,1,Brute Force
1.236,TCP,60708,80,36,1034.73,30137.77,29.13,37250.28,14,0.6,0,0,Normal
0.82,TCP,59813,443,42,363.14,18599.85,51.22,15251.88,7,1.46,0,0,Normal
0.982,TCP,47042,8443,13,603.76,7992.75,13.24,7848.88,6,3.38,0,0,Normal
2.728,HTTP,51882,53,62,634.69,14424.77,22.73,39350.78,14,0.06,0,0,Normal
1.919,HTTP,19929,25,56,590.99,17246.19,29.18,33095.44,10,2.92,0,0,Normal
0.032,DNS,7576,443,48,581.52,558259.2,960.0,27912.96,9,1.23,0,0,Normal
3.063,UDP,8886,80,41949,81.66,1118366.09,13695.4,3425555.34,315,0.33,326,1,DDoS
0.945,HTTP,15128,53,40,351.36,14872.38,42.33,14054.4,10,4.45,0,0,Normal
3.432,HTTP,17062,80,45,562.91,7380.81,13.11,25330.95,7,1.14,0,0,Normal
0.271,DNS,19739,3000,18,655.9,43565.31,66.42,11806.2,4,2.39,0,0,Normal
0.655,TCP,64763,443,6587,1496.22,15046719.3,10056.49,9855601.14,112,1.87,36,1,Botnet
2.438,UDP,61984,80,26275,86.83,935790.91,10777.28,2281458.25,632,0.76,143,1,DDoS
1.409,TCP,43896,8088,5603,967.98,3849249.07,3976.58,5423591.94,103,1.22,9,1,Botnet
0.016,TCP,1715,80,8,1078.09,172494.4,160.0,8624.72,9,0.19,0,0,Normal
1.406,HTTP,64229,25,16,585.7,6665.15,11.38,9371.2,9,0.69,0,0,Normal
0.616,TCP,34667,53,23,697.14,26029.58,37.34,16034.22,14,3.3,0,0,Normal
0.167,UDP,34954,80,16,263.4,25235.93,95.81,4214.4,12,0.28,0,0,Normal
3.08,UDP,7398,3000,21,645.66,4402.23,6.82,13558.86,5,2.24,0,0,Normal
2.807,UDP,5818,53,34742,187.4,2319433.84,12376.91,6510650.8,255,0.47,312,1,DDoS
3.057,TCP,47319,21,1959,122.75,78661.19,640.82,240467.25,138,3.54,110,1,Brute Force
1.237,TCP,18800,443,16223,54.45,714100.53,13114.79,883342.35,384,0.47,161,1,DoS
2.526,TCP,8774,80,2350,1845.72,1717118.76,930.32,4337442.0,30,1.79,14,1,Web Attack
0.135,UDP,16261,443,59,589.28,257537.19,437.04,34767.52,5,2.46,0,0,Normal
1.074,TCP,28342,25,111,767.89,79362.93,103.35,85235.79,12,2.82,0,0,Normal
0.141,TCP,56573,8080,1456,42.26,436386.95,10326.24,61530.56,390,0.07,190,1,Port Scan
0.416,DNS,17570,3000,18,631.53,27325.82,43.27,11367.54,2,1.37,0,0,Normal
4.718,UDP,51892,443,1072,1118.26,254085.36,227.21,1198774.72,161,1.08,36,1,Botnet
4.133,UDP,46115,22,50,698.14,8445.92,12.1,34907.0,5,1.58,0,0,Normal
2.097,TCP,49028,80,45628,128.04,2785984.32,21758.7,5842209.12,735,0.28,413,1,DDoS
0.537,TCP,48348,8443,30,869.07,48551.4,55.87,26072.1,1,10.11,0,0,Normal
1.818,TCP,59305,80,6014,56.45,186738.34,3308.03,339490.3,303,0.23,133,1,DoS
0.187,TCP,20308,8080,33,770.29,135933.53,176.47,25419.57,2,0.4,0,0,Normal
1.652,TCP,3516,8443,99,738.4,44250.36,59.93,73101.6,3,2.39,0,0,Normal
0.447,TCP,37458,53,16938,65.94,2498639.19,37892.62,1116891.72,473,0.13,293,1,DDoS
1.731,UDP,64155,25,34,611.87,12018.24,19.64,20803.58,15,2.9,0,0,Normal
2.019,UDP,63349,8080,44,513.78,11196.79,21.79,22606.32,7,0.29,0,0,Normal
1.129,UDP,64772,22,35,1052.66,32633.39,31.0,36843.1,12,0.47,0,0,Normal
2.768,HTTP,6637,3000,13,847.68,3981.16,4.7,11019.84,14,3.24,0,0,Normal
2.023,TCP,7686,443,54373,175.96,4729349.03,26877.41,9567473.08,255,0.19,316,1,DDoS
0.872,TCP,27952,25,49,581.54,32678.28,56.19,28495.46,7,1.64,0,0,Normal
0.064,TCP,48352,80,28,789.38,345353.75,437.5,22102.64,2,0.21,0,0,Normal
0.517,UDP,2782,80,8,738.52,11427.78,15.47,5908.16,3,2.22,0,0,Normal
2.982,HTTP,24546,8080,15,300.39,1511.02,5.03,4505.85,11,0.05,0,0,Normal
2.515,HTTP,58474,25,33,182.59,2395.81,13.12,6025.47,14,1.28,0,0,Normal
0.152,UDP,3660,25,106,70.34,49052.89,697.37,7456.04,9,0.11,0,0,Normal
2.176,TCP,40093,53,9,500.23,2068.97,4.14,4502.07,11,5.44,0,0,Normal
2.48,UDP,8670,53,30,770.91,9325.52,12.1,23127.3,1,2.24,1,0,Normal
0.822,HTTP,16562,80,31,604.17,22785.0,37.71,18729.27,4,0.88,0,0,Normal
2.877,HTTP,34674,22,36,168.75,2111.57,12.51,6075.0,13,1.43,0,0,Normal
2.653,HTTP,62018,53,41,604.5,9342.07,15.45,24784.5,9,2.27,0,0,Normal
0.104,UDP,14154,3000,30,744.78,214840.38,288.46,22343.4,8,0.9,0,0,Normal
0.684,TCP,61309,22,32,501.76,23474.15,46.78,16056.32,13,0.32,0,0,Normal
0.627,TCP,29164,8080,24,58.93,2255.69,38.28,1414.32,13,0.34,0,0,Normal
2.306,TCP,59095,443,21155,84.16,772074.93,9173.89,1780404.8,629,0.68,323,1,DDoS
0.158,TCP,65331,443,7737,62.26,3048769.75,48968.35,481705.62,247,0.41,77,1,DoS
2.155,TCP,21608,443,28,590.65,7674.34,12.99,16538.2,15,1.4,0,0,Normal
0.663,UDP,27253,8080,16,308.41,7442.78,24.13,4934.56,8,0.42,0,0,Normal
0.801,DNS,37699,443,35,812.22,35490.26,43.7,28427.7,4,1.65,0,0,Normal
0.133,UDP,33199,3000,44,509.98,168715.19,330.83,22439.12,8,0.12,0,0,Normal
2.365,TCP,5393,22,2951,96.57,120498.13,1247.78,284978.07,98,1.06,32,1,Brute Force
0.788,HTTP,40613,22,23,608.56,17762.54,29.19,13996.88,12,0.14,0,0,Normal
0.401,DNS,27350,8443,20,344.77,17195.51,49.88,6895.4,13,4.26,0,0,Normal
1.185,TCP,18525,53,26,913.35,20039.75,21.94,23747.1,15,3.34,0,0,Normal
2.68,HTTP,58944,22,44,624.81,10258.07,16.42,27491.64,1,1.06,0,0,Normal
0.037,UDP,19427,22,49,178.99,175410.2,980.0,8770.51,3,0.36,0,0,Normal
0.425,TCP,48654,53,43,256.46,25947.72,101.18,11027.78,11,0.21,0,0,Normal
1.759,HTTP,12892,8443,38,385.24,8322.41,21.6,14639.12,8,0.7,2,0,Normal
0.699,HTTP,19982,3000,116,1092.19,181250.41,165.95,126694.04,12,1.82,0,0,Normal
0.166,TCP,28695,22,26,612.67,95960.36,156.63,15929.42,9,1.1,0,0,Normal
3.614,HTTP,14272,53,17,814.62,3831.91,4.7,13848.54,3,3.81,0,0,Normal
0.782,TCP,41496,8443,37,486.93,23038.89,47.31,18016.41,14,1.09,0,0,Normal
0.736,HTTP,15733,6667,7947,1239.72,13385944.08,10797.55,9852054.84,56,1.37,10,1,Botnet
0.846,TCP,22446,123,31555,95.81,3573622.4,37299.05,3023284.55,468,0.02,162,1,DDoS
1.321,TCP,47877,443,14754,44.14,492991.34,11168.81,651241.56,198,0.32,127,1,DoS
4.228,TCP,37967,21,2736,176.14,113982.74,647.11,481919.04,93,3.34,67,1,Brute Force
0.634,TCP,9659,22,38,492.99,29548.3,59.94,18733.62,11,0.9,0,0,Normal
0.377,TCP,44157,443,12,422.43,13446.05,31.83,5069.16,7,4.87,0,0,Normal
0.322,UDP,42953,80,46,567.92,81131.43,142.86,26124.32,3,1.3,1,0,Normal
0.072,DNS,42129,53,97,847.64,1141959.44,1347.22,82221.08,14,2.15,0,0,Normal
7.741,HTTP,28361,3000,46,649.26,3858.15,5.94,29865.96,2,4.85,0,0,Normal
1.903,TCP,63760,80,39,470.38,9639.95,20.49,18344.82,13,4.21,0,0,Normal
3.488,ICMP,48030,8443,18,793.83,4096.6,5.16,14288.94,5,2.02,0,0,Normal
0.774,TCP,7239,80,12,40.0,620.16,15.5,480.0,7,1.12,0,0,Normal
0.547,TCP,28391,80,28789,62.66,3297840.48,52630.71,1803918.74,298,0.02,170,1,DoS
0.39,TCP,5031,1433,3177,62.27,507261.0,8146.15,197831.79,245,0.08,438,1,Port Scan
2.075,UDP,31524,25,38,892.43,16343.3,18.31,33912.34,3,0.39,0,0,Normal
0.327,TCP,36181,8080,51,409.48,63863.85,155.96,20883.48,4,0.94,0,0,Normal
2.97,UDP,4613,123,53959,151.54,2753180.76,18168.01,8176946.86,837,0.06,438,1,DDoS
3.679,HTTP,64819,53,32,285.92,2486.94,8.7,9149.44,8,0.97,1,0,Normal
